Year	Aruba	Africa Eastern and Southern	Afghanistan	Africa Western and Central	Angola	Albania	Andorra	Arab World	United Arab Emirates	Argentina	Armenia	American Samoa	Antigua and Barbuda	Australia	Austria	Azerbaijan	Burundi	Belgium	Benin	Burkina Faso	Bangladesh	Bulgaria	Bahrain	"Bahamas, The"	Bosnia and Herzegovina	Belarus	Belize	Bermuda	Bolivia	Brazil	Barbados	Brunei Darussalam	Bhutan	Botswana	Central African Republic	Canada	Central Europe and the Baltics	Switzerland	Channel Islands	Chile	China	Cote d'Ivoire	Cameroon	"Congo, Dem. Rep."	"Congo, Rep."	Colombia	Comoros	Cabo Verde	Costa Rica	Caribbean small states	Cuba	Curacao	Cayman Islands	Cyprus	Czechia	Germany	Djibouti	Dominica	Denmark	Dominican Republic	Algeria	East Asia & Pacific (excluding high income)	Early-demographic dividend	East Asia & Pacific	Europe & Central Asia (excluding high income)	Europe & Central Asia	Ecuador	"Egypt, Arab Rep."	Euro area	Eritrea	Spain	Estonia	Ethiopia	European Union	Fragile and conflict affected situations	Finland	Fiji	France	Faroe Islands	"Micronesia, Fed. Sts."	Gabon	United Kingdom	Georgia	Ghana	Gibraltar	Guinea	"Gambia, The"	Guinea-Bissau	Equatorial Guinea	Greece	Grenada	Greenland	Guatemala	Guam	Guyana	High income	"Hong Kong SAR, China"	Honduras	Heavily indebted poor countries (HIPC)	Croatia	Haiti	Hungary	IBRD only	IDA & IBRD total	IDA total	IDA blend	Indonesia	IDA only	Isle of Man	India	Not classified	Ireland	"Iran, Islamic Rep."	Iraq	Iceland	Israel	Italy	Jamaica	Jordan	Japan	Kazakhstan	Kenya	Kyrgyz Republic	Cambodia	Kiribati	St. Kitts and Nevis	Korea	Kuwait	Latin America & Caribbean (excluding high income)	Lao PDR	Lebanon	Liberia	Libya	St. Lucia	Latin America & Caribbean	Least developed countries: UN classification	Low income	Liechtenstein	Sri Lanka	Lower middle income	Low & middle income	Lesotho	Late-demographic dividend	Lithuania	Luxembourg	Latvia	"Macao SAR, China"	St. Martin (French part)	Morocco	Monaco	Moldova	Madagascar	Maldives	"Middle East, North Africa, Afghanistan & Pakistan"	Mexico	Marshall Islands	Middle income	North Macedonia	Mali	Malta	Myanmar	"Middle East, North Africa, Afghanistan & Pakistan (excluding high income)"	Montenegro	Mongolia	Northern Mariana Islands	Mozambique	Mauritania	Mauritius	Malawi	Malaysia	North America	Namibia	New Caledonia	Niger	Nigeria	Nicaragua	Netherlands	Norway	Nepal	Nauru	New Zealand	OECD members	Oman	Other small states	Pakistan	Panama	Peru	Philippines	Palau	Papua New Guinea	Poland	Pre-demographic dividend	Puerto Rico (US)	"Korea, Dem. People's Rep."	Portugal	Paraguay	West Bank and Gaza	Pacific island small states	Post-demographic dividend	French Polynesia	Qatar	Romania	Russian Federation	Rwanda	South Asia	Saudi Arabia	Sudan	Senegal	Singapore	Solomon Islands	Sierra Leone	El Salvador	San Marino	"Somalia, Fed. Rep."	Serbia	Sub-Saharan Africa (excluding high income)	South Sudan	Sub-Saharan Africa	Small states	Sao Tome and Principe	Suriname	Slovak Republic	Slovenia	Sweden	Eswatini	Sint Maarten (Dutch part)	Seychelles	Syrian Arab Republic	Turks and Caicos Islands	Chad	East Asia & Pacific (IDA & IBRD countries)	Europe & Central Asia (IDA & IBRD countries)	Togo	Thailand	Tajikistan	Turkmenistan	Latin America & the Caribbean (IDA & IBRD countries)	Timor-Leste	"Middle East, North Africa, Afghanistan & Pakistan (IDA & IBRD)"	Tonga	South Asia (IDA & IBRD)	Sub-Saharan Africa (IDA & IBRD countries)	Trinidad and Tobago	Tunisia	Turkiye	Tuvalu	Tanzania	Uganda	Ukraine	Upper middle income	Uruguay	United States	Uzbekistan	St. Vincent and the Grenadines	"Venezuela, RB"	British Virgin Islands	Virgin Islands (U.S.)	Viet Nam	Vanuatu	World	Samoa	Kosovo	"Yemen, Rep."	South Africa	Zambia	Zimbabwe
1960		24205688712		11904805742						15865474315				18635682982	6624086313		195999990	11810619368	226195578.4	330442815.8	4274894083			169736027.2			28072478.07	72400000	377020202	17030465539	80021846.95			30411413.66	112155598.5	40563768947		10412232621		4211103677	59846235025	546203559.3	614206068.5	3359404118	131731862.8	4031152977			507513830	1165303060						84619845881			6361166545	672399700	2723615451	80886065110	1.45E+11	1.57E+11		4.27E+11	2069464937	4206270352	2.52E+11		12424514014		1610511694	2.85E+11	34029503593	5279481824	112328422.1	61959085885			141468977.8	73233967692		1217230095						4274890307			1043599900		170216241.1	1.09E+12	1320796652	475650000	21923722128		273187200		3.06E+11	3.52E+11	43419063136	12401501562		32210089126		37029883876		1998550222	4199134390	1537252193	260984498.8	3070585807	42012422612	699064380.4		47419238274		791265459.5				12366635.75	3973069307		61872048054			190495600	401644248.9		79218932628	28083812111			1409873950	85718645235	2.66E+11	34579986.17	1.84E+11		709941874				2037154742			673081724.8		29024394855	13040000000		2.54E+11				545098447.6	21951472906						162089563.8		1916229477	5.83E+11			449526873.3	4196174502	227223322.1	13282979015	5197398721	508334414		5536098360	1.06E+12	44234656.45		3749265015	537147100	2571986572	7515894111		230496036.9		24364156194	1691900000		3339150158	288884368			1.04E+12					119000024	43270012739	1748124064	1126364162	1003692370	704751700.3		322009961.5			180459936.8		34318581555		35992821735			99650000			15930075467	35076845.97		12012024.62	857704413.4		313582728.1	80803222393		171057069.1	2760750861			74399051116		21778972839		43270012739	35992821735	535673252.5		7566666667		2651729807	423145605		1.68E+11	1242289239	5.42E+11		13066634	7663938303					1.37E+12				8748596501	698739720.8	1053528036
1961		24958886027		12707719291				19998438485		20132220375				19713123154	7346566038		202999992	12561701694	235668220.5	350247234.3	4817580375			190022030.4			29964999.97	76500000	410101010.1	17275940449	85363759.34			32902612.87	123134583.5	41038192838		11713348834		4948564551	50162299350	618245634.2	652777608.3	3086746857	151675738.9	4540447761			490325181.6	1272022469						96558204043			7058361229	654100200	2434747056	71247395333	1.58E+11	1.59E+11		4.70E+11	1753850955	4494575611	2.80E+11		14238126760		1680859514	3.17E+11	35534363197	5984433774	116987784.9	67158050215			167637907.1	77741965703		1302674325						4892397431			1076699900		185849535.4	1.17E+12	1383681651	503300000	22627709232		271066000		3.10E+11	3.58E+11	45877820664	13314688265		33770973574		39232435784		2151772980	4426949095	1671960965	266711460.2	3708586471	46649487320	748043500.8		57266758180		792959472.8				12483302.13	2427244761		68537433096			183920900	443905612		87692579907	29364630537			1444327731	91375597712	2.69E+11	35699985.72	1.71E+11		710163719.4				2025693540			699161944.6		30987037285	14160000000		2.58E+11				605581577.3	22897686862					159213430.2	191757729.5		1901856123	6.03E+11			485785231	4467287893	244144236.7	14599836396	5669689210	531959561.6		5721994864	1.13E+12	45634487.35		4118647627	599026300	2897852693	8171194425		244832039.2		25256725916	1865100000		3573719085	322053713.2			1.10E+12					122000016	46076379864	1920811284	1222860429	1058975257	764629788.1		327834190.6			191659914.4		35775152382		37521652880			107700000			17329620585	43026042.79		11592023.76	945244972.1		333975336.1	71174424447		178497098.3	3034037811			82362832266		22717751213		46076379864	37521652880	584964620.9	866155428.6	7988888889		2826179031	441667334.6		1.66E+11	1547388781	5.62E+11		13999965	8067267031					1.44E+12				9225996310	682359727.3	1097206526
1962		27073233857		13630588814				20329047307		18337691145				19953923193	7793042529		213500006	13436827167	236434954	379567099.2	5081413542			212170033.9			31857591.86	80700000	448400673.4	19231747852	88782583.46			35644956.64	124482773.8	42336211556		12989649694		5765971144	47310737754	645284473.7	694247864.4	3779841429	166521239.7	4955543963			479180824.3	1356047350						1.06E+11			7953274741	824100000	2001444544	64989160573	1.59E+11	1.62E+11		5.13E+11	1518207703	4035462027	3.10E+11		16609632791		1747566307	3.50E+11	39268957405	6407796043	122906435	75196980365			182796536.3	81247564157		1382515654					37253333.33	5140542929			1143600000		194949512.6	1.26E+12	1612346412	532450000	24599541749		281896800		3.14E+11	3.66E+11	49352987755	14222416056		36454084444		42161481858		2329372972	4693566416	1784174541	299309938.1	2966154031	52413872628	777727688.9		64987857542		868111400.8				12541635.31	2826923077	1828107503	70838147780			191861800	619725784.9		92148671651	31794976805			1434156379	92791537815	2.74E+11	41859983.26	1.74E+11		747846862.2				2379611125			739286907.6		30832534298	15200000000		2.61E+11				634528872	23311084905					164271557.5	197738207.9		2001489602	6.46E+11			531736599.3	4909399176	269283803.7	15847582341	6107076929	574091101.2		6133158532	1.22E+12	56273202.2		4310163797	652120900	3284322201	4954593072		261184041.8		27666238152	2094400000		3835883663	360698412.7			1.19E+12					125000008	49304727903	2130606532	1328259625	1085475791	826239211.8		342721416.5			203531927.5		38743773907		40553510690			116150000			18794066990	45927961.63		12642025.92	1110565881		357635713.4	64922599309		186745757.9	3308912797			86399815745		23127900672		49304727903	40553510690	619322810	880027733.3	8922222222		3101589993	449158233.4		1.67E+11	1710004407	6.04E+11		14524963.69	8814309884					1.54E+12				9813996074	679279728.6	1118172226
1963		31769135009		14468913698				22364472061		18272123664				21573443452	8414050621		232749998	14445805381	253927697.3	394040667.1	5319458563			237650038			33750113.75	82600000	482828282.8	23287712878	99893761.27			38091842.85	129379123.8	45140337827		14283872299		5702520146	50812227919	761047198	718320845	6213185743	172233430.7	4836166667			511902136.8	1447988752						1.12E+11			8466044980	940799900	2702982018	70288432261	1.76E+11	1.81E+11		5.61E+11	1824343871	4187146232	3.41E+11		19631714760		1825058828	3.85E+11	44880094682	6958916548	129454728.6	84227606650			154480244.1	86561961812		1540797589					44266666.67	5813285627			1262800000		175757893.9	1.36E+12	1935298266	553500000	28893534516		294883400		3.46E+11	4.04E+11	54556943165	15145197245		41013144249		48421923459		2505073358	4928628018	1805901510	357240895.7	3535949089	60035924618	826706669.3		74379284603		926589349.4				12833301.25	4007692308	1900895857	77852261014			200229600	892327910.7		1.00E+11	36519313158			1240672269	1.03E+11	3.04E+11	47039981.18	1.90E+11		797902154.2				2657252578			759345863.7		33981027252	16960000000		2.87E+11				598998418.7	25680699750					168186297.3	253839557.9		2510110348	6.82E+11			586294878.7	5165590254	297324163.1	17193744109	6553269536	496947904.4		6699741645	1.32E+12	59912762.54		4630827383	722784500	3598272493	5505023238		275968044.2		31983402735	2333600000		4084251593	383904761.9			1.29E+12					128000000	55539363102	2207393172	1351234926	1122139862	917608012.5		348547278.8			216145935.9		44252709651		46127211026			125950000			20342131882	54129438.35		13923028.54	1200447408		371767002.2	70216443535		202305865.2	3540403457			93844819441		25478894502		55539363102	46127211026	678239329.4	1026737600	10355555556		3456579293	516315231.4		1.84E+11	1539681491	6.37E+11		13708299.06	9608717288					1.67E+12				10854195658	704339718.5	1160103724
1964		30279553207		15803564796				24813307354		25605249382				23835843814	9213648656		260750008	16168044450	269819005.9	410321645	5386054833			266560042.6			36194586.19	92200000	544023569	20963733695	99252731.45			41616347.79	142025078.7	49503663836		15833133858		6065708668	59821862703	921063326.6	776650176.9	2881545273	185693724.9	5973366667			542578367.2	1546223258						1.23E+11			9677401337	1025599900	2909316435	81184317666	2.02E+11	2.08E+11		6.20E+11	2244146103	4709245762	3.78E+11		21966876027		1984129186	4.27E+11	40614223625	7848987793	140032741.5	93424179943			215679855.3	94407558351		1731296200					51915000	6576906345			1299099900		194774513.1	1.48E+12	2206466461	591100000	26878565172		325281200		3.93E+11	4.49E+11	53949854635	16626632979		38511156901		56480289941		2851091646	5379845648	2136408198	456206298.8	4024344853	65720771779	897949000.8		87490590818		998759334.5				13416633.13	3476789682	2071668533	89267114390			218929100	1341395421		1.11E+11	33150184767			1309747899	1.15E+11	3.40E+11	51939979.22	2.08E+11		910877686.3				2798345299			802482183.7		37876511285	20080000000		3.27E+11				411419905.8	28686249644					224495743.9	218914569.2		2674423922	7.34E+11			582816396.4	5552931319	347119918.2	20232048553	7206522122	496098775.3		7340766415	1.44E+12	61872525.8		5204955901	776137500	4353664867	5953756195		305312048.8		30268695832	2570500000		4429202657	408349206.3			1.40E+12					129999994	63741466509	2371808713	1388282600	1188930645	894153311.4		371847461.4			229529912.7		43834461491		45891005946			134400000			22685490195	64980554.01		15393031.56	1339494267		392247517.7	81101169481		234572186.5	3889129942			1.04E+11		28460826047		63741466509	45891005946	711897520.3	1025866792	11177777778		3748840925	589247687.3		2.11E+11	1975701816	6.84E+11		14758296.44	8192413793					1.83E+12				11955995218	822639671.3	1217759447
1965		33806176717		16920876930				26771102387		28344705967				26014244162	10041659445		158994963	17597783297	289908680.4	422916789.7	5906636792			300272048			40110040.11	98000000	604377104.4	22465522884	105021996.9	114039500.6		45788696.33	150574795.4	54649410479		16780226225		6183988944	70565994356	919771228.8	814083265.5	4043901818	198318064	5760761905			592981162.3	1658476311						1.35E+11			10870670865	888100000	3136284307	94594887800	2.19E+11	2.31E+11		6.77E+11	2387047396	4948667540	4.13E+11		25479619607		2159998591	4.67E+11	44620716060	8680393839	147084750	1.01E+11	57954522.42		226474285.8	1.02E+11		2053462968					64748333.33	7582209670			1331399900		213235294.1	1.61E+12	2435078534	651050000	30407034660		353251800		4.30E+11	4.93E+11	60415096599	17977186458		43922137299		59556105229		3035655794	6197319929	2335785506	550150988	4329084429	70717012186	972159611.1	599759760.1	97338107606		997919320.8				13593932.32	3141131708	2097199161	96773648115			229260800	1804979680		1.20E+11	37295152842			1698319328	1.24E+11	3.76E+11	54879978.05	2.33E+11		929477284.8				2948331090			833563473		41652574542	21840000000		3.60E+11				367053117.2	31805270075					255340475	230024160.5		2956337669	7.97E+11		159594492.5	673383510.8	5874537650	564290020.4	22721869808	8111945661	735267082.3		5706251400	1.57E+12	63279974.69		5929231415	852485300	5163008077	6517349772		344176055.1		33350877902	2881500000		4901711248	443587301.6			1.53E+12	176534588.4				148799980	67970199333	2647955558	1446869619	1210058228	974644096.1		359379856.2	877720000		243725898		48308630395		50543636348			154150000			24963947415	70279971.89		15603031.99	1472036540		416926303.3	94498004640		264505506	4388937649			1.12E+11		31555336449		67970199333	50543636348	736573158.6	991047619	11966666667		3817226546	884502310		2.36E+11	1890767156	7.42E+11		15108295.56	8427777778					2.00E+12				13068994772	1061199576	1312105394
1966		36927249593		18033947667				28351046183		28630474728				27349284376	10939526219		165444571.4	18894891312	302925235.2	433889766.2	6439687854			346800000			44450044.45	115000000	669191919.2	28283323733	113195122.8	132757528		51465655.39	157930018.1	61252415405		18019402374		7256882086	76854053259	1024102880	851112534.6	4532660182	220613582	5428518519			647305630.2	1763304085						1.43E+11			11931740293	983900000	3039859187	1.03E+11	2.17E+11	2.59E+11		7.32E+11	2429308639	5278005612	4.47E+11		29559436183		2324466416	5.06E+11	47607568997	9306142172	150603925.5	1.09E+11	64397131.08		245849781.3	1.09E+11		2126300672			44212081.35		69110000	8472021467			1390700000		228705882.4	1.76E+12	2489845017	692150000	32971073893		368948600		4.45E+11	5.13E+11	65247708355	19605545864		47199466538		45581230504		3198820904	6789938672	2530306096	660663763.3	4703300098	76622444787	1096759561	657999736.8	1.13E+11		1164519674				14469078.18	3957064541	2391199044	1.07E+11			244459500	2312438536		1.32E+11	40642209234			1751470588	1.13E+11	3.90E+11	56699977.32	2.60E+11		976717015.5				2876401297			900264584.6		44827741482	24320000000		3.73E+11				293103478.5	33969222899					266533605.2	227534083.5		3143517944	8.74E+11		164206536.4	702296078.6	6366917453	607140010.5	24741480717	8753940267	906811943.8		5917437693	1.71E+12	67759972.9		6561108778	928833000	6109048737	7189017888		390992062.6		36463686476	3170500000		5370108031	465888888.9			1.67E+12	215659453.6				124525702.9	54738691617	2920555557	1484491676	1246908186	1096425608		375479849.8	929520000		257375897		52377020048		54780137859			190350000			27154716721	76859969.26		16443033.71	1342287553		432794921.7	1.03E+11		305227594.8	5279230817			1.23E+11		33702284400		54738691617	54780137859	723739857.3	1040952381	14100000000		4377998825	925381492.4		2.60E+11	1809185094	8.13E+11		16099959.75	8781333333					2.16E+12				14211394315	1238999505	1282403936
1967		38444163574		16493541544				30600869635		24256667553				30487524878	11634569522		178297142.9	20252508995	306221953.1	450753923.5	7253575688			398000000			47431255.75	134800000	755808080.8	31086389195	125554008.7	139029537.2		58642354.09	163820513.6	65856924424		19397044714		7145068068	73011350596	1082922725	936175260	3384063372	237397428.1	5825170438			699456618.9	1929997389						1.45E+11			13059064806	1034800000	3370870376	1.00E+11	2.29E+11	2.81E+11		7.77E+11	2553595172	5605484299	4.74E+11		32570905397		2461762003	5.38E+11	46953517459	9468272357	162625885.9	1.18E+11	66225403.56		271543680	1.13E+11		1747187645			46695006.96		72317446.93	9146592856			1453500000		250176470.6	1.88E+12	2692474989	750950000	32488675064		369124200		4.57E+11	5.27E+11	66154805083	19795254778	5667756628	47958244720		50134942204		3445739915	7555383690	2551522656	652609075.7	4762386783	84401995573	1148014311	631679747.3	1.32E+11		1232559507				16742338.25	4895076718	2441599023	1.09E+11			261024300	2726986913		1.34E+11	41311581928	17168631141		1859465021	1.20E+11	4.00E+11	59261976.3	2.61E+11		983052314.9				3046345314			956436932.1		48702681114	26560000000		3.84E+11		275494477.6		420359035.9	37310104874					282615310.2	238439290.9		3188924677	9.26E+11		180036767.6	665586872.3	5203237919	657140010.7	27143828099	9577383653	841974025.5		6016017227	1.83E+12	107151832.5		7464510710	1034376400	6194340080	7724873935		441728182.7		34694458408	3532700000		6002607030	492674603.2			1.79E+12	220984367.6				159560018	60155334542	3257022223	1607409539	1246480766	1238035816	25203524.03	348795303	976200000		271781886.8		52285172403		54842900794			220700000			29474881506	74759970.1		16632032.13	1580229799		449826322.6	1.00E+11		327215843.6	5638461442			1.25E+11		37016912903		60155334542	54842900794	761981912.4	1085714286	15644444444		4565132048	967240655.2		2.64E+11	1597713469	8.60E+11		15835106.03	9250000000					2.29E+12				15821393671	1340639464	1397715282
1968		41742001495		17022596884				34973045351		26436857247				32763365242	12499863917		183200000	21654856965	326323105.3	460442689.4	7483685771			453800000			44999910	150000000	857912457.9	33930457425	125733668.5	160818235.9		66248441.42	191767441.6	72048833006		20712102794		7286820526	70980323819	1281281277	1046191218	3909780539	251247457.8	5960212869			773841494.3	1980508886						1.57E+11			13505574133	1079100000	3852147027	1.02E+11	2.50E+11	3.11E+11		8.19E+11	2582179864	5932242991	5.10E+11		32394326464		2619948865	5.78E+11	51877513130	8916565041	166952937.1	1.29E+11	65186666.67		294468564.2	1.08E+11		1666909518			41160065.86		67514285.71	9950331206			1610500000		229750000	2.04E+12	2716964388	815450000	34994461970		367968800	4886222555	4.84E+11	5.58E+11	70107106201	21047483665	7076465300	50737955948		53085455871		3378701147	8623172960	2896598841	498365199.7	5458427928	91485448148	1083839133	561119775.6	1.57E+11		1353295459				14600000	6167109472	2662798935	1.17E+11			276820700	3850623095		1.44E+11	44098255412	18643486433		1801344538	1.28E+11	4.24E+11	61445975.42	2.66E+11		1075561623				3271422333			1031669637		55355053153	29360000000		4.07E+11		343771973		559956130.3	41897056401					311395937.3	206576630.6		3330371551	1.01E+12		215507162.6	641214226.2	5200997920	692859984.6	30097635751	10227087165	772231386.9		5228045415	1.99E+12	188879848.9		8041999160	1112791100	5736083835	8632749269		485184189.6		37417938618	3941700000		6644693214	517650793.7			1.94E+12	259590074.5				172200018	63211416561	4187777711	1677771401	1309384862	1425706091	28084252.76	329859731.9	1009760100		286719885.3		55967306234		58686298468			241350000			31277871669	79799968.08		16074027.65	1753746430		453980096.2	1.01E+11		341691567.5	6081009428			1.34E+11		41567819038		63211416561	58686298468	758899950	1214666667	17500000000		4895251824	1037379252		2.79E+11	1593674185	9.40E+11		15350000	10034444444					2.48E+12				17124793150	1573739371	1480355355
1969		47048523179		19301191937				38563619624		31256284544				36738245878	13647475854		190205714.3	24019653475	330748244.5	478298645.4	8471006438			538700000			47399905.2	164900000	929629629.6	37171640819	141393142	161210236.4		77361546.51	188039210.1	79405011125		22442043274		8456519044	79847786729	1361360293	1100551489	5032434970	265040036.4	6450175214			853630203.8	2152507805						1.78E+11			15414902667	1230500000	4257253264	1.14E+11	2.79E+11	3.59E+11		9.08E+11	3112165727	6524455206	5.70E+11		37090689288		2768987372	6.44E+11	58222824529	10177524839	182182067.7	1.41E+11	70106666.67		318124701.5	1.16E+11		1962050556			45168072.27		67225714.29	11454106327			1715399900		249300000	2.25E+12	3189740055	844400000	38503260469		391820400	5429812387	5.41E+11	6.23E+11	78701759386	23960732154	8337423313	56549175848		58447995017		3902721632	9743089607	3007758797	435659609.9	6297852761	1.01E+11	1191239047	698879720.4	1.84E+11		1458379417				15850000	7743940189	2769198892	1.31E+11			306961800	4380987481		1.61E+11	48788461658	21687971434		1965546218	1.41E+11	4.75E+11	65967973.61	2.96E+11		1245432991				3651622669			1056391056		61449134769	32480000000		4.55E+11		339913867.1		571854214.6	46594338114					295062308.5	221553612.9		3664552041	1.10E+12		263108841.3	625867985.3	6634317346	750000002.9	34086038090	11136187440	788641965.4		5814357709	2.19E+12	239999808		8683116338	1221305700	6420909790	9571800653		551263864.2		42086630831	4460700000		7287555035	556293650.8			2.13E+12	242943783.1				188700037	69748993758	4485777644	1847501441	1245234931	1659893768	28606411.4	408690163.5	1049400000		306357284.6		63402019319		66258274672			259650000			33967301561	105419957.8		16452028.3	2245011515		471635621.6	1.14E+11		378091809.6	6695336567			1.50E+11		46228188358		69748993758	66258274672	779200000	1289904762	19466666667		5142066811	1168556629		3.13E+11	2004435484	1.02E+12		16650000	10285111111					2.74E+12				19256992297	1926399230	1748891294
1970		47593907820		26696924214			78617711.1	43094140249	685986701.3	31584210366				41395206623	15312791744		242732571.4	26706196047	333627713.5	458404268.8	8992722167		391577364.1	539500000			53339893.32	186300000	1017003367	42327664794	166210203	179078929.3	61812113.07	96243233.66	189106529.2	88192257632		24998066773		9261006540	92752930873	1455482795	1151216993	4877684910	274960699.9	7198360460			984830158.5	2268330542	5693005200					2.17E+11			17075457733	1485500000	4863526897	1.27E+11	2.97E+11	4.13E+11		1.02E+12	2862503139	8042200452	6.46E+11		40963715237		3045354455	7.29E+11	69337148734	11358529162	219878482.2	1.47E+11	84933333.33	19885926	323802475.5	1.31E+11		2215028588		3220224608	52296083.67	204670550.8	66331428.57	12957113636		69520026.67	1904000000		267800000	2.47E+12	3800766536	904400000	37181536760		331200000	5780929203	5.89E+11	6.81E+11	87493635542	32356563895	9150684932	55838238709		62422483055		4395995086	10976245154	3281318687	545115909.1	7406712876	1.14E+11	1404720442	639519744.2	2.17E+11		1603447359			11560877.28	16300000	9085001794	2873638851	1.43E+11			323099700	4601649451		1.76E+11	47218105707	22138606273	90099360.84	2296470588	1.53E+11	5.18E+11	68739972.5	3.37E+11		1457768455				3956336244	293127333.2		1111859571	19328038.32	69470512933	35520000000	8408486	4.97E+11		359772315.1	250728796.3	563555630.8	52340685828					309405316	224125805		3864145667	1.16E+12		358815684.1	649916621.2	12546094982	778569938.8	38220884519	12814123115	865975308.6	17570366.22	6495605331	2.40E+12	256319794.9		10027509450	1351006400	7432223177	7559115517	11563041	645568215.3		47414033707	5034700000		8108235704	594611111.1		423802353.2	2.34E+12	254036000.8	301791301.8			219900006	74658791270	5377333333	2100229759	1297407655	1920574150		434410973.8	1132920000		347985394.3		70861621390		73998855804	4890889497	37211826.09	274900000			38037226668	112139955.1		18432031.7	2140384010		469266736.7	1.27E+11		358665753.9	7086538438			1.64E+11		51929379859		74658791270	73998855804	821850000	1439238095	17863636364	2585955.874	2851419386	1259554809		3.44E+11	2137096774	1.07E+12		18450000	11561111111					3.00E+12	45208337.61			21218391513	1788779285	1885168339
1971		52188685167		24496786002			89406608.15	49930151659	939893599.6	33293199095				45283847245	17788536733		252842285.7	29821661870	335073027.5	482411179.1	8751843188		422181562.2	573400000			59074687.2	211100000	1095622896	48869830902	186826503	197525767.8	66289450.33	127448613.5	201450799.8	99606454744		30040171751		10999807567	99959013880	1584128509	1236941394	5594770359	322128019	7820380971			1077147538	2457968135	6914658400					2.51E+11			19086192720	1666500000	5077183094	1.37E+11	3.20E+11	4.59E+11		1.15E+12	2754219271	8609283346	7.32E+11		46586119760		3224280835	8.24E+11	71407461835	12528522307	247749327.7	1.65E+11	99219082.85	21783158	381687072.6	1.48E+11		2417108578		3594302908	55728663.22	204167296.9	64946954.76	14388806818		88466738.25	1984800000		282050000	2.75E+12	4476001946	958450000	40099504489		362800000	6291568221	6.42E+11	7.34E+11	88539617604	30392833456	9333536370	59166992867		67351404352		5098250287	13731802833	3865346535	693679545.5	7052544000	1.25E+11	1539861816	678159728.7	2.45E+11		1778391289			12356134.38	19624746.45	10005257131	3880392195	1.58E+11			341543100	5260185125		1.96E+11	49607713413	24678547942	104889795.3	2369308600	1.60E+11	5.57E+11	76480285	3.75E+11		1518773421				4356669034	327706210.4		1199507631	21566404.02	79185015019	39200000000	9116810	5.34E+11		395218628.9	264578484.8	587448405.5	59203404913					335568907.1	251437337.8		4244395956	1.26E+12		413985778.6	693573703.6	9181769912	828569953.5	44644730576	14583114840	882765471.6	19009433.31	7911136757	2.66E+12	301010587.1		10665896682	1523917200	8289582884	8375075630	12706874	717750278.1		46895053548	5646800000		9201604240	664571428.6		477298982.4	2.60E+12	296865513.7	387703105.5			222952504.4	79443177466	7184806909	2288340041	1339549033	2263785444	50056882.82	419549304.7	1186120000		347039445.7		72751099714		76078810558	5468619820	37288845.21	301000000			41506151115	136462080.7		21965950.77	2589851325		501866730.1	1.36E+11		404648367.8	7375000024			1.82E+11		58738170013		79443177466	76078810558	896765214.6	1685162272	16166666667	2716989.584	3050673517	1417191656		3.74E+11	2807258065	1.16E+12		20051922.33	12986590909					3.32E+12	53719568.97			23411076638	1653259341	2179828710
1972		56726057494		29489425516			113414397.4	59970718932	1415086929	34733000536				52117990654	21973207929		246804571.4	37209418019	410331857	578595522	6288245867		534081183.7	590900000			65998069.38	235400000	1257615645	58434858375	213725216.7	270822782	70139866.81	164460915	230317883.4	1.13E+11		36844318854		12057501635	1.14E+11	1849400402	1498251890	6173712814	410669263.7	8671358733			1238251696	2734457345	8135150892					3.01E+11			23230667549	1987400000	6766743957	1.56E+11	3.53E+11	5.70E+11		1.38E+12	3185986087	9299638056	8.84E+11		59090176029		3520252938	9.94E+11	82669328911	14744499570	316656648.7	2.02E+11	119335897.8	25100928	430508358.5	1.70E+11		2112293280		4203069035	59160569.48	227986203.3	65429198.24	16650659091		106101297.8	2101300000		285380952.4	3.19E+12	5710090213	1030645362	44564788726		371998958.4	7379313742	7.24E+11	8.21E+11	94690827264	34167082609	10997590361	61397002691		71464700667		6318060582	17153463263	4113848002	869002945.8	9222557539	1.46E+11	1875146587	788479684.6	3.25E+11		2107279157			15314346.49	22944849.12	10990490570	4450537925	1.80E+11			368098000	6299395544		2.20E+11	51305821255	27615304467	124940289.3	2553936348	1.70E+11	6.25E+11	80913200.43	4.31E+11		1901697370				5074117545	402451900.8		1341590690	25177137.53	93296927795	45200000000	9973652	6.00E+11		486617280.3	295106628.3	662213082.7	67256893586					391669449.3	318664899.6		5043347250	1.39E+12		506808996.7	742779660.8	12274416018	878570045.5	54787070173	17358610850	1024098400	21734268.69	9567331065	3.09E+12	366883548.3		9415016360	1673411700	9189413409	9067815521	13956474	858761926.1		55102867456	6328900000		11239117865	769039682.5		565885771.7	3.02E+12	326433558.1	510262500.2			246457838.3	81426298287	9664267087	2483055722	1620857104	2721440981	40606712.05	465381339.7	1263720000		447883941.2		82091677366		85727757472	6351288901	41430256.81	311950000			48883173400	146736479.2		30645122.92	3059681698		585427546.8	1.55E+11		474043921.8	8177873151			2.04E+11		66728372393		81426298287	85727757472	1083391758	2237556149	20650000000	2968457.944	3472787266	1490970181		4.30E+11	2189418689	1.28E+12		27585804.87	13977727273					3.83E+12	62566116.38			24515919217	1872416680	2679096597
1973		73083598129		36890633234			150841639.3	79130725987	4231243616	52544000117				63923126201	29399860145		304339523.9	47743801490	504376074.2	674773569.9	8086725729		761132545.1	670900000			78214767.83	269500000	1262968516	83592275863	260767827.6	433095526.7	78900289.32	244124164	271183082	1.32E+11		49550006320		17237336173	1.39E+11	2508421426	1901393361	7870239461	541973362.6	10315760000			1528925846	3173389132	9987709650					4.00E+11			30718181337	2344800000	8707858912	1.96E+11	4.51E+11	7.52E+11		1.76E+12	3891754150	10098534613	1.15E+12		78583355226		4070570550	1.29E+12	1.02E+11	19474098335	425950487.5	2.62E+11	161236465.8	34821467	722780701.3	1.93E+11		3006766758		5152080388	75187749.1	232331281.4	81203226.91	22037019563		140153748.2	2569200100		307047619	3.87E+12	8030117556	1128299436	54553562932		466798973	9138292402	9.38E+11	1.05E+12	1.10E+11	37107988873	16273253012	74218080664		85517673173		7481173066	27081698250	5134367778	1194794186	11902574259	1.76E+11	1905917553	943783839.7	4.41E+11		2509001324			25645040.47	24196018.38	14067523813	5408804607	2.40E+11			386968300	8625889430		2.93E+11	62437242596	33022563725	165928881.6	2875625000	2.00E+11	7.97E+11	121188715.8	5.60E+11		2609875802				6242145880	523554039.2		1653062335	30862041.6	1.21E+11	55280000000	11607366	7.67E+11		563683703.3	345616105.9	719754655.4	82948300158					493237876.3	404285775.1		7662902678	1.56E+12		542293399.9	946385105.2	15162871287	1092900015	71946639603	22534253703	972101725	26529816.78	12802281898	3.74E+12	483066990.6		6383429490	1913793400	10994381895	11412449735	15331889	1299079410		67902484336	7002400000		15090564186	995531746		757316230.7	3.65E+12	431252938.1	793885560			290746157.1	97561887958	14947435499	3077254460	1863398590	3696213333	55272108.84	575230724.4	1442320000		483699610.6		1.05E+11		1.09E+11	7975691955	56011244.74	339450000			59318842992	221915127.6		36896280.48	3239487516		647199483	1.95E+11		574030984	10838587358			2.74E+11		82296472037		97561887958	1.09E+11	1308785431	2730813385	26000000000	3411915.439	4144104535	1701829789		5.66E+11	3964296443	1.43E+12		30165081.09	17035581395					4.69E+12	82452985.37			33262772008	2434255237	3311043292
1974		89535976340		49687223643			186557082	1.52E+11	11651505689	72436777342				89086219602	35051468640		345263492.1	56033077879	554654860.7	751133430.4	12512460520		1042176884	632400000			103160450.4	312600000	2100249875	1.10E+11	311804629.9	2319576214	92901784.5	306044207.5	281398705.6	1.61E+11		57103011446		16584311220	1.44E+11	3070152309	2157415533	9596960180	585364634.5	12370029584			1666544754	4201310615	11405957317					4.47E+11			34125712481	2925700000	13209871626	2.22E+11	6.33E+11	8.68E+11		1.99E+12	6599257044	9228963225	1.30E+12		97204522642		4577209966	1.46E+12	1.54E+11	24851036710	558587097.4	2.83E+11	196771070.9	46095175	1544216002	2.06E+11		2894409938		5691417541	95796021.69	256769730.3	94159862.71	24998715909		169918948.6	3161499900		433954545.5	4.38E+12	9388695367	1243000000	64257354957		565399321.5	10016338179	1.19E+12	1.33E+12	1.44E+11	52754115654	25802409639	92798583949		99526597934		7896860615	46209092072	11516762614	1568154077	17172607138	2.00E+11	2375122375	1197483949	4.90E+11		2969958812			69256488.52	31514856.31	19860929977	13006948296	3.16E+11			486955000	15112543717		3.80E+11	77769806980	41317575284	193980464.9	3574586466	2.48E+11	1.02E+12	150851316.5	6.73E+11		3183637117				7675466449	563949254.1		1917508190	39120171.25	2.21E+11	72000000000	15217532	9.77E+11		538747340	376081124.3	1225589878	1.28E+11					613010552.5	669894029.6		9496204302	1.71E+12		637403478.5	1026137111	24846641318	1521400012	87371810804	27145693810	1217953547	35994511.42	13940981798	4.19E+12	1645917776		8899191919	2188307600	13858441211	15607882555	16848759	1467417672		93597653616	7684800000		17512391476	1333475397		1027747650	4.08E+12	555340842.9	2401403227			308458423.2	1.17E+11	45412957746	3958931660	2099325229	5221534956	84539332.28	648590642.9	1665880000		572504035.9		1.34E+11		1.39E+11	12697499906	57817591.46	409850000			65917634590	264320941		43134496.16	5159557148		652532795.1	2.21E+11		791450308.4	13702998512			3.58E+11		1.27E+11		1.17E+11	1.39E+11	2042001071	3545868575	35414285714	4122328.666	4977337978	2098944967		7.29E+11	4090209682	1.55E+12		32923702.73	26100930233					5.42E+12	93549610.93			41389186095	2910981262	3984194614
1975		95295754527		57280116276			220112572.2	1.68E+11	14720728249	52438647922				97440939506	39902300703		420986666.7	65678189097	676870140.3	939972703.5	19448348073		1099107601	596200000			118194026.3	345000000	2404697651	1.29E+11	402178605	2496420258	86820762.49	355168571.5	378660016.3	1.74E+11		65466081819		7812161793	1.64E+11	3893839190	2857037371	10237343174	767102680.2	13098633902			1960863466	4819825581	13027415244			489912574.3		4.92E+11			40418967666	3599200000	15557902754	2.49E+11	6.77E+11	9.50E+11		2.32E+12	7731674472	11632178869	1.51E+12		1.15E+11		4577047854	1.69E+12	1.69E+11	29475251333	684282434.4	3.57E+11	227404436	46119184	2157592940	2.42E+11		2810106383		6102769605	115179719.1	283311996.8	104295643.4	28129128587		211190630.3	3645900000		494791666.7	4.88E+12	10048089558	1330050000	72350863416		681400000	11420392515	1.28E+12	1.46E+12	1.70E+11	61046682875	30463855422	1.10E+11		98473832017		9483808362	51776222350	13458516763	1456052700	16141767373	2.28E+11	2860442750	1363073498	5.33E+11		3259345083		749129748.2	44547453.6	33364055.3	22126033058	12022811621	3.41E+11			577549300	14710912458		3.98E+11	93635062503	48858798820	246389101.9	3791298146	2.71E+11	1.12E+12	149558895.9	7.43E+11		3123333333				8984853005	711978961.9		2283049215	24540877.6	2.43E+11	88000000000	16691301	1.08E+12		830710615.2	474618321.5	1061107354	1.47E+11					703377837.5	673311287.1		9298800799	1.86E+12		816652164.4	1048690933	27778934625	1581599959	1.00E+11	32877805200	1575789254	40106775.91	12861983284	4.70E+12	2096699189	7536675204	11230606061	2435304100	16931162355	16875240684	18521112	1356603608		1.07E+11	8198300000		19347607843	1511420635		1136928462	4.57E+12	690323388.5	2512773166			571863500.2	1.23E+11	46773208643	4823090192	2830388405	5633673930	74620320.03	679336343.6	1884120100		757015878.8		1.48E+11		1.52E+11	13756779385	60101709.85	465500000			82765232648	288299788.5		47803145.95	6826980444		864602104.7	2.49E+11		871781686.9	14882770594			3.74E+11		1.45E+11	32506741.72	1.23E+11	1.52E+11	2442669825	4328965588	46042857143	4014748.054	5729917840	2359555556		8.07E+11	3538278047	1.68E+12		33237225.99	27464651163					6.04E+12	93489282.55			42906905672	2442672141	4373532601
1976		96006417140		68385552348			227283850.8	2.10E+11	19213158779	51169499892				1.05E+11	42791707448		448412753.6	71113882968	698408261.9	976547188.1	10117113333		1581709519	642100000			97094227.23	386300000	2731984008	1.53E+11	435911268.6	3054765590	88461262.78	372025093	451152461.3	2.07E+11		68476524644		10523479089	1.54E+11	4662053825	2898090002	9648583225	754549601.4	15341403660			2412555426	4937767513	13789579903			576090073.7		5.22E+11			44503607444	3951500000	17728240932	2.53E+11	7.40E+11	1.04E+12		2.41E+12	9091921030	13315988083	1.57E+12		1.18E+11		4943806093	1.78E+12	2.01E+11	31852352670	694540806.4	3.68E+11	270470345.4	46813193	3009409974	2.33E+11		2765254237		6762781871	112190829.5	292152321.5	103653049.9	30719552239		240779417.8	4365300200		454440000	5.32E+12	12876366009	1589300000	77585497906		879000000	13235612079	1.39E+12	1.57E+12	1.77E+11	73441255543	37269156627	1.05E+11		1.03E+11		9453756015	68055295081	17754825601	1727845419	15956349550	2.25E+11	2966042856	1708521219	5.99E+11		3474542392		790357254.5	33246816.5	30095602.29	30371074380	13132252802	3.71E+11			596675700	19096943017		4.37E+11	86257896218	51353443145	272489300.5	3591319857	2.87E+11	1.21E+12	147660036.9	8.01E+11		3423586207				9584297284	735324244.7		2181844179	22399467.11	3.01E+11	88875923765	18153647	1.16E+12		939228017.2	527936988.8	1204699849	1.81E+11					775045516.8	713510051.5		11050234599	2.08E+12		798313521.7	1064517601	36308883249	1836899999	1.09E+11	35942270686	1452788985	40287427.2	13604832424	5.09E+12	2560220035	8756552569	13168080808	2588106000	16131958851	19381055197	20364420	1511843235		1.25E+11	8968600000		20332831565	1698960317		1137538860	4.96E+12	732288906.3	3284273987			637753853.1	1.18E+11	64005665722	6013210816	2869777884	6327077974	83100834.31	594895941.9	2328280100		871344245.1		1.60E+11		1.65E+11	15045613015	52039421.2	505500000			89232517046	272550068.1		49278981.76	7633528867		866044962	2.53E+11		874681611.9	16985208648			4.11E+11		1.79E+11	30036416.96	1.18E+11	1.65E+11	2500424955	4508191942	51450000000	3919072.23	6472511988	2447300000		8.74E+11	3667161241	1.87E+12		32792844.68	31419534884					6.56E+12	85003077.7			41150460288	2742859263	4320576877
1977		1.09E+11		71789497552			253997897.2	2.42E+11	24871775165	56781000101			77507407.41	1.11E+11	51343861460		547535555.6	82839905459	750049778.8	1131224878	9651149302		1989060283	713000000			117650000	447000000	3227436282	1.76E+11	495097667.9	3681242528	97884433.8	451624780.3	507298147.5	2.12E+11		73135771167		14272711437	1.75E+11	6265068189	3394664024	12344424764	765224029.3	19470960619			3072427013	5937525886	14206158675			734876021.1		6.03E+11		45872947.41	49711709588	4587100000	20972113685	2.92E+11	8.27E+11	1.24E+12		2.73E+12	11026342618	14400806876	1.79E+12		1.32E+11		5651840585	2.01E+12	2.21E+11	33502784418	719501765.8	4.06E+11	347798304.6	47305560	2809349069	2.63E+11		3189428571		6914381291	138093099.1	298871674.9	103987520.1	35673080481	71494495.19	282269749.2	5480500200		449880000	6.02E+12	15719433719	1900700000	89885368489		947000000	14783674055	1.58E+12	1.77E+12	1.93E+11	79020486261	45808915663	1.15E+11		1.21E+11		11248340431	80600122702	19838130715	2285707749	18257113904	2.58E+11	3249733140	2096778602	7.37E+11		4494378764		716261764.5	31335458.7	44496296.3	39064462810	14137406741	4.02E+11			673010600	22428297108		4.80E+11	94941848284	59469573577	303493119.5	4104509583	3.22E+11	1.36E+12	193315048.3	9.30E+11		3789321328				11049783872	811191392.2		2358930406	20853788.71	3.50E+11	81912018784	20210069	1.30E+12		1049838548	625563170.7	873579931.9	2.09E+11					799030017.1	834722972.2		13139488633	2.29E+12		837620126.6	1291458041	36035407725	2226999874	1.27E+11	41508030431	1382400000	40444701.77	15446825318	5.74E+12	2741169948	10751088166	15126060606	2738261900	14544913961	22283109803	22308104	1640746619		1.38E+11	9910900000		21439523311	2092158730		1196696801	5.60E+12	793196378.7	3617564638			746650613	1.37E+11	74188986586	7499005639	2938046463	6618585074	93145283.36	691777584	2941640100		498550724.6		1.75E+11		1.81E+11	18115910570	49207692.32	641500000			94331782622	304060076		64526401.46	7696011396		935360464.7	2.91E+11		1097893826	19779312261			4.52E+11		2.07E+11	34139387.89	1.37E+11	1.81E+11	3138666667	5109324009	58683333333	3669419.592	7732598995	2936470588		9.79E+11	4114670014	2.08E+12		49353161.85	36210697674					7.42E+12	98295671.03			45328411332	2515296940	4366610469
1978		1.24E+11		78778080490			308020261.2	2.65E+11	23775764225	89049453088			88040740.74	1.19E+11	61809208756		610225555.6	1.01E+11	928843469.4	1475583645	13281767143		2272042965	832400000			136300000	475800000	3758220890	2.00E+11	552883707.1	4100423674	94086227.61	590407374.4	610578632	2.19E+11		1.02E+11		16373093554	1.50E+11	7900526298	4662852583	15372608002	878771772.2	23263511958			3523208810	6776416499	17844705325			964024364.4		7.43E+11		57130215.56	60320089218	4734400000	26364491313	2.83E+11	9.45E+11	1.57E+12		3.34E+12	11922497876	14811704063	2.19E+12		1.60E+11		6014961435	2.45E+12	2.43E+11	36259392058	829267889.4	5.02E+11	397833034.9	53656834	2389479272	3.36E+11		3662478185		8087305999	171833086	318876550.4		43654480519	88322386.3	355987433.4	6070600200		507080000	7.23E+12	18315136409	2393650000	1.05E+11		974200000	17286744154	1.74E+12	1.97E+12	2.19E+11	87129172585	51455719076	1.32E+11		1.37E+11		14647996074	77994316621	23762275652	2599627089	17701286907	3.16E+11	2644527822	2602208589	1.04E+12		5303735111		766642356.1	36563964.55	49433333.33	52824793388	15503557496	4.87E+11			717240400	22136422643		5.74E+11	1.12E+11	69326192104	436912067.8	2733183857	3.63E+11	1.51E+12	266570066.6	9.68E+11		4718539772				13236946234	1000555218		2669755115	24369109.14	3.72E+11	1.03E+11	22209370	1.44E+12		1222702573	793673401.6	935408775	2.24E+11					804629876.8	1029040323		16358079862	2.57E+12		846004687.8	1774365590	36527862209	2127699979	1.56E+11	46522900254	1604162497	41754147.3	18530518395	6.91E+12	2740301390	12466371861	17811515152	3244558600	12491876743	25762224563	24530015	1947878831		1.56E+11	11165000000		23487614051	2559857143		1371556833	6.75E+12	1005569835	4052000413			905709076.4	1.55E+11	80266516687	8128719315	3280354921	7517176355	111027427.2	960728338.9	3127960000		564571823.2		1.96E+11		2.03E+11	20865461499	55044562.8	735500000			1.04E+11	340630085.2		85552365.8	9275200458		1113920124	2.83E+11		1164025637	24006566637			5.41E+11		2.22E+11	41567471.67	1.55E+11	2.03E+11	3562333458	5968460080	65912500000	3798781.863	9261675710	2420260870		1.08E+12	4910254566	2.35E+12		60844771.48	39316279070					8.78E+12	108223444.2			51607412902	2811032473	4353822343
1979		1.42E+11		96681064864			411548748.4	3.58E+11	31225659621	69252328952			109596296.3	1.35E+11	73647694287		782496666.7	1.16E+11	1186231020	1748480621	15565480322		2710160739	1139800100			151800000	517200000	4421336383	2.21E+11	670362452.1	6044367628	105377995.2	819870258.8	700764747.8	2.44E+11		1.15E+11		22249574628	1.79E+11	9142933967	5919002983	15068422236	1198749667	27940411250			4035519323	8405785521	19584443288			1288699776		8.85E+11		55017758.89	70393030603	5498800000	33243706860	3.28E+11	1.11E+12	1.71E+12		4.08E+12	14175160902	18020571429	2.66E+12		2.14E+11		6586048398	2.96E+12	3.06E+11	44469218440	1019691460	6.08E+11	448568492.7	60270778	3030251120	4.39E+11		4020227920		8877094497	207112627.7	308143183.3		53724121435	102244362.2	420645821.5	6902600200		530440000	8.36E+12	22526184533	2778900000	1.15E+11		1080600000	19959731325	2.04E+12	2.29E+12	2.50E+11	1.06E+11	51400186343	1.45E+11		1.53E+11		18319334300	90391877326	37816457839	2953176971	22609741060	3.95E+11	2425064229	3271368781	1.08E+12		6234391113		723738502.7	34466197.03	58840740.74	68083884298	24749063922	5.36E+11			814067900	30536429497		6.44E+11	1.22E+11	73361506554	503173104.4	3364611432	4.21E+11	1.75E+12	290134592.5	1.15E+12		5516982664				15911994817	1209870147		3463565854	38523364.49	4.83E+11	1.35E+11	25545346	1.68E+12		1595422956	1001288847	952265043.4	2.79E+11					951900945.3	1227446632		21213264962	2.87E+12		1047225724	2109277666	47259911894	1567599982	1.80E+11	53132244624	1851250008	44431330.23	20731243113	7.98E+12	3733352635	16393627219	19688383838	3704551600	15954012439	31218296292	27004251	2293760511		1.93E+11	12750000000		26622819672	3416777778		1652934749	7.75E+12	1215032464	5632962997			1109346131	1.74E+11	1.12E+11	8418407787	4084877823	9296921724	151276496.5	1109374911	3463639900		589566929.1		2.32E+11		2.39E+11	26701110584	65755928.14	782500000			1.23E+11	412093133.8		127261099.2	9929681529		1004316496	3.27E+11		1259365712	27371650825			6.08E+11		2.76E+11	44667002.01	1.74E+11	2.39E+11	4602416625	7188863904	89616129032	4065659.434	9804637491	2139025000		1.26E+12	7181182224	2.63E+12		71096359.63	48310930233				119258835.3	1.02E+13	122257392.9			63038658089	3353445378	5180102910
1980		1.78E+11		1.21E+11	5930503401	1578102105	446377776.8	4.86E+11	43599160050	76961923741			132451851.9	1.50E+11	81737498405		919726666.7	1.27E+11	1405251847	1928719888	18138049096	19839230769	3493834468	1335300000			257400000	613299968	4537479608	2.37E+11	1012280615	10795432294	128669200.9	1060889704	797048198.5	2.75E+11		1.23E+11		29586676576	1.91E+11	10175617609	6674569047	14394927495	1705796853	33400735644	243390495.9	142246815.3	4831447001	10876340879	19912889861			2154311277		9.54E+11		72804653.33	70811287816	6761300000	42345829079	3.78E+11	1.38E+12	1.85E+12		4.61E+12	17881508242	21669908176	2.97E+12		2.33E+11		7012585454	3.31E+12	3.88E+11	53649984061	1202618816	6.95E+11	493014300	64186644	4279637942	5.65E+11		4445228216		9746524915	241083090.3	287648258.3	50642880.77	56039256595	110900457	476051740.8	7878700000		603200000	9.33E+12	28861857811	3184400000	1.27E+11		1383800000	23116977148	2.42E+12	2.72E+12	2.99E+11	1.34E+11	72482337397	1.64E+11		1.86E+11		21747855640	94362275580	52569000000	3499616683	25395256478	4.78E+11	2679379372	3910044474	1.13E+12		7265315820		744384129.7	33157723.11	68459259.26	66547970351	28638868356	6.47E+11			854711500	40953924949	170370370.4	7.83E+11	1.36E+11	82239917973	534699362.9	4024621900	5.14E+11	2.06E+12	431542536.7	1.32E+12		6019805490				21728516153	1378175524		5201818348	42463576.16	6.21E+11	2.06E+11	26710653	1.99E+12		2704362789	1250198601	1038225167	3.38E+11		2101394100			1047925106	1147027924	1801156775	24488224677	3.13E+12	2421990338	1182463951	2508524721	64201788123	2144300006	1.95E+11	64439382896	1945916583	46947124.23	23244547385	8.87E+12	5981760278	24469509824	23654444444	4614086400	18136838538	36848080899	29728054	2545808456		2.38E+11	14436100000		32896519824	4448087302		1890599862	8.58E+12	1320416025	7829165262			1254765642	2.11E+11	1.65E+11	8951800000	4510108291	11896256783	182852106.5	1100685845	3573959900		602515548.5		2.93E+11		3.00E+11	37297800330	81662231.03	795000000			1.42E+11	541976852.6		156783829.5	13062420382		1033002404	3.78E+11		1604836916	32353514989			7.44E+11		3.36E+11	53260077.43	2.11E+11	3.00E+11	6235833333	8744134354	68823684211	4206128.134	11409228087	1244610000		1.47E+12	10163020116	2.86E+12		82340339.63	59116511628				121185497.6	1.15E+13	125747038			89411864402	3884530854	6682278300
1981		1.85E+11		2.18E+11	5550483036	1808177156	388983266.2	4.95E+11	49333424135	78676842367			149388888.9	1.77E+11	70755997062		969046666.7	1.05E+11	1291120188	1775842334	20249694002	19870000000	3943109532	1426500000			260750000	739100032	5891598695	2.58E+11	1114204743	9367218664	139174178.1	1073812830	694803622.9	3.07E+11		1.12E+11		35180322211	1.96E+11	8432589942	6610938617	12537821038	1993512323	36388366869	212958381.5	139468209.1	2623803096	11977463255	20150254096			2087496374		8.03E+11		82107391.11	61459941461	7561300000	44348590461	4.04E+11	1.53E+12	2.04E+12		4.11E+12	21810759354	22136081081	2.58E+12		2.03E+11		7507663567	2.89E+12	5.10E+11	52440066134	1235626771	6.09E+11	456244919	76472529	3862269121	5.41E+11		4222441860		9646440667	218767743.5	402230865.2	36731422.85	51618456335	115651918.9	435748993.4	8607500300		570357107.1	9.47E+12	31055226089	3501800000	1.28E+11		1479400000	23705883892	2.60E+12	3.05E+12	4.23E+11	2.45E+11	85518233419	1.71E+11		1.93E+11		20670190138	1.00E+11	37823000000	3615094820	26882009819	4.32E+11	2979027966	4383944703	1.25E+12		6854491706		815153652.4	35267489.24	80888888.89	74287368087	25058020338	7.44E+11			846514500	36374353880	194444444.4	8.95E+11	1.39E+11	83576565930	511647750.1	4415844156	6.38E+11	2.31E+12	434188034.2	1.39E+12		5053665797				17788185479	1205188648		4759333998	44781456.95	6.40E+11	2.64E+11	31020000	2.23E+12		2234583940	1243509394	1111000765	3.30E+11		2310099100			1105494682	1157769444	1801193910	25004285792	3.52E+12	2249908578	972564154.8	2170893414	1.64E+11	2474700227	1.64E+11	63596654761	2275583317	51689636.6	24417617184	9.03E+12	7259120151	22822814057	28100606061	5222421500	21648214893	40499388869	32726594	2498190847		3.25E+11	15955700000		31977276873	5624515873		1955541041	8.68E+12	1234743073	8661263764			1407062527	2.21E+11	1.84E+11	10753888154	4095892781	14175228844	193750540.7	1114830472	3437200200		699302473.1		3.97E+11		4.05E+11	37080220828	83499263.5	889000000			1.29E+11	570774824.8		163750728.2	15518201335		876937558.3	4.03E+11		1359026709	34846039194			8.53E+11		3.28E+11	62242013.33	2.21E+11	4.05E+11	6992083333	8428445294	71180180180	4773017.532	13161540378	1337300000		1.59E+12	11048301421	3.21E+12		102086539.3	66327441860				113781795.8	1.18E+13	118190654.7			93141472164	4008126497	8015464252
1982		1.78E+11		1.96E+11	5550483036	1861163170	375914743.6	4.63E+11	46622718605	84307486837			166444444.4	1.94E+11	70996111963		1013222222	92095926188	1267778670	1754450096	18525399202	19342000000	4145421080	1578300000			248550000	785500032	5594126369	2.71E+11	1163923830	8932198186	141439317.4	1014945696	748312390.8	3.15E+11		1.15E+11		19710229067	2.05E+11	7567110849	6611255964	13651667371	2160640565	38968039722	202152461.8	140630679	2606623555	13292712867	20953510235			2159242417		7.79E+11		89527576.67	60084214872	8267400000	45207167470	4.24E+11	1.46E+12	1.99E+12		3.96E+12	19929846396	27655172414	2.50E+12		1.96E+11		7899988841	2.79E+12	4.87E+11	52784013815	1194059943	5.78E+11	444047495.3	80055706	3618007841	5.15E+11		4035994398		11926032493	216050552.3	430284021.9	44294647.73	53858346939	125435590	402403041	8716999700		482000000	9.38E+12	32291215844	3619500000	1.29E+11		1474200000	24141667188	2.56E+12	2.99E+12	4.03E+11	2.24E+11	90158449295	1.74E+11		2.01E+11		21474752962	1.26E+11	42382333333	3318714326	29255285401	4.28E+11	3293496312	4681240993	1.16E+12		6431579357		865516039.8	32742712.65	86022222.22	79921300447	21577153356	6.86E+11			863933200	33760146991	183333333.3	8.23E+11	1.40E+11	83687327649	522096760.3	4768765017	6.34E+11	2.28E+12	348741683.7	1.40E+12		4602316793		1142497719		17692276734	1143216457		4784977326	47911340.18	6.42E+11	1.85E+11	34918000	2.20E+12		1680304773	1234474404	1481165468	3.69E+11		2552401933			1108776653	1092923636	1717379495	26804493635	3.66E+12	2118710248	904599869.7	2017612216	1.43E+11	2454499872	1.59E+11	62647195538	2395423742	52877742.47	24164603059	8.89E+12	7554719456	21876317951	30725971564	5769767900	21794535621	42206011275	36027583	2368719683		3.08E+11	16764200000		30527754793	5419411765		1925494376	8.64E+12	1235897958	7596703214			1407243139	2.27E+11	1.53E+11	8732542274	4013951443	16084252378	192902018.7	1295361886	3399189100		774578932		3.68E+11		3.76E+11	37651257006	80307762.62	915000000			1.14E+11	537568059.4		157211789.7	16298929011		834369859.7	4.23E+11		1160337039	36589772404			7.80E+11		3.66E+11	62068161.07	2.27E+11	3.76E+11	8140416667	8133580052	64369325153	4118945.162	13927383240	2177500000		1.56E+12	9178780077	3.34E+12		113759203.3	67736744186				114501912.5	1.17E+13	121221651.6			85904057409	3871117093	8544060905
1983		1.86E+11		1.51E+11	5784341596	1881412587	327850042.5	4.37E+11	42803323345	1.04E+11			184866666.7	1.78E+11	71838528420		1082926304	87184239053	1095348199	1600278605	17609048822	16563666667	4247030468	1732800000			262150000	889400000	5422656823	1.90E+11	1236016507	7927590750	156704289.9	1172230397	658679332.7	3.42E+11		1.15E+11		20629678694	2.31E+11	6838184773	6870200010	11006712650	2097274290	38729822782	196193379.7	138476175.6	3146772631	13189051711	22204940512			2160364071		7.74E+11		98665191.48	60331158447	9220600000	48801369800	4.44E+11	1.47E+12	2.12E+12		3.84E+12	17152477037	30966239814	2.44E+12		1.71E+11		8781664427	2.71E+12	4.20E+11	50956447481	1123085190	5.53E+11	486605127.7	84110353	3391275732	4.90E+11		4057275132		15129893722	213448584.9	425225176.8	44442456.95	48741397059	131803552.2	416184071	9050000400		489333333.3	9.69E+12	29907227184	3840550000	1.28E+11		1623600000	21910365258	2.53E+12	2.89E+12	3.48E+11	1.72E+11	81052283384	1.74E+11		2.18E+11		20766047764	1.56E+11	40712903226	2862634164	32675755462	4.44E+11	3619262277	4920692191	1.27E+12		5979198314		939291262.1	31000545.77	86874074.07	89621208322	20871081080	5.92E+11			823374900	33200520140	197037037	7.26E+11	1.38E+11	79883109897	524023624.9	5167913302	6.01E+11	2.21E+12	386699308.9	1.29E+12		4524217751		1133013235		16251408128	1092560365		4686457031	57829787.23	6.49E+11	1.56E+11	41749000	2.13E+12		1496616127	1165729707	1381573615	4.04E+11		2725736633			1165171263	1104956573	1780148049	30347442111	3.98E+12	2297400688	823857893.2	1803099561	97094911792	2753100058	1.54E+11	61627240831	2447174803	48439093.12	24309279706	9.19E+12	7932541691	20072665046	28691889764	5923755900	17345260564	37759179895	39661530	2562351551		2.56E+11	17276600000		27239650742	5673248726		1843535003	8.97E+12	1284180701	6467582308			1479687587	2.44E+11	1.29E+11	8230153846	3569356125	17784112150	181220399	995104305.3	3506347800		735408641.8		3.29E+11		3.38E+11	35757123310	75110289.18	883500000			1.05E+11	555336145.8		156098237	17589277143		832415806	4.43E+11		1081387265	40042798388			6.82E+11		4.01E+11	60863963.96	2.44E+11	3.38E+11	7763750000	8350582748	61803555556	4152550.304	14049883809	2240333333		1.53E+12	5102276308	3.63E+12		122255349.6	67556279070				117389554.2	1.20E+13	111862823.6			96204110942	3321048451	7768031182
1984		1.70E+11		1.31E+11	6131475065	1857337995	330073080.6	4.40E+11	41807954236	1.17E+11			212214814.8	1.94E+11	67719055773		987143931.2	83349530159	1051134009	1459880132	18920840000	17594944444	4440874566	2041100000			290350000	985699968	6169483225	1.88E+11	1346890071	7632788075	160423493.9	1240822167	637820670.3	3.57E+11		1.09E+11		19974595028	2.60E+11	6841639247	7311938026	7857729193	2193581365	38253120738	189102734.2	132019038.6	3660477856	13689070379	24039383608			2278248953		7.28E+11		109157070.7	58868891335	11594000000	53698548293	4.81E+11	1.49E+12	2.27E+12		3.69E+12	16912509092	33971188992	2.34E+12		1.72E+11		8298309581	2.61E+12	3.78E+11	52870993273	1178000678	5.25E+11	426008864.7	84676118	3561451561	4.61E+11		4412279843		18421497251	177340880.1	359980490.7	50320914.41	47352146312	145533310.7	379371901.5	9470000100		437631605.3	1.01E+13	33511383986	4029900000	1.31E+11		1816200000	21242726264	2.62E+12	2.95E+12	3.28E+11	1.49E+11	84853700028	1.78E+11	251195796.8	2.12E+11		20106648455	1.62E+11	46938387097	2964568006	30645607293	4.39E+11	2373564549	4967162160	1.35E+12		6191437070		1021176059	34394167.04	98603703.7	99749645089	21700082753	6.35E+11	1757142856		848478300	29476109153	251481481.5	7.64E+11	1.41E+11	78581550455	502620991.9	6043474843	5.76E+11	2.27E+12	333163670.3	1.35E+12		4438435493		1304361353		14824667954	1037329604		3905938481	109503546.1	6.56E+11	1.84E+11	45144000	2.19E+12		1387809615	1101807023	1304063253	4.22E+11		2098734600			1074373230	1054564759	1758028656	33942897422	4.40E+12	1951260038	796066194.7	1461243326	73484359521	3117599872	1.44E+11	62057955033	2581207388	47363231.3	21665975319	9.60E+12	8821443151	19829824800	31151825467	6183387100	17600400385	35730185634	44814259	2552662617		2.39E+11	19162600000		25217969050	4502462807		1938376709	9.37E+12	1325515445	6704395824			1587413084	2.40E+11	1.20E+11	10447615385	3485165432	19749361098	181570473.8	1087471862	3661683400		787434541.7		2.93E+11		3.02E+11	36203727886	78213795.93	864000000			1.09E+11	494483408.9		160992921	17503078174		919103734.9	4.80E+11		1014170069	41797647776			7.15E+11		4.19E+11	64248354.54	2.40E+11	3.02E+11	7757083333	8254541195	59937602180	4481977.903	12906635133	3615647477		1.62E+12	4850238550	4.04E+12		135024987.8	59867743468				144482515.4	1.24E+13	109200934.3			84870163366	2719518933	6355369172
1985		1.49E+11		1.38E+11	7554065410	1897050117	346742714.7	4.33E+11	40603650232	88150891728			246370370.4	1.81E+11	69114996010		1149979286	86268264148	1045712789	1552493196	22278423077	17155421053	4152376484	2320699900			287300000	1039500032	5377276555	2.11E+11	1409536121	6967623884	163288815.4	1114783343	864849836.3	3.66E+11		1.11E+11		17933557360	3.10E+11	6977650644	8544810498	7195042616	2160872540	34894411352	191944891.6	137728204.8	3919203960	13794627076	22920490774			2430411900		7.35E+11	340989528	119491933	62452421011	5044579979	57937868670	5.27E+11	1.49E+12	2.39E+12		3.82E+12	17149088413	39053502251	2.40E+12		1.81E+11		9717392687	2.69E+12	3.84E+11	55856676899	1141168944	5.47E+11	459307281.2	101931941	3339914757	4.89E+11		4504306723		22787644566	225726358.9	373959151.1	62118569.97	47155741426	167728455.2	412876382.8	9721652087		453488372.1	1.06E+13	35699772166	4328300000	1.37E+11		2009400000	21510643750	2.72E+12	3.07E+12	3.38E+11	1.49E+11	85289488375	1.88E+11	256330852.2	2.33E+11		21270013326	1.80E+11	48425161290	3088359967	28905736367	4.53E+11	2100239019	4993601520	1.43E+12		6135034214		1102669184	26126615.23	111007407.4	1.04E+11	21445970614	6.25E+11	2366666616		851296100	31530566324	284444444.4	7.56E+11	1.54E+11	73755909046	529073612.5	5978460972	6.15E+11	2.35E+12	268629925.9	1.46E+12		4577211767		1362072160		14991283216	1082867507		3802557895	127190758	6.68E+11	1.95E+11	43879000	2.28E+12		1594347021	1117797439	1478908173	4.54E+11		2186505475			1009723326	1090611325	1646442273	31199633353	4.71E+12	1608237350	854820893.6	1440581652	73745821158	2683699935	1.44E+11	65416879914	2619913956	41548740.51	24679795396	1.01E+13	10005645420	19321547628	31144920844	6541517100	15078736875	34961486348	51030637	2423339172		2.48E+11	20289200000		27115807742	3282449236		1862560930	9.86E+12	1448281228	6153296456			1715626331	2.64E+11	1.04E+11	8075259600	3818944918	19156532746	165524943.5	856890459.4	3800368600		875702247.2		2.78E+11		2.88E+11	35762826952	82733069.44	873000000			1.14E+11	360079419.4		179691482.7	16403539893		1033069709	5.26E+11		1076604520	38900711333			7.06E+11		4.50E+11	60058663.31	2.64E+11	2.88E+11	7375918367	8410226053	67232758621	3862851.883	15328295175	3519695444		1.67E+12	4732017873	4.34E+12		145641705.2	61965466667			14094687821	131856420.7	1.30E+13	95572172.98			64459376087	2252454500	5640137575
1986	405586592.2	1.61E+11		1.10E+11	7072536109	2097326250	481996012.9	4.05E+11	33943612095	1.06E+11			297562963	1.83E+11	98648254169		1201725497	1.20E+11	1336102025	2036303358	21774033333	20249294118	3470746843	2472500000			311500000	1173500032	3959382833	2.56E+11	1547755183	4190280003	191218115.5	1392602164	1122265013	3.79E+11		1.59E+11		19197818085	3.01E+11	9158302100	11857056199	8095367168	1849268212	34942489684	258143902.9	190651167.6	4418983871	11773697053	24226574634			3090734463		1.05E+12		135161958.5	87748695217	6122128558	63692007897	5.25E+11	1.50E+12	3.13E+12		5.21E+12	15314138472	41253507951	3.38E+12		2.51E+11		10094328898	3.75E+12	3.54E+11	73511611541	1290267340	7.65E+11	688914288.9	112210000	3403638189	6.01E+11		5735677434		2909130355	185646986.8	338524232.6	76407395.87	55595445472	187589522.6	603016292.7	7231963516		504651139.5	1.29E+13	41075396885	4706100000	1.26E+11		2318000000	24778163812	2.82E+12	3.13E+12	3.06E+11	1.38E+11	79954072545	1.68E+11	356287012.6	2.49E+11		28714571852	2.09E+11	47264516129	4129080094	35834154874	6.42E+11	2754549582	6402050485	2.12E+12		7239126568		1167630318	25993008.79	130685185.2	1.20E+11	17903989745	6.33E+11	1776842097		840964400	24180400959	340000000	7.65E+11	1.34E+11	77699611465	779357802.5	6405210564	6.18E+11	2.40E+12	318858423	1.55E+12		6685595088		1532105070		19462085540	1515234743		4347989788	141882254.2	6.77E+11	1.35E+11	55989000	2.33E+12		2132938007	1435038441	1582873750	4.88E+11		2896178867			1186628778	1482601552	1722586299	27734111400	4.96E+12	1809048527	1201321514	1904096998	54805852581	2885799994	2.01E+11	78693118044	2850782044	39939390.74	30604668357	1.23E+13	7324167369	19271096442	31899070056	6797834200	21859448586	33987207295	58109314	2647995602		2.15E+11	22009300000		38745901354	3723993943		2030345447	1.21E+13	2212028300	5053021951			1944710684	2.80E+11	86961922765	10092200000	5392093446	18586746057	147620047.7	490181456.6	3771663200		916590786.3		2.60E+11		2.70E+11	33618097085	115928906.7	891000000			1.50E+11	449140318.4		221147061.3	13293205278		1067828246	5.25E+11		1498219579	43096773981			7.13E+11		4.84E+11	68195855.61	2.80E+11	2.70E+11	4794444444	9017806654	75673037037	4574706.212	10840864521	3923244050		1.71E+12	5880112788	4.58E+12		160846656.7	60516123711			26336616250	126498935.3	1.53E+13	100947848.6			73354771399	1664413508	6220698247
1987	487709497.2	1.90E+11		1.13E+11	8084412414	2080796250	611299924.5	4.31E+11	36384908744	1.09E+11			346866666.7	1.90E+11	1.24E+11		1131466494	1.49E+11	1562412228	2369834950	24298032258	28101000000	3856922694	2713999900			371100000	1296499968	4347956338	2.83E+11	1704370308	4918010080	242742766.3	1965226890	1200991978	4.33E+11		1.99E+11		22605488851	2.73E+11	10087654465	13049659981	7661625473	2297753652	36373307085	313292323	235253064.7	4532952047	12334469174	25213935012			3704813886		1.30E+12	373371738.3	151868754.4	1.09E+11	5827050753	66745818375	5.19E+11	1.52E+12	3.67E+12	2.35E+11	6.43E+12	13945426859	40455616654	4.18E+12		3.19E+11		10790001558	4.64E+12	3.56E+11	91564993913	1177947965	9.26E+11	886508622.3	116700000	3281797043	7.45E+11	7321981334	5074829932		2976714019	220626484.2	451893375	93345859.53	64739630096	215009569.6	787390409	7084399840		354591846.9	1.49E+13	50622896163	5024800000	1.35E+11		2047200000	27232016527	2.91E+12	3.23E+12	3.17E+11	1.42E+11	75929617558	1.74E+11	459975486.2	2.79E+11		33920518493	1.34E+11	56774193548	5713281235	43049543635	8.08E+11	3287007322	6756209762	2.58E+12		7970820369		1036974910	29554412.53	147748148.1	1.52E+11	22368704134	6.94E+11	1087273104		972800000	26697659335	375555555.6	8.21E+11	1.42E+11	81699510513	1052848996	6682167120	6.74E+11	2.48E+12	402768324.5	1.64E+12		8320902215		1957724829		21765195948	1839081463		3212900556	141223029.4	6.32E+11	1.48E+11	62983000	2.40E+12		2437004680	1751293461	1562448077	4.27E+11		3020611600			1344664725	1906174438	1721711808	32181210158	5.29E+12	2300068217	1488093102	2233006105	52676041931	3851200118	2.45E+11	94229907236	2957255380	40118409.87	40376354070	1.42E+13	7811183095	24115018695	33351529275	6827665300	36889706593	37791488666	66169905	3143851794		2.31E+11	24025800000		48182925857	3971044724		1986467978	1.40E+13	2677977163	5446428681	38067567568		2157432668	3.13E+11	85695861148	12093333333	6487353103	20919215578	155128542.4	660106336.1	3958045800		1018972664		2.92E+11		3.03E+11	38725831003	115952925.5	980000000			1.83E+11	584126092.3		265212956.8	11356215543		1163426852	5.18E+11		1763978066	50535446555		2331358820	7.65E+11		4.24E+11	81667133.45	3.13E+11	3.03E+11	4797777778	9696715911	87190081680	5020513.499	7824193222	6269522042	64087694038	1.73E+12	7367494080	4.86E+12	8523160593	175580647.4	48029034483			36658108850	139464173.5	1.75E+13	111713922.1			96535763418	2265250972	6744657033
1988	596648044.7	2.07E+11		1.12E+11	8769836769	2051236250	721425939.2	4.29E+11	36275674203	1.27E+11			411396296.3	2.36E+11	1.33E+11		1082403219	1.62E+11	1620246084	2616040479	26579005558	22555941176	4209834173	2817900000			421450000	1415100032	4597612362	3.08E+11	1812757918	4535130305	272298066.6	2644554159	1264899288	5.09E+11		2.16E+11		26174858614	3.13E+11	10255169806	12236057362	8861299977	2212536312	39212550050	336422522.4	264308140.3	4614629898	12745727416	27458999472			4278792597		1.41E+12	395794538.6	171106184.1	1.16E+11	5374299981	59089396860	5.76E+11	1.61E+12	4.42E+12	2.61E+11	7.16E+12	13051881851	34980124929	4.59E+12		3.76E+11		11181119718	5.09E+12	3.87E+11	1.09E+11	1110009523	1.01E+12	968576956.9	124700000	3834503376	9.10E+11	8833588173	5197765032		3476480303	266672211.9	427514321.5	100534656.9	75200610137	236357523.7	898607670.6	7841602824		413799990	1.68E+13	59707404561	4892660944	1.42E+11		2613926800	29799838597	3.11E+12	3.44E+12	3.34E+11	1.48E+11	84300174486	1.86E+11	584702952.7	2.97E+11		37772896221	1.23E+11	62684516129	6320093411	52650948910	8.94E+11	3828342820	6277451829	3.13E+12		8355380879		1662877859	38278810.32	172692592.6	2.05E+11	20690322153	7.54E+11	598961269.3	3313540068	1038300000	24308959591	429629629.6	9.01E+11	1.56E+11	88552567441	1161757671	6978371581	6.95E+11	2.65E+12	470395800.6	1.79E+12		9418167855		2288761823		25705296184	2000704745		3189456965	168514513.4	6.32E+11	1.82E+11	70688000	2.56E+12		2712207901	2019503068	1541088312	4.14E+11		3204461567			1414951290	2163252449	2008189508	35272109220	5.75E+12	2495094746	2072775508	2280356193	49648470440	2630900096	2.62E+11	1.02E+11	3487009748	45931133.59	45176811594	1.60E+13	8386215865	25998041841	38472742808	5902783400	15439408447	43152128959	75348615	3656177881		2.42E+11	26385800000		56347250696	4255683528		2046486236	1.57E+13	2723496362	6038187033	40424528302	5.55E+11	2395492687	3.34E+11	88256074766	14372555556	6418419389	25371462488	176494394	1055083933	4189880000		1051596967		3.07E+11		3.19E+11	41025318188	99000764.39	1161000000			2.07E+11	692026454.7		301985618.1	10577041645		1482597298	5.76E+11	9.91E+11	1947208354	61667253471		3010982414	8.39E+11		4.11E+11	106657267.4	3.34E+11	3.19E+11	4496910569	10096245762	90875175809	7011059.371	7406614407	6508931652	74703517903	1.87E+12	8213538369	5.24E+12	10722799639	200726712.6	60226413793			25423812649	158351368.4	1.95E+13	133016065.4			1.04E+11	3728878149	7818774177
1989	695530726.3	2.21E+11		1.05E+11	10201780977	2253090000	795489582	4.57E+11	41464995914	76629728760			455174074.1	3.00E+11	1.33E+11		1113924130	1.64E+11	1502294416	2615587734	28781715189	21988444444	4393093963	3062000000			491100000	1501500032	4715973437	4.13E+11	2006165167	4983622881	264798626.2	3083822112	1233930281	5.67E+11		2.08E+11		30101767991	3.48E+11	9757410645	11012566195	9021862775	2389593026	39540080200	328665080.8	267448571.4	5251025767	12606272527	27023468666			4563482604		1.40E+12	409220087.1	185137243	1.12E+11	6686593060	55634721573	6.23E+11	1.63E+12	4.60E+12	2.96E+11	7.26E+12	13890823705	39756299050	4.69E+12		4.14E+11		11762932007	5.20E+12	3.83E+11	1.19E+11	1182660266	1.02E+12	871935350.4	135200000	4186411464	9.27E+11	8902632715	5251858440		3546079263	284120329.4	554072302.8	88265974.86	78067933277	267327642.2	929799902.2	8410724361		379779389.7	1.75E+13	68790219178	4375896552	1.44E+11		2736243800	30422508938	3.24E+12	3.58E+12	3.36E+11	1.44E+11	94451427877	1.92E+11	617619437.2	2.96E+11		39238392678	1.20E+11	65831935484	5870854233	52443479454	9.31E+11	4404937853	4221373674	3.11E+12		8283114514		1353137648	37645319.2	192518518.5	2.54E+11	24313855653	8.58E+11	714046821.1	2717998688	786300000	25156707899	486666666.7	9.95E+11	1.68E+11	95849966757	1119983801	6987267684	6.81E+11	2.84E+12	495409232.6	1.91E+12		10037674038		2705665492		26314313191	2010083833		3175638333	189514434.2	6.51E+11	2.21E+11	72798000	2.75E+12		2824822489	2118655677	2013448229	4.16E+11		3576966800			1450647019	2211312823	2314205130	38847965293	6.21E+12	2535135798	2185082939	2179567114	44003061108	1013184756	2.59E+11	1.03E+11	3525225787	53736786.09	43920222525	1.67E+13	9372171651	26569541981	40171106279	5918469800	22499558526	48513773721	85800543	3546472566		2.45E+11	28161200000		60594092182	4757732200		2132424515	1.64E+13	2731683484	6487912088	41450777202	5.07E+11	2405022593	3.36E+11	95344459279	21408111111	6366039373	30465364739	172882410.6	932974420.3	4372215300		1181360844		3.12E+11		3.24E+11	41503137702	98545367.04	542600000			2.18E+11	696921542.4		324333366.5	9853395762		1433686312	6.22E+11	9.64E+11	1910635575	72250748100		3006988217	9.31E+11		4.13E+11	106344855	3.36E+11	3.24E+11	4323058824	10101851745	1.07E+11	8454523.247	6418799007	5276480799	82709161099	2.07E+12	8438951476	5.64E+12	11948815258	214745002.2	43536709104			6293304975	154013202.1	2.04E+13	122888609.7			1.08E+11	3994673161	8290553535
1990	764804469.3	2.56E+11		1.24E+11	11229515599	2028553750	1028989692	6.42E+11	50701443748	1.41E+11	2256863449		478718518.5	3.12E+11	1.66E+11	8884848485	1132101253	2.05E+11	1959965330	3101300779	31598340778	20632090909	4809511005	3166000000	7753478261	17389558233	546750912.3	1592400000	4867582598	3.91E+11	2012131457	6039881087	287765007.1	3790636324	1440711459	5.96E+11	2.72E+11	2.66E+11		33428580448	3.62E+11	10795850583	12314482628	9349764580	2798746050	47844090710	401561021.5	306890962.6	5711687787	13573367100	28645436569			5591130218	41016881802	1.78E+12	452328087.3	201429629.6	1.38E+11	7073675545	62048507531	6.67E+11	1.92E+12	4.80E+12	3.54E+11	8.87E+12	15239272612	42978914311	5.91E+12		5.36E+11		12478943895	6.51E+12	5.46E+11	1.41E+11	1337017559	1.26E+12	960805408.9	147200000	5952293765	1.09E+12	7735927264	5889106573		3888320666	317083695.5	634187269.2	112119411.5	96529587274	278098763	1018977280	7650196845		396582263.3	1.96E+13	76928784621	3734460117	1.65E+11	25650213280	3096289800	34478360679	3.65E+12	4.02E+12	3.79E+11	1.59E+11	1.06E+11	2.21E+11	761514559.7	3.21E+11		49305632408	1.25E+11	1.80E+11	6694851159	62016729541	1.18E+12	4592208087	4160087508	3.19E+12	26932016270	8572359038	2660202623	1402541177	36534294.8	217259259.3	2.92E+11	18427777778	9.56E+11	865559879.4	2838485354	384400000	28904183602	579629629.6	1.11E+12	1.93E+11	1.20E+11	1421509216	8032551173	7.40E+11	3.26E+12	596410263.7	1.97E+12		12778792854		3246481233		30179954775	2481307077	3592857043	3931334875	215043969.8	8.37E+11	2.61E+11	78476000	3.15E+12	4699646643	3248417791	2547328748	2115193513	5.62E+11		2560785660			1506914408	2689212760	2737087862	44024585240	6.56E+12	2789921854	2529440424	3512356508	54035795388	1009455484	3.19E+11	1.20E+11	3627560239	55572375.53	45495129385	1.89E+13	13310273082	31954015146	40010423970	6433967000	26410386963	50508286642	97702303	3219729083	65977748211	3.97E+11	30603919000		78713860217	5812114523		2385132399	1.85E+13	3320159522	7360439423	38247882300	5.17E+11	2550185679	3.65E+11	1.18E+11	33641222222	7390967360	36144336769	214877666.8	649644097.6	4817542204		1031282081		3.67E+11		3.80E+11	47935378887	119297932.8	388400000	12915046978	19832029087	2.61E+11	1114694041		392163560.9	12308624418		1738605558	6.67E+11	1.02E+12	2299665506	85343190719	2629395066	3189539641	1.04E+12	128210142	5.57E+11	113563821.6	3.65E+11	3.80E+11	5068000000	12290568182	1.51E+11	9542900.901	6184384225	4304399310	81393558423	2.41E+12	9298807850	5.96E+12	13362340338	240366666.7	48606952195			6471740806	168879207.2	2.29E+13	125766269.8		12643821569	1.26E+11	3288381797	8788301546
1991	872067039.1	2.77E+11		1.31E+11	10603784541	1099559028	1106891362	4.68E+11	51552165622	1.90E+11	2069870130		504337037	3.26E+11	1.73E+11	5344000000	1167398478	2.11E+11	1986437797	3135045584	30957483950	7628738475	5248911170	3111160000	6122959184	18404907975	596682100	1634900000	5343262457	3.43E+11	2020583702	6284497294	240294286	3942876703	1377374987	6.13E+11	2.47E+11	2.69E+11		38232330917	3.85E+11	10492628581	11840192296	9625436873	2724853506	49175565911	400592662.6	319827058.6	7215725487	13946896742	24316556026			5770197348	30071014282	1.88E+12	462421998.5	219762963	1.39E+11	9824483340	45715676428	7.25E+11	2.03E+12	5.43E+12	3.41E+11	9.14E+12	16988535268	37387836491	6.13E+12		5.77E+11		13799799324	6.73E+12	3.86E+11	1.28E+11	1383883250	1.26E+12	909253214.8	166200000	5402919785	1.14E+12	6324503311	6603185268		4396178694	690311080.5	668470890.8	110906028.5	1.04E+11	300757888.9	1016500069	9406135143		348533094.8	2.07E+13	88959997900	3699381195	1.80E+11	18760386775	3473562628	34867307353	3.53E+12	3.94E+12	4.09E+11	1.70E+11	1.17E+11	2.40E+11	821507936.5	2.70E+11		49787501584	1.32E+11	407796349.7	7151260062	70998755007	1.25E+12	4106207649	4344467193	3.65E+12	24923076923	8151488783	2542256424	2054974089	41247791.64	220540740.7	3.41E+11	11009993703	1.02E+12	1028087972	4690415093	348000000	31991821265	613703703.7	1.19E+12	2.09E+11	1.34E+11	1484160302	9000362582	7.09E+11	3.17E+12	704325366.7	1.98E+12		13834219728		3765249711		32285573574	2480540845	3094565871	3254713056	244396761.9	6.74E+11	3.13E+11	82507000	3.04E+12	4938775510	3576562682	2750216747	2069832687	3.81E+11		2379018326		3854856435	2133692697	2895354736	3206783830	49143148094	6.77E+12	2996869281	2653780672	3285796875	59526833412	1488804124	3.28E+11	1.22E+11	3921476085	52533788.56	42745329732	2.00E+13	12918335501	33550913339	45625336680	7074675500	34341465998	51784144943	106555300	3787394958	85500935935	2.25E+11	32287031000		89233599278	6984367763		2529727433	1.95E+13	3410078968	6883516484	28850634900	5.18E+11	1911600237	3.14E+11	1.32E+11	44171194366	7255210470	45466164978	227540473.3	779981987.1	5252342400		717974929.8		3.92E+11		4.07E+11	50019032461	107484142.7	448100000	14459924589	14454495059	2.74E+11	1156135718		398307169.9	12981833333		1877137982	7.24E+11	1.00E+12	2262767860	98234714971	2536585366	3208098919	1.12E+12	147713000	3.78E+11	132201141.4	3.14E+11	4.07E+11	5307905882	13074782609	1.51E+11	10127313.91	7197768159	3321729160	77350733982	2.34E+12	11206176651	6.16E+12	13800167712	254829629.6	53453444787			9613369520	201334169.1	2.39E+13	125597205.4		14665445462	1.35E+11	3376806697	8646000000
1992	958659217.9	2.41E+11		1.25E+11	8307810974	652174990.8	1209992020	4.68E+11	54239171888	2.29E+11	1272835453		525133333.3	3.26E+11	1.94E+11	444658671.6	1083037671	2.35E+11	1695315306	3356692505	31708874594	8602887623	5402232447	3109000000	4735044707	16939790094	695741150	1679900000	5643868749	3.28E+11	1957000000	6327966435	240233531.2	4146464587	1411917553	5.94E+11	2.55E+11	2.80E+11		46538895686	4.29E+11	11152971274	12071775335	8227343907	2933222703	58418985443	436552922.1	357160985.3	8579754758	14242986936	22085858243			6912150456	35051065440	2.14E+12	478058304.9	234059259.3	1.53E+11	11605382504	48003133347	8.13E+11	2.21E+12	5.93E+12	3.28E+11	9.79E+12	18094238119	41855986519	6.75E+12	477101651.6	6.30E+11		10754799037	7.39E+12	3.44E+11	1.13E+11	1532411039	1.39E+12	912670413.3	178100000	5592390827	1.18E+12	3690328964	6416103926		4789220417	714254256.1	588309271.3	134707183.8	1.15E+11	310160444.4	1037916163	10440781588		373573141.5	2.21E+13	1.04E+11	4122846905	1.37E+11	10621169291	2257129792	38857339125	3.69E+12	4.06E+12	3.65E+11	1.65E+11	1.28E+11	2.00E+11	854849069.8	2.88E+11		55918538121	1.20E+11	553671957.7	7328497599	79457685757	1.32E+12	3535460090	5310833194	3.98E+12	24917355372	8209120763	2315346943	2491486594	61491369.28	242137037	3.67E+11	19858555215	1.11E+12	1127806945	5843579161	223500000	33887047909	674074074.1	1.30E+12	1.65E+11	92686061463	1631177029	9703011636	7.40E+11	3.33E+12	831029861.7	2.02E+12		15518702635		4914365189		33711069431	2737049231	2319243436	3714966678	284875809	7.11E+11	3.63E+11	91063000	3.24E+12	2436849342	3680775037	3021942759	2411552289	3.90E+11		1317611864		2798696511	2164298425	3267677814	2618837835	59167550163	7.12E+12	3429521699	2923883281	3386232579	52058181854	1792800000	3.63E+11	1.31E+11	3401211581	51133123.13	41649829860	2.15E+13	14183615085	36340445475	48884671947	8042337700	35966302303	60422328242	104771300	4377980510	94337050693	1.75E+11	34630430000		1.08E+11	7157424031		2776997612	2.09E+13	3713785765	7646153984	25121666667	4.60E+11	2029026962	3.34E+11	1.37E+11	7031933492	7769817840	52131320033	269034595.8	679940813.9	5813399300		709297578.5		3.55E+11		3.66E+11	53255036349	94861780.62	404600000	15699327209	14277261541	2.84E+11	1284759928		461409398.9	13253565861		1881847670	8.12E+11	9.29E+11	2390796916	1.11E+11	1908554572	3200539816	1.23E+12	187891500	3.87E+11	137066290.6	3.34E+11	3.66E+11	5439552941	15496708060	1.59E+11	10535028.14	6681997469	2857457762	73945908384	2.50E+12	12878148791	6.52E+12	12953801760	277955555.6	60416519620			9866990236	209088824.6	2.55E+13	132303041.4		17959367194	1.47E+11	3182810841	6755000000
1993	1083240223	2.40E+11		1.31E+11	5768720422	1185315468	1007090270	4.79E+11	55625170253	2.37E+11	1201312829		565662963	3.13E+11	1.90E+11	1570392598	938632612	2.25E+11	2274558083	3199536465	33166519418	10832064942	5913001064	3092000000	3630668950	16275073527	752255150	1820359900	5734699489	3.68E+11	2063342117	6203339912	225973692.8	4160129175	1278781262	5.79E+11	2.70E+11	2.72E+11		49934943321	4.47E+11	11045760288	16181814713	10706259937	2684323623	66446804803	427750822.9	490417389.7	9564815975	13815833342	22367254865			6590291048	41155654032	2.08E+12	466048469.2	245525925.9	1.43E+11	13081042400	49945584453	8.92E+11	2.38E+12	6.64E+12	3.39E+11	9.00E+12	18938717359	46578631453	6.18E+12	467872714.8	5.25E+11	4013091682	9051043870	6.75E+12	3.51E+11	89112105756	1636101247	1.31E+12	760957189.8	198400000	4378645081	1.06E+12	2701181331	5968922939		4781166117	755040974.1	615779518.8	136047906.2	1.07E+11	309812185.2	927214151.8	11400017301		454101382.5	2.23E+13	1.20E+11	4190773622	1.42E+11	11259647874	1878253767	40256233360	3.93E+12	4.31E+12	3.83E+11	1.75E+11	1.58E+11	2.08E+11	765647870.4	2.79E+11		52417477614	63743623232	1031944881	6435952174	79855877174	1.07E+12	5440075676	5606400222	4.54E+12	23409260880	5751786643	2026019253	2533727592	58953595.91	263755555.6	4.06E+11	23941391391	1.34E+12	1327748690	7941744492	160400000	30660051911	684814814.8	1.54E+12	1.71E+11	1.02E+11	1673085245	10338679636	7.49E+11	3.60E+12	835582062.5	2.10E+12		15925521222		5665606115		31655473664	2574494356	2371813324	4063298919	322417837.2	6.67E+11	5.30E+11	99461000	3.50E+12	2682456897	3632801877	2709193538	3163020035	3.44E+11		768401634.2		2883161897	1847353211	3307302126	3013392658	66894966969	7.44E+12	3251188833	2822243781	3052673849	56721051402	1756454248	3.54E+11	1.21E+11	3660041667	43542088.25	46775620817	2.18E+13	14230429129	34799288269	51809999353	8782585400	34832077221	62036529147	96455700	4974550286	96043157273	1.83E+11	36922456000		95009751901	7249533620		2916179027	2.10E+13	3544608548	7156593654	26361160450	4.35E+11	1971525712	3.27E+11	1.33E+11	8881005436	7367986241	60603815716	300746361.1	768867883	6680269200		1260132956		3.60E+11		3.70E+11	51480858165	125742228.8	428764705.9	16737973764	14449298372	2.13E+11	1357189552		504230620.6	13695962055		1463251164	8.91E+11	9.19E+11	1741944426	1.29E+11	1646623195	3179225949	1.47E+12	216914400	3.42E+11	138489884.4	3.27E+11	3.70E+11	4669491134	14608335608	1.80E+11	10414399.96	6182872708	3220439044	65648559903	2.75E+12	15002136971	6.86E+12	13099920056	286307407.4	60037460783			13180953598	200491853.2	2.60E+13	133122897.2		21736802664	1.47E+11	3273505344	6567250000
1994	1245810056	2.43E+11		1.35E+11	4438321017	1880950864	1017544069	5.00E+11	59305093980	2.57E+11	1315158637		625081481.5	3.23E+11	2.03E+11	1193141110	925030590.2	2.45E+11	1598075944	1895290637	33768660883	9709240034	6330627926	3259000000	1255802469	14931435232	771838000	1867160100	5981222859	5.25E+11	2151344901	6467782518	258954708	4259259604	851174356.8	5.80E+11	3.09E+11	3.01E+11		57438273591	5.67E+11	8313557510	8902446252	5820382248	1769365438	81703500846	314789556	406580652.3	10489903725	14788599389	28448326757			7425703929	48188478339	2.22E+12	491689220.7	264374074.1	1.56E+11	14644734599	42543176829	1.07E+12	2.50E+12	7.43E+12	2.66E+11	9.41E+12	22708673337	51897983393	6.53E+12	531688311.7	5.30E+11	4123011420	7100806754	7.16E+12	3.53E+11	1.03E+11	1825732093	1.39E+12	758739178.6	202500000	4190819344	1.14E+12	2513867645	5446383727		4932800407	746493951.9	612502084.8	100807002.5	1.15E+11	325111814.8	1005887539	12983233311		540874934.2	2.39E+13	1.36E+11	4105686899	1.22E+11	15062911617	2167569046	43307949890	4.34E+12	4.73E+12	3.96E+11	1.91E+11	1.77E+11	2.06E+11	833255280.1	3.27E+11		57097656066	71841461173	3991349283	6612804056	90740103829	1.10E+12	5452558947	6236295978	5.00E+12	21250792886	7148148564	1681780847	2791435272	67055333.9	295159259.3	4.79E+11	24848483838	1.58E+12	1543606345	9599127050	132200000	28610549763	713703703.7	1.80E+12	1.68E+11	97114664249	1948129623	11717604209	8.42E+11	4.04E+12	878250945.3	2.44E+12		17701798891		6311207780		35604137423	2720332135	1702314268	3522227092	356014932.1	7.03E+11	5.54E+11	108071000	3.94E+12	3559608640	2655768636	2998505428	4432257174	3.62E+11		925817092.2		2958108170	1944876755	3606050873	1719864761	74478356958	7.87E+12	3666503530	3038728385	1938058175	80399613064	3863185119	3.80E+11	1.27E+11	4066775510	39742511.24	55314732279	2.33E+13	14715214564	36855488520	52293470813	9365289800	44882079767	73159336915	106138500	5502786070	1.11E+11	1.91E+11	39690630000		99688641304	7870982005	2843300000	3414639448	2.25E+13	3676123788	7374450769	30072805104	3.95E+11	753636370.5	3.77E+11	1.35E+11	12793794737	5034588196	73688724431	402837005.3	911853802.4	7679384000		1481205098		3.71E+11		3.78E+11	55018329444	131338414.6	605492537.3	20428139756	16400767070	2.29E+11	1419294254		517570058.2	10122020000		1179837963	1.07E+12	8.29E+11	1387662121	1.47E+11	1522001206	2561118608	1.72E+12	239040500	3.59E+11	195990986.2	3.77E+11	3.78E+11	4947181646	15633174304	1.31E+11	11772610.66	6550480484	3990430447	52549580265	3.10E+12	17474588896	7.29E+12	12899074922	289437037	58418666667			16286433533	233701301.5	2.80E+13	221098106.5		28019483764	1.54E+11	3656806166	6894250000
1995	1320670391	2.73E+11		2.08E+11	5538749260	2905092799	1178745283	5.28E+11	65743666576	2.58E+11	1468317435		616051851.9	3.69E+11	2.40E+11	2417331193	1000428394	2.88E+11	2169627138	2379517975	37939748769	18991484420	6651180851	3429000000	1866572954	13972683274	818590250	2030750000	6715161732	7.69E+11	2216974096	7700144069	290490983.8	4730599122	1115389674	6.06E+11	3.95E+11	3.53E+11		73820425702	7.38E+11	11000146267	10864772471	5643439376	2116003868	92507279383	392774713.6	487148993.5	11578594260	15732201525	30429803651			9933137128	60572381311	2.59E+12	497723960.6	274522222.2	1.85E+11	16637370839	41764291672	1.33E+12	2.62E+12	8.43E+12	3.74E+11	1.09E+13	24432884442	60159245060	7.54E+12	578015625	6.14E+11	4502970889	7855205207	8.30E+12	4.31E+11	1.34E+11	1970301486	1.60E+12	901404709.8	219930003.4	4958845648	1.35E+12	2693732612	6464382808		5385704166	785999864.8	660195402	141853360.9	1.35E+11	342172518.5	1208953287	14655404433		621626785.9	2.65E+13	1.45E+11	4672346194	1.41E+11	22772394547	2813313279	46577614589	4.99E+12	5.47E+12	4.82E+11	2.67E+11	2.02E+11	2.13E+11	922269212.6	3.60E+11		69139823232	96419225744	12894029888	7372640169	1.05E+11	1.18E+12	6577520643	6727597032	5.55E+12	20374302652	9046320255	1661147035	3441205693	68596394.6	313485185.2	5.86E+11	27186980647	1.69E+12	1763536305	11718795529	134800000	25541379187	762962963	1.94E+12	1.72E+11	88805408700	2428525061	13029697561	1.00E+12	4.68E+12	1001894000	3.03E+12	7921210340	20853093870	5608208785	7046147737		39030285468	3130309995	1752999370	3838100904	398988955	7.79E+11	3.80E+11	120230000	4.59E+12	4707041315	3373322735	3709396045	5289174943	4.03E+11		1452165005		3061646174	2091726101	4094741652	2033701498	88705342903	8.25E+12	3978514206	3628440505	2302537562	1.41E+11	4140470000	4.53E+11	1.52E+11	4401104418	39969705.97	63918703507	2.58E+13	15722236671	43750838198	60636071684	9573813700	53312793687	84644328727	121018500	4636057476	1.43E+11	2.80E+11	42647331000		1.18E+11	9062131475	3282800000	3704482553	2.50E+13	4186994249	8137911978	37430162103	3.96E+11	1293535193	4.16E+11	1.43E+11	13830363900	6326342633	87812540788	469443201.5	870740291.5	8921947100		1534756135	17921892655	4.73E+11		4.81E+11	63080936166	103695236.8	691590497.7	26180022222	21367422159	2.67E+11	1698989464		540733047.7	11396706587		1445919895	1.32E+12	9.91E+11	1849110468	1.69E+11	1231561860	2482228440	1.86E+12	262819900	4.00E+11	208871665.7	4.16E+11	4.81E+11	5329217747	18030876599	2.35E+11	11922614.2	7631431840	5755818842	48213856469	3.59E+12	19297663097	7.64E+12	13350461265	316007407.4	77389487770			20736164459	249333250.1	3.12E+13	224865731.4		12796345679	1.72E+11	3806983413	7115000000
1996	1379888268	2.73E+11		2.64E+11	7526421519	3234486232	1224024139	5.71E+11	73571233996	2.72E+11	1596968946		679140740.7	4.02E+11	2.36E+11	3176507376	869033856.3	2.79E+11	2361116449	2586550595	46438484108	12294964838	6938166755	3609000000	2786045322	14500437520	850339100	2695390000	7396949126	8.50E+11	2363645403	7663377306	303408345.6	4847757218	1007791127	6.31E+11	4.18E+11	3.40E+11		78584098984	8.69E+11	18071152831	11093538846	5771456952	2540697539	97160109278	392488148.7	501979269.8	11678424507	16941993240	25017368700			10011914680	67804105330	2.51E+12	494004647.7	292285185.2	1.87E+11	18241622548	46941554225	1.52E+12	2.84E+12	8.13E+12	3.95E+11	1.12E+13	25226393197	67629716981	7.63E+12	693535954.2	6.42E+11	4786018988	8761215548	8.43E+12	4.66E+11	1.32E+11	2128696644	1.60E+12	989536914.7	216545996.9	5694040003	1.43E+12	3094936177	6932991739		5641243100	848239446.2	702965147.6	232463022.8	1.43E+11	366911444.4	1197515569	15674835615		705406001.4	2.67E+13	1.60E+11	4798834459	1.55E+11	24150978347	2907517604	46833767124	5.44E+12	6.00E+12	5.56E+11	3.28E+11	2.27E+11	2.25E+11	1007205928	3.93E+11		75790786290	1.20E+11	10433698621	7686566105	1.15E+11	1.31E+12	7393891921	6927503526	4.92E+12	21035357937	12045865396	1827570586	3506695720	81456854.14	333944444.4	6.31E+11	31492373309	1.84E+12	1873671550	13690217334	159400000	27884615385	788888888.9	2.10E+12	1.82E+11	84839243701	2504012993	13897738375	1.14E+12	5.19E+12	946112492.8	3.34E+12	8430207164	20895314658	5799465288	7176892950		43161571528	3137886995	1695122174	4931861039	450382328	8.63E+11	4.32E+11	110858000	5.11E+12	4642021256	3743103420	3822547197	6123556717	4.47E+11		1345719472		4030146135	2132087009	4481489762	3319573750	1.01E+11	8.71E+12	3989163197	3606968436	2405686940	1.86E+11	4308351903	4.51E+11	1.64E+11	4521580381	37458801.21	70140835299	2.60E+13	17402080624	44988678306	63320170084	9197503323	55252414130	94648084429	137494600	5155311077	1.61E+11	3.40E+11	45340835000		1.23E+11	9788391781	3409600000	3969814413	2.51E+13	4166072830	9059340385	36937074278	3.92E+11	1382334879	4.59E+11	1.59E+11	9018300725	6559712166	96293086513	510586430.2	941709422.5	9586327800		1792234297	23277430168	5.28E+11		5.38E+11	65815856152	135188165.7	861372806.2	28197790875	21470699363	2.92E+11	1602741834		535250347.1	13789560878		1607345356	1.52E+12	1.02E+12	2069506014	1.83E+11	1043654822	2378759975	2.02E+12	306956900	4.43E+11	222100576.3	4.59E+11	5.38E+11	5759570336	19587161807	2.50E+11	13338597.33	9433528150	6044585327	44558831005	3.97E+12	20515458114	8.07E+12	13948892216	331488888.9	70543211119			24657470575	261370044.5	3.20E+13	249907868.8		6496163616	1.63E+11	3597220962	8557500000
1997	1531843575	2.88E+11		2.76E+11	7648380196	2293666030	1180645572	6.15E+11	78839008445	2.93E+11	1639492445		734422222.2	4.36E+11	2.12E+11	3962362387	972896267.9	2.53E+11	2268301646	2447669102	48244309133	11316127379	7219407713	6332360000	3671909673	14128408566	872916050	2932827000	7925736821	8.83E+11	2498384130	7793034376	352229076.7	5020265627	937741513	6.55E+11	4.11E+11	2.95E+11		85741415285	9.68E+11	18047558038	10789458433	6090838693	2322719103	1.07E+11	362816806.1	490608657.9	12614602382	20074931520	25365908100			9547816420	62539765163	2.22E+12	502675542	302988888.9	1.73E+11	20017450041	48177612042	1.58E+12	3.03E+12	7.77E+12	4.21E+11	1.06E+13	28162053027	78436578171	6.98E+12	686490090.1	5.90E+11	5154420649	8803539988	7.74E+12	5.21E+11	1.27E+11	2090221137	1.45E+12	933763083.4	204397167.5	5326817115	1.57E+12	3510520231	6891443192		5516916163	803633342.5	698107222.4	442337870.7	1.39E+11	392190592.6	1072154434	17790026222		749138009.6	2.63E+13	1.77E+11	5569178707	1.62E+11	24175764812	3338949152	47398564799	5.78E+12	6.36E+12	5.82E+11	3.44E+11	2.16E+11	2.36E+11	1178261297	4.16E+11		82856648758	1.14E+11	20764857056	7716781803	1.19E+11	1.24E+12	8400041724	7245839210	4.49E+12	22165932063	13115764358	1767864036	3443413389	80205806.83	374641308	5.89E+11	30350190704	2.01E+12	1747011857	15751867489	295900000	30700897875	805925925.9	2.30E+12	1.89E+11	90885588132	2298389803	15091913884	1.20E+12	5.51E+12	998004258.7	3.50E+12	10168271903	19563836265	6349481007	7267570893		39147844526	2840195190	1930081169	4262965420	508223602.4	9.01E+11	5.23E+11	109884700	5.42E+12	3912986091	3414879486	3787023707	4722288496	4.66E+11	838288806	1180934203		4873663775	2071996564	4243755308	3875785863	1.00E+11	9.24E+12	4154989950	3291131281	2290318910	2.01E+11	4389973490	4.18E+11	1.61E+11	4918691917	37331507.28	66075143415	2.56E+13	18039791938	45001855691	62433340468	10058854386	58147522523	94106317565	143860800	4936615299	1.60E+11	3.72E+11	48187039000		1.17E+11	9965225678	3759800000	3979427588	2.46E+13	3762859093	11297802115	35575214078	4.05E+11	1851558197	4.85E+11	1.66E+11	11681175864	6041478726	1.00E+11	526554006	850232760	10221705900	976606910.6	2191749014	27153408995	5.56E+11		5.65E+11	69056214799	91920274.24	926422500	27844628979	20726878752	2.68E+11	1716714070		598966982.4	14505233463		1544689577	1.57E+12	1.06E+12	2116818623	1.50E+11	921518032.9	2450350625	2.21E+12	319972700	4.62E+11	214991452.3	4.85E+11	5.65E+11	5737771523	20746210354	2.64E+11	13734210.1	11158197942	6269333313	50151531592	4.23E+12	23969739234	8.58E+12	14744603774	347770370.4	85837678560			26843700442	272771209.1	3.19E+13	285475591.9		6838298531	1.69E+11	4303288480	8534000000
1998	1665363128	2.69E+11		2.97E+11	6506221616	2600356999	1211953994	5.99E+11	75674336283	2.99E+11	1893726437		789788888.9	4.00E+11	2.17E+11	4446368571	893770740.2	2.59E+11	2455092686	2804902367	49984559471	15031055047	7031309043	6833220000	4116774301	15222012660	929047000	3130748000	8497494652	8.64E+11	2817083478	5550846020	363458380.9	4790481509	967338389.7	6.34E+11	4.50E+11	3.03E+11	5945677377	81990010704	1.04E+12	19619654756	11298144990	6217805821	1949481379	98443739941	363932160.2	521910560.5	13684255947	21643804665	25736331200			10248618778	67187217328	2.25E+12	514267869.3	322411111.1	1.77E+11	21672215547	48187781984	1.44E+12	2.92E+12	6.96E+12	4.21E+11	1.08E+13	27981896948	84828807556	7.17E+12	745523116.9	6.19E+11	5674080543	8013274132	7.97E+12	5.35E+11	1.34E+11	1653146717	1.50E+12	1104744235	216520601.1	4483417310	1.66E+12	3613497317	7482069162		5232118046	840285264.6	591034143.4	370687634.4	1.40E+11	445903592.6	1149858070	19395491993		717530683.2	2.62E+13	1.69E+11	6163707533	1.68E+11	25890228430	3723903724	48784412624	5.55E+12	6.15E+12	6.06E+11	3.61E+11	95445547873	2.43E+11	1385124213	4.21E+11		90199410116	1.10E+11	20617405044	8637732542	1.21E+11	1.27E+12	8787195622	7912270804	4.10E+12	22135245507	14093998844	1645963750	3120425503	74905705.89	383257331.4	3.97E+11	25943705784	2.02E+12	1280177839	17247179006	359600000	27251301398	877407407.4	2.33E+12	1.92E+11	93088605277	2479699106	15760736956	1.22E+12	5.42E+12	928460893.1	3.37E+12	11289161847	20150053345	6974112951	6796914862		46497608725	2934593468	1698717505	4401967633	540096397.6	8.82E+11	5.57E+11	112070100	5.32E+12	3765745023	3894433432	4010111688	6459461639	4.76E+11	854261160.7	1124440205		5551118149	2032347665	4225813976	2547609590	72167498981	9.70E+12	3873109866	3556304833	2643363519	2.18E+11	4635347386	4.39E+11	1.54E+11	4856255044	29664450.93	56227169851	2.58E+13	16044213264	45175657738	62191955814	11019557689	55501467877	74492416330	149079600	3789443015	1.75E+11	3.94E+11	54086400000		1.24E+11	9260481572	4067800000	3430045709	2.47E+13	3903186593	10255495027	41696091974	2.71E+11	1989343546	4.93E+11	1.47E+11	11250221537	6505607909	85728207782	457579840.2	672368187.1	10936669900	1048316226	2962047564	21004077441	5.58E+11		5.67E+11	70249508111	72285403.84	1110850000	29976207629	22058635314	2.71E+11	1576908856		647287375.8	15200846154		1744794531	1.44E+12	9.50E+11	2241650112	1.14E+11	1320199582	2605689134	2.23E+12	325729800	4.72E+11	191504892.8	4.93E+11	5.67E+11	6043686654	21802893587	2.76E+11	13795146.21	12172790056	6584815847	41882523345	4.10E+12	25385886978	9.06E+12	14988971211	373618518.5	91336763255			27209602050	262293410.7	3.17E+13	269485244.2		6322175566	1.53E+11	3537741942	6405250000
1999	1722905028	2.65E+11		1.40E+11	6152923310	3283941510	1240295199	6.65E+11	84445473111	2.84E+11	1845482173		835544444.4	3.90E+11	2.16E+11	4581248567	808077223.4	2.58E+11	3677393999	3389566713	51270569884	13637098579	7528469149	7683870000	4686256363	12138486532	999713050	3324433000	8285064435	6.00E+11	2951822205	6309070378	399311199.5	5484263347	999477510.7	6.78E+11	4.36E+11	2.98E+11	6262740657	75578685736	1.10E+12	18870992456	11565826465	4711259427	2354772960	86186158685	371921712.5	592416703.1	14254866285	23393912390	28364615200			10497907228	65586562605	2.21E+12	536080148.1	331759259.3	1.78E+11	22136579397	48640671735	1.59E+12	3.09E+12	7.77E+12	3.84E+11	1.07E+13	19645272636	90710704807	7.15E+12	688918537.1	6.34E+11	5756912266	7892973532	7.94E+12	3.99E+11	1.35E+11	1936459986	1.49E+12	1127684827	217198869.1	4662992036	1.69E+12	2800025883	7718109982		5046806783	814724032.1	579365780.1	621117885.7	1.37E+11	482009370.4	1131555107	18318412251		694754988.3	2.75E+13	1.66E+11	6394090592	1.68E+11	23777026779	4153725884	49160204397	5.41E+12	5.86E+12	4.52E+11	2.04E+11	1.40E+11	2.50E+11	1573742113	4.59E+11		98893958263	1.14E+11	36881601584	9107644691	1.21E+11	1.26E+12	8887057997	8149929478	4.64E+12	16870817182	12896010459	1249061487	3517242477	77323978.19	406595484.4	5.16E+11	30122365849	1.80E+12	1454430642	17391056369	441800000	35975860857	921851851.9	2.11E+12	1.98E+11	93786312226	2664105901	15711933513	1.13E+12	5.21E+12	912773681.1	3.12E+12	11022095814	21899317599	7324192890	6547169929		46266428648	2907118641	1170782957	4277903780	589239753.6	9.55E+11	6.31E+11	113352100	5.12E+12	3863619285	4091446054	4111857809	8486832801	5.15E+11	828950327.4	1057408589		6285219691	1985922776	4402193195	2584478924	79148421053	1.03E+13	3868551730	3647802050	2537789821	59145077039	4856026259	4.48E+11	1.62E+11	5033642384	27328612.61	58762260626	2.71E+13	17832769831	47126365701	62973857069	11660704777	50187324568	85640171045	144206500	3477038204	1.71E+11	2.45E+11	57841000000		1.27E+11	8837070236	4271200000	3741318814	2.60E+13	3911602004	12393131868	35953156754	1.96E+11	2157108263	5.32E+11	1.62E+11	10682028340	6592834933	86286849755	488024514.4	669386624	11284197000	1109473368	3045751528	20878694851	3.96E+11		4.05E+11	74261596905	77302211.92	886290697.7	30496272225	22609669084	2.74E+11	1547888496		662838614.9	15873875969		1534673583	1.59E+12	8.24E+11	2226577204	1.27E+11	1086612290	2450564100	2.00E+12	225357600	5.11E+11	199208717.5	5.32E+11	4.05E+11	6808982521	22943202175	2.57E+11	14800503.26	12704334196	5998563258	31580639554	3.99E+12	23983945191	9.63E+12	17078465982	390718518.5	97972842462			28683659007	268006972.7	3.28E+13	255408060.3		7639325296	1.52E+11	3404284891	6861500000
2000	1873452514	2.87E+11	3521418060	1.43E+11	9129594970	3584570165	1432606296	7.63E+11	1.04E+11	2.84E+11	1911563669		901003703.7	4.17E+11	1.96E+11	5272615723	870486065.9	2.37E+11	3519991440	2968370088	53369787319	13245990274	9062898936	8076470000	5567772769	12736856828	1138138100	3480219000	8397855485	6.55E+11	3059500000	6570999088	460733418.4	5788329609	916777282.7	7.45E+11	4.29E+11	2.79E+11	6439703435	78339750721	1.22E+12	16577533892	10566579295	19088046306	3227927698	99875074951	339504306.3	539227277.6	15013629662	25625542926	30565400000	2120511229		9985847314	62175642238	1.97E+12	551230861.9	333470370.4	1.64E+11	24305780629	54790398570	1.75E+12	3.38E+12	8.41E+12	3.91E+11	1.01E+13	17539454727	99838543960	6.53E+12	706370815.6	5.98E+11	5686579748	8242349618	7.29E+12	4.67E+11	1.26E+11	1678219508	1.36E+12	1067109531	229616847.6	5080483629	1.67E+12	3057475335	4982850662		4367458867	782913871.8	391345597.5	1045998496	1.26E+11	520044370.4	1068025016	19288929030		712667896.7	2.81E+13	1.72E+11	7186638029	1.82E+11	22134411297	6813566099	47275954429	5.89E+12	6.41E+12	5.19E+11	2.44E+11	1.65E+11	2.76E+11	1601050083	4.68E+11		1.00E+11	1.10E+11	48364250944	9140168922	1.37E+11	1.15E+12	9005064475	8460789845	4.97E+12	18291990662	12705350098	1369688498	3694168979	74910527.26	421695769.8	5.97E+11	37718743480	1.99E+12	1731198022	17260364842	874000000	38270954138	932592592.6	2.33E+12	2.25E+11	1.17E+11	2483889858	16595882819	1.19E+12	5.67E+12	887291687.9	3.43E+12	11550695727	21230182989	7761252607	6773944355		43017455402	2654462665	1288429392	4629247204	624337145.3	1.10E+12	7.42E+11	114838500	5.56E+12	3772859034	3521570876	4036809815	8905066164	5.78E+11	984293043.8	1136896124		5930685215	1779520886	4726108622	2537307580	93789736842	1.10E+13	3922232165	3420032041	2241753193	69171451627	5109587050	4.18E+11	1.71E+11	5494252208	26930980.34	52623281957	2.77E+13	22259557867	47447997553	99484802345	11966497049	51744749133	83669788377	149551483.2	3521339699	1.73E+11	2.83E+11	61701800000		1.19E+11	8855705140	4313600000	3444510978	2.64E+13	3599845480	17759890110	37253739511	2.60E+11	2068836754	5.45E+11	1.90E+11	12257299147	6013185004	96076539926	419842674.2	635866403.8	11784927700	1007661367	3412797450	7326373882	4.20E+11		4.29E+11	76518051458	76198394.82	947671969.7	29215726005	20159190702	2.63E+11	1697161558		654212394.3	18937052543		1388506772	1.75E+12	8.96E+11	2106848752	1.26E+11	860541842.3	2904663311	2.21E+12	366924276.5	5.73E+11	204848487.8	5.45E+11	4.29E+11	8154342116	21473528161	2.75E+11	15073975.53	13371767082	6193246837	32375083935	4.37E+12	22823270892	1.03E+13	13760513969	427946037	1.17E+11			31172518403	272014627.8	3.39E+13	258856139.8		9679316770	1.52E+11	3600632111	6693250000
2001	1896456983	2.61E+11	2813571754	1.51E+11	8936079118	4059064033	1548265927	7.45E+11	1.03E+11	2.69E+11	2118467913		877774074.1	3.80E+11	1.96E+11	5707616204	876794723.1	2.37E+11	3666222635	3190371081	53991289844	14183446026	8976196809	8317830000	5800615375	12354820144	1172045150	3680483000	8141516928	5.60E+11	3054500000	6096155767	496110225.7	5489608300	932648604.8	7.39E+11	4.70E+11	2.87E+11	6232906290	71574739561	1.36E+12	16810537044	10953485349	7438189100	2796704604	98200641203	372746486.2	563090490.4	15976174337	26504661126	31682400000	2143450726		10397898907	68135304464	1.97E+12	572417440.8	377462963	1.65E+11	25601823688	59413400924	1.86E+12	3.35E+12	7.83E+12	3.36E+11	1.02E+13	23127055000	96684636119	6.63E+12	752371688.7	6.28E+11	6250218423	8231326016	7.41E+12	4.57E+11	1.30E+11	1652462023	1.37E+12	1160268212	236387710.8	5023265413	1.66E+12	3219462262	5314872854		4125527603	687410645.1	412610871.5	1461139022	1.32E+11	520444185.2	1086170704	18405220247		712167450.2	2.79E+13	1.69E+11	7651162302	1.76E+11	23066883850	6331970324	53800068066	5.97E+12	6.48E+12	5.13E+11	2.44E+11	1.60E+11	2.70E+11	1668684324	4.85E+11		1.09E+11	1.27E+11	36176430129	8323401820	1.35E+11	1.17E+12	9194727831	8975814653	4.37E+12	22152689180	12986007426	1525116370	4145665970	64935850.16	458643829	5.68E+11	34889559870	1.94E+12	1768619058	17649751244	906000000	34112093927	892592592.6	2.28E+12	2.17E+11	1.10E+11	2491800559	15749753805	1.20E+12	5.68E+12	825706961.2	3.55E+12	12260761329	21387533703	8190888740	6860272608		43831480208	2673723034	1480673594	5438332602	870031676.8	1.09E+12	7.96E+11	122406100	5.57E+12	3709636031	4124281594	4070867133	6477790688	5.80E+11	1159869246	1267997934		5650154067	1746063558	4675755867	2498008665	92783947368	1.13E+13	3557341215	3297734891	2448714704	73557840064	5351752034	4.33E+11	1.74E+11	6007055042	22613287.54	53872425917	2.75E+13	22205721717	47626338324	97145618480	12252906341	52030158775	78921234458	159446228	3081024212	1.92E+11	2.70E+11	69208400000		1.22E+11	8495806432	4003700000	3387243162	2.62E+13	3573808556	17538461538	40395116581	3.07E+11	1966600715	5.63E+11	1.84E+11	15716361792	6507824829	89793790670	409508553	1681473894	12282533600	1059529812	2252847465	13599378662	4.02E+11		4.11E+11	77518242612	75951133.38	834279357.8	30726659551	20668868707	2.42E+11	1502870486		662064155.9	20237024725	358744800	1710843377	1.86E+12	9.12E+11	2093498674	1.20E+11	1080772551	3534772732	2.16E+12	477359252.6	5.76E+11	181117230.4	5.63E+11	4.11E+11	8824849191	22065832449	2.02E+11	13964732.33	13563990022	5840503869	39309580983	4.37E+12	20898761742	1.06E+13	11401421329	462072333.3	1.23E+11			32685198809	257926881.7	3.37E+13	266299591.5		9852990693	1.35E+11	4094441301	6780750000
2002	1961843575	2.70E+11	3825701439	1.80E+11	17311512432	4515003117	1764279818	7.47E+11	1.10E+11	97724004252	2376335048	512000000	898092592.6	3.96E+11	2.13E+11	6236087738	825394519.4	2.58E+11	4194342686	3622350063	54724081491	16403043850	9593510638	8881160000	6728220983	14594900945	1243912050	3937228000	7905485146	5.10E+11	3106500000	6333082876	559345263.7	5438863983	996068144.9	7.61E+11	5.29E+11	3.09E+11	6663669065	70264045939	1.49E+12	18054383321	12417251350	8728038525	3034250924	97945812803	427360070.3	620507387.5	16578820687	27742046925	33590500000	2160784693		11420228846	82607869610	2.10E+12	591122039.6	375200000	1.79E+11	27137440786	61516103406	2.06E+12	3.26E+12	7.96E+12	3.91E+11	1.12E+13	27054197000	85146067416	7.24E+12	729321680.2	7.09E+11	7370119619	7850809498	8.10E+12	4.46E+11	1.40E+11	1833279985	1.49E+12	1275093689	237654335.8	5335451100	1.79E+12	3395766678	6166197848		4301608753	578235309.3	466773711.2	1806742742	1.50E+11	540336925.9	1169136716	20444205991	3394000000	726131434.7	2.91E+13	1.66E+11	7858255413	1.91E+11	26757722429	6205847214	67636468625	6.07E+12	6.62E+12	5.54E+11	2.68E+11	1.96E+11	2.86E+11	1891002698	5.15E+11		1.29E+11	1.29E+11	32928454672	9416199700	1.25E+11	1.28E+12	9719009495	9582510578	4.18E+12	24636598527	13147736899	1605643105	4501227627	74743869.13	481077373.7	6.50E+11	38135788414	1.74E+12	1758176653	19152238806	927000000	20481889764	900000000	2.05E+12	2.39E+11	1.22E+11	2688618747	16536535647	1.27E+12	5.80E+12	775777238.6	3.76E+12	14282292665	23649833332	9249030241	7371692774		47077192188	2919647982	1661818168	5351701663	897031250	1.08E+12	8.11E+11	131960000	5.68E+12	4018365747	4647238257	4455127414	6777632512	5.65E+11	1284685051	1396555720	1284000000	5950769427	1777057481	4906494249	5087328438	1.01E+11	1.17E+13	3349169826	3740056748	2782192879	95054059303	5223727303	4.76E+11	1.96E+11	6050875807	21017423.61	66627729311	2.86E+13	23065539662	52120882271	97923302809	12800851271	54777553515	84307345888	162658721.9	2999511040	2.00E+11	3.12E+11	71623500000		1.35E+11	7196260657	3555800000	3551511825	2.73E+13	3965405553	19363736264	46065502703	3.45E+11	1966003468	5.94E+11	1.90E+11	18137128388	7006402320	92538372870	346406738.9	1933863911	12664190300	1148872072	2192684135	17930583571	4.41E+11		4.50E+11	83414441022	85171073.88	1093574468	35243658399	23214593516	2.67E+11	1393945031		742134837.5	20669357462	366707900	1997005709	2.06E+12	1.02E+12	2410199032	1.34E+11	1221106220	4462029109	1.93E+12	469455490.8	5.61E+11	182764280.8	5.94E+11	4.50E+11	9008298229	23141616605	2.41E+11	16842672.6	14129651896	6178563591	43956163612	4.41E+12	13606515723	1.09E+13	9687788513	487763851.9	92893587734		3262000000	35064105501	262596535.5	3.50E+13	281790134.2		10693430511	1.29E+11	4193850445	6345250000
2003	2044111732	3.58E+11	4520946819	2.09E+11	20342128112	5801712040	2366941614	8.30E+11	1.24E+11	1.28E+11	2807061009	524000000	948100000	4.69E+11	2.61E+11	7276413079	784654423.6	3.18E+11	5349258094	4740768143	60158929188	21144957990	11074813830	8870090000	8498894359	17825444724	1308280250	4186525000	8082399640	5.58E+11	3209500000	7167725262	651935430.3	7511582173	1142315523	8.96E+11	6.34E+11	3.62E+11	7332244898	76492579644	1.68E+12	21251754340	15970315035	8937567060	3503723088	94644969157	546830040.5	813260468.9	17271760507	30589389406	35901200000	2202117374		14547329558	1.00E+11	2.53E+12	622044665.5	373318518.5	2.18E+11	21403167848	73482264191	2.34E+12	3.62E+12	8.75E+12	4.98E+11	1.36E+13	30965208000	80288461538	8.92E+12	870248267.6	9.08E+11	9876595528	8623691300	9.96E+12	4.70E+11	1.72E+11	2300492465	1.84E+12	1501941581	240949861.1	6511903365	2.06E+12	3991377904	7632723556		5025167975	487038685	553614800.1	2484745935	1.97E+11	591018407.4	1558759823	21576351799	3569000000	743063950.3	3.27E+13	1.61E+11	8230391347	2.17E+11	35245317002	5071947798	85190469121	6.81E+12	7.44E+12	6.25E+11	3.03E+11	2.35E+11	3.22E+11	2252620408	6.08E+11		1.65E+11	1.52E+11	21921569479	11564687742	1.31E+11	1.58E+12	9430234811	10195627645	4.52E+12	30833692900	14904517650	1919008090	5046693484	96105619.38	469869869.9	7.29E+11	47874582232	1.78E+12	2023324407	20082918740	748000000	26265625000	987407407.4	2.09E+12	2.71E+11	1.37E+11	3070803051	18881765437	1.44E+12	6.49E+12	1157825435	4.29E+12	18809197970	29667268248	11244337720	8246479566		58029363354	3597089751	1980907435	6372498890	1052121055	1.21E+12	7.66E+11	131128500	6.36E+12	4946296599	5605613011	5418315224	10467109978	6.25E+11	1707710053	1595297356	1239000000	6583526861	2051147607	5894873920	4669789300	1.10E+11	1.24E+13	4926439384	4915353827	3394084732	1.05E+11	5322228351	5.82E+11	2.29E+11	6330473097	24778159.58	88250885550	3.20E+13	24733680104	64819023763	1.12E+11	13603456003	58731030122	87039092974	154566787.7	3536411824	2.19E+11	3.40E+11	74827400000		1.65E+11	7691367471	3968000000	4235417104	3.06E+13	4927780607	23533791209	57806384143	4.30E+11	2138237279	6.95E+11	2.16E+11	21355298460	8768721563	97646401096	417666638.6	2142618046	13243892200	1462590267	2836724352	23593044418	5.57E+11		5.66E+11	99643830273	102085769.1	1274190311	46616149117	29360575032	3.34E+11	2149632433		750847230.1	21828144686	409753600	2742815072	2.34E+12	1.26E+12	2987984051	1.52E+11	1555318261	5977440583	1.96E+12	490439116.2	6.21E+11	202246591.2	6.95E+11	5.66E+11	11305459802	27453902261	3.15E+11	19456338.03	15211487709	6606884275	52010355753	4.92E+12	12045638352	1.15E+13	10134453435	509090888.9	83620628582		3443000000	39552513232	314471413	3.92E+13	333426188.4		11777532662	1.97E+11	4901869764	5730500000
2004	2254830726	4.46E+11	5224896719	2.58E+11	26997977897	7406645793	2900244054	9.87E+11	1.48E+11	1.65E+11	3576615240	509000000	1026329630	6.16E+11	2.99E+11	8680405741	915257323.4	3.69E+11	6190270380	5451688538	65108544250	26157743369	13150159574	9055290000	10156541221	23141566293	1400202000	4484703000	8773451752	6.69E+11	3444500000	8619178774	735348490.4	8957467707	1272360517	1.03E+12	7.63E+11	4.04E+11	8553643354	99075985774	1.98E+12	23510575681	18826214136	10297483481	4656974940	1.17E+11	622679660.4	924940011.8	18610594846	33597817092	38203000000	2237160503		17320551250	1.20E+11	2.85E+12	666072101.8	396711111.1	2.52E+11	22322387382	91913680985	2.71E+12	4.21E+12	9.82E+12	6.41E+11	1.58E+13	35194947000	78782467532	1.02E+13	1109054005	1.07E+12	12148595031	10131187261	1.14E+13	5.96E+11	1.97E+11	2708078477	2.11E+12	1724770771	235538109.2	7770219008	2.43E+12	5125365192	8881417907		5300767961	961900651.4	582169841.3	4410764339	2.35E+11	599118592.6	1822499769	23577298095	3869000000	787814379.2	3.65E+13	1.69E+11	8869299234	2.50E+11	41836292157	6087360684	1.04E+11	8.12E+12	8.85E+12	7.30E+11	3.65E+11	2.57E+11	3.65E+11	2802206152	7.09E+11		1.94E+11	1.88E+11	36633669269	13963943244	1.40E+11	1.81E+12	10174664854	11411706629	4.89E+12	43151647003	16095337094	2211534585	5883297160	104085892.1	506900000	8.23E+11	59439090601	2.03E+12	2366398120	21159827992	897000000	33122307692	1066666667	2.41E+12	3.12E+11	1.60E+11	3454373798	20662525941	1.66E+12	7.62E+12	1511236656	5.15E+12	22743164431	35064843793	13827070379	10643253553		66114145451	4043551489	2598249556	5064732626	1226829563	1.43E+12	8.19E+11	132900000	7.46E+12	5682784472	6485774930	6104141520	10567354056	7.40E+11	2073234418	1992066808	1210000000	7937255565	2362501023	6667418752	5058726350	1.25E+11	1.32E+13	6609205995	5895008978	3760443738	1.36E+11	5792932838	6.61E+11	2.65E+11	7273938315	30587565.8	1.04E+11	3.57E+13	28378933680	76946971608	1.32E+11	15100203362	66768703498	95001999685	166363739	3927157867	2.56E+11	4.24E+11	80322313000		1.89E+11	9624440836	4603100000	4871855228	3.40E+13	5564109982	31734065934	74973656852	5.91E+11	2376496067	8.04E+11	2.59E+11	26646007251	10076816667	1.15E+11	468000121.3	2237350687	13724810900	1715340543	3859592813	26845632342	6.92E+11		7.03E+11	1.15E+11	114582283.9	1484092538	57215475076	34156553313	3.85E+11	2710331785		893012218.2	25086950495	485598800	4422855661	2.71E+12	1.63E+12	3191561509	1.73E+11	2076176869	6838351088	2.26E+12	440771962.2	7.35E+11	230678011.4	8.04E+11	7.03E+11	13280291990	31183885241	4.10E+11	22798274.98	16673062473	7939487548	67220154164	5.80E+12	13686329890	1.22E+13	12030023548	549900185.2	1.12E+11		3797000000	45427854693	364996869.1	4.42E+13	407747565.1		13867634371	2.56E+11	6221110219	5808500000
2005	2360017318	5.22E+11	6203256539	3.17E+11	41396636383	8256658250	3161084847	1.21E+12	1.81E+11	1.99E+11	4900469511	500000000	1143896296	6.97E+11	3.14E+11	13245421881	1117113080	3.86E+11	6567654954	6146353173	69476001239	29868657858	15968723404	9836200000	11222796337	30210091837	1474298400	4868136000	9549122905	8.92E+11	3819500000	10547202621	860391000.2	9918907108	1337894379	1.17E+12	8.86E+11	4.18E+11	8827272727	1.22E+11	2.32E+12	24036918703	19509852207	12609728573	6650001680	1.46E+11	655375095.9	972241676.9	20040642477	38224293959	42643836100	2344637263		18433412511	1.37E+11	2.89E+12	708633194.7	391455555.6	2.65E+11	35777560684	1.07E+11	3.14E+12	4.90E+12	1.05E+13	7.99E+11	1.68E+13	40278849000	89660339660	1.06E+13	1098424686	1.15E+12	14109491357	12401139454	1.20E+13	7.56E+11	2.05E+11	2980403845	2.19E+12	1759739599	245905050.8	9582783991	2.55E+12	6410912050	10744568381		4282468637	1027701068	639776040.7	8217369093	2.42E+11	695555555.6	1849802648	26783389294	4213000000	824880550.3	3.87E+13	1.82E+11	9757012697	2.89E+11	45013119282	7030149730	1.13E+11	9.69E+12	1.05E+13	8.50E+11	4.28E+11	2.86E+11	4.21E+11	3032411027	8.20E+11		2.12E+11	2.25E+11	50065104668	17146410561	1.48E+11	1.86E+12	11243865778	12588998590	4.83E+12	57123671734	18737895513	2460246766	7066296463	113895437.3	547203703.7	9.72E+11	80798630137	2.45E+12	2735558735	21497336499	949000000	47334691241	1135555556	2.90E+12	3.71E+11	1.93E+11	3659319117	24405791045	1.91E+12	9.00E+12	1682343527	6.21E+12	26105207115	37672280120	16306935905	12160056122		68852658069	4204652899	2988342907	5859269753	1163362438	1.70E+12	9.18E+11	138000000	8.81E+12	6258602873	7429066951	6393234993	11986972419	8.57E+11	2257174481	2523471601	1061000000	8868504900	2936019526	6576108447	5320409651	1.44E+11	1.42E+13	7248374838	6238629487	4383315965	1.76E+11	6321324279	6.88E+11	3.10E+11	8130258378	30070666.07	1.15E+11	3.77E+13	35506892068	86284116802	1.45E+11	16623906739	76060606061	1.07E+11	190961685.2	4865892972	3.07E+11	5.31E+11	83914521300		1.97E+11	10737500188	5125700000	5408552592	3.58E+13	5705052135	44530494505	98454380120	7.64E+11	2933819766	9.24E+11	3.28E+11	35182711988	11009033438	1.28E+11	552881356.7	2545275313	14698000000	1786514058	4683246454	28334256181	8.24E+11		8.37E+11	1.30E+11	136450662.4	1793410397	62547753148	35947936824	3.92E+11	3097946371		977899381.8	28858965517	578645800	8655892393	3.14E+12	2.04E+12	3221910408	1.89E+11	2312352021	8103901996	2.75E+12	462267954	8.52E+11	261823805.4	9.24E+11	8.37E+11	15982389018	32272186695	5.08E+11	22909979.82	18395383647	9239221763	89238865119	6.90E+12	17362857684	1.30E+13	14307509839	579948925.9	1.46E+11		4428000000	57633255738	394962433	4.79E+13	476801793.2		16731566717	2.89E+11	8331870169	5758250000
2006	2469782682	5.88E+11	6971758282	4.02E+11	58653659980	9150528132	3459336818	1.44E+12	2.22E+11	2.33E+11	6384452067	493000000	1303674074	7.50E+11	3.34E+11	20981929498	1273375078	4.08E+11	7034111315	6547419820	71795736172	34380536496	18504760638	10167250000	12864841906	36961894281	1590463100	6144000000	11451844902	1.11E+12	4217323400	12644616419	942879878.5	9919158482	1461859762	1.32E+12	1.00E+12	4.42E+11	9676172953	1.54E+11	2.79E+12	25281413263	20910512975	15484044535	8072305029	1.62E+11	688498641.5	1107571458	22715540324	44325879983	48835925926	2457581732	4200288282	20072754987	1.56E+11	3.05E+12	768873684	416674074.1	2.83E+11	37879830084	1.23E+11	3.78E+12	5.60E+12	1.11E+13	9.30E+11	1.82E+13	45690762000	1.07E+11	1.13E+13	1211161880	1.26E+12	17025671810	15280861835	1.28E+13	9.47E+11	2.17E+11	3076305453	2.32E+12	2017680835	248583534.8	10327598306	2.72E+12	7745250734	20885037597		4220019845	1054112488	634781901.3	10086528699	2.69E+11	698700666.7	2013106930	29744246827	4238000000	2379817991	4.11E+13	1.94E+11	10917477066	3.39E+11	49583544860	7638739123	1.16E+11	1.15E+13	1.25E+13	1.02E+12	5.27E+11	3.65E+11	4.88E+11	3422733202	9.40E+11		2.32E+11	2.66E+11	65147051918	17671649843	1.59E+11	1.96E+12	11930179090	15056981664	4.60E+12	81003864630	25825512284	2834168889	8350531017	112338353.3	644414814.8	1.10E+12	1.02E+11	2.86E+12	3455030061	22022709851	1119000000	60094231607	1268319185	3.40E+12	4.31E+11	2.25E+11	4000102086	28267410543	2.24E+12	1.06E+13	1800092564	7.50E+12	30116192747	42910146296	20434922247	14874098692		75883823301	4586826513	3408255451	6395712491	1575200391	1.98E+12	1.02E+12	143200000	1.04E+13	6861226972	8212007554	6749838806	14502553710	9.96E+11	2717702923	3414055662	990000000	9509835537	3919577286	7137710413	5818279739	1.63E+11	1.51E+13	8001779551	6979155388	4756361252	2.38E+11	6763672381	7.38E+11	3.47E+11	9043715356	29200359.39	1.12E+11	3.98E+13	42577633290	95906051122	1.62E+11	18659721513	88643193062	1.28E+11	193611358.6	8354911041	3.46E+11	6.69E+11	87276164400		2.09E+11	13429430050	5348300000	5676286531	3.77E+13	5877997980	60882142857	1.22E+11	9.90E+11	3319784539	1.05E+12	3.77E+11	45263831634	11697918243	1.49E+11	617257457.8	3263697467	15999890000	1909765165	5026743282	33298057362	9.73E+11		9.89E+11	1.46E+11	142775104.1	2626380435	70751813443	39260368837	4.23E+11	3215307901		1081441283	33751788856	721891500	9709626596	3.78E+12	2.47E+12	3320907722	2.22E+11	2830213849	10276674365	3.23E+12	453792414.6	9.91E+11	292232703.3	1.05E+12	9.89E+11	18369361094	34376664601	5.60E+11	24096875.46	18619859795	9977647683	1.12E+11	8.13E+12	19741420740	1.38E+13	17330833853	643501148.1	1.83E+11		4484000000	66371664817	439358586.5	5.19E+13	499923757.8		19063143370	3.04E+11	12756858899	5446750000
2007	2677641341	6.75E+11	9747886187	4.71E+11	73037821927	11116937870	3957627537	1.67E+12	2.58E+11	2.88E+11	9206301270	518000000	1487381481	8.57E+11	3.87E+11	33049419431	1356199387	4.71E+11	8169048383	7625722837	79611644975	44431257129	21730000000	10618340000	15778734264	45275711996	1706190450	6767000000	13120108008	1.40E+12	4675767950	13432029484	1255767964	10567270656	1699811295	1.47E+12	1.26E+12	4.91E+11	11514605842	1.72E+11	3.60E+12	28760090953	23928250433	18374807773	8782703437	2.06E+11	795673152.9	1649621739	26884700709	49739222993	54262870370	2593831508	4466278031	23968727074	1.90E+11	3.48E+12	847918929.1	444685185.2	3.20E+11	43965458509	1.42E+11	4.79E+12	6.63E+12	1.24E+13	1.17E+12	2.13E+13	49848725000	1.30E+11	1.30E+13	1317974491	1.48E+12	22450264166	19707616773	1.48E+13	1.16E+12	2.56E+11	3378314600	2.66E+12	2339015313	252011254.2	12455409587	3.10E+12	10172931089	24827339138		6281918226	1279703047	753162998	13071718759	3.14E+11	758683592.6	2249811296	33567850824	4397000000	2730971595	4.53E+13	2.12E+11	12361257681	4.04E+11	59290621398	9228637768	1.40E+11	1.43E+13	1.55E+13	1.19E+12	6.10E+11	4.32E+11	5.81E+11	4466350656	1.22E+12		2.70E+11	3.50E+11	88837057320	21960110030	1.85E+11	2.22E+12	12799600047	17110437236	4.58E+12	1.05E+11	31958195182	3802570553	10127916460	138054945.6	689285185.2	1.22E+12	1.15E+11	3.37E+12	4223152739	24827355015	1373000000	68032978391	1336088815	4.00E+12	5.17E+11	2.72E+11	4601429897	32350238760	2.74E+12	1.30E+13	1682131785	9.45E+12	39729151615	51587401416	29420499248	18439981612		86947913287	5875790766	4401173152	8524620890	1868383461	2.34E+12	1.10E+12	150500000	1.27E+13	8336474974	9699047443	7908412306	20182477481	1.21E+12	3677910895	4234999704	938000000	10811456006	4346212355	8277442915	6451210219	1.94E+11	1.59E+13	8839536476	8819917180	5731485052	2.78E+11	7423375015	8.53E+11	4.03E+11	10325618017	22766972.19	1.37E+11	4.36E+13	48300390117	1.15E+11	1.84E+11	21717433808	1.02E+11	1.56E+11	200789764.4	9545028944	4.30E+11	8.08E+11	89524131600		2.40E+11	17856393235	5815700000	6254737580	4.12E+13	6631156406	79712087912	1.75E+11	1.30E+12	4070507895	1.34E+12	4.16E+11	59440139775	13994218413	1.81E+11	695291218	3632957611	17011750000	2188654628	5430713729	44888028946	1.12E+12		1.15E+12	1.71E+11	149146918.9	2936612022	86587749518	47880266543	4.90E+11	3391122887		1077308814	40465318382	773490000	10865385132	4.78E+12	3.18E+12	3759962853	2.63E+11	3719524541	12664165103	3.83E+12	542795446.5	1.20E+12	298519623.3	1.34E+12	1.15E+12	21641620050	38915353867	6.85E+11	28450168.69	21860434823	11902564495	1.49E+11	1.00E+13	23797773024	1.45E+13	22311393928	713596666.7	2.30E+11		4784000000	77414425532	516392922.5	5.85E+13	573548459.8		21650528674	3.33E+11	14056957976	5294750000
2008	2843024581	7.27E+11	10109297048	5.74E+11	98790432989	13258506375	4102317468	2.12E+12	3.15E+11	3.62E+11	11662040714	560000000	1557640741	1.06E+12	4.29E+11	48851293785	1611835857	5.17E+11	9787734526	9451435490	91636997371	54480684188	25710904255	10526000000	19112796623	60752106347	1738453600	6980000000	16674276286	1.70E+12	4790410400	15926456515	1317517835	10730829116	1993407888	1.55E+12	1.53E+12	5.67E+11		1.80E+11	4.67E+12	34078240293	27715142033	22723488723	11649857673	2.43E+11	915659108	1959620648	30801745700	57296315262	56302129630	2833476145	4585948969	27844646258	2.37E+11	3.81E+12	999105339.3	480003703.7	3.55E+11	48091433554	1.80E+11	6.06E+12	7.46E+12	1.43E+13	1.40E+12	2.35E+13	61139438000	1.63E+11	1.43E+13	1380188800	1.64E+12	24342935404	27066912635	1.64E+13	1.48E+12	2.86E+11	3523185920	2.93E+12	2489873250	258124736.3	15571348344	2.95E+12	12795145131	28679383241		6964179983	1561766956	952667544	19749893536	3.51E+11	825976037	2499092314	38503720224	4658000000	3025187433	4.85E+13	2.19E+11	13881731876	4.82E+11	68472854617	10432962635	1.58E+11	1.71E+13	1.86E+13	1.42E+12	7.15E+11	5.10E+11	7.05E+11	5928791505	1.20E+12		2.75E+11	4.06E+11	1.32E+11	18247921360	2.21E+11	2.42E+12	13709401520	22658715989	5.11E+12	1.33E+11	35895153328	5139958909	12174303999	147017895	777692592.6	1.09E+12	1.47E+11	3.90E+12	5446433157	29118916105	1726000000	86710767415	1437731111	4.64E+12	6.36E+11	3.24E+11	5081479840	40713826215	3.03E+12	1.55E+13	1766902709	1.18E+13	47831254208	58844277702	34135200994	21027018333		1.02E+11	6502942245	6054824248	10725137724	2271646188	2.89E+12	1.16E+12	146600000	1.51E+13	9909552435	11462490840	9135419465	31862554102	1.47E+12	4540861726	5623216608	939000000	12920340965	5206437194	10127777060	7743617352	2.31E+11	1.63E+13	8607431497	9067619760	7297600226	3.39E+11	8496967597	9.58E+11	4.65E+11	12545438605	37602264.73	1.33E+11	4.63E+13	69804681404	1.25E+11	2.02E+11	25721327955	1.21E+11	1.82E+11	201067733.8	11670892801	5.36E+11	1.01E+12	93639300000		2.63E+11	24615267664	7310400000	6698070453	4.36E+13	7136741422	1.15E+11	2.14E+11	1.66E+12	5179854065	1.35E+12	5.20E+11	64833083257	16853989628	1.94E+11	776335523.5	4157895298	17986890000	2403213305	5913620293	54220641202	1.27E+12	14586253383	1.30E+12	1.89E+11	188021165	3532969035	1.01E+11	55509332322	5.15E+11	3235921171		979597394.3	52557913569	862684000	13385593990	6.05E+12	3.94E+12	4578847113	2.91E+11	5161299725	19271523179	4.47E+12	648523571.3	1.46E+12	344438844.3	1.35E+12	1.30E+12	27871587350	44859439902	7.75E+11	31874434.86	27947821398	14440404132	1.88E+11	1.21E+13	31119602539	1.48E+13	29549438884	732663259.3	3.16E+11		4244000000	99130304099	590748429.4	6.43E+13	641346191.7	5181776769	26910855807	3.16E+11	17910858638	4418000000
2009	2553793296	7.27E+11	12416152732	5.15E+11	81705175408	12335540656	3688974807	1.83E+12	2.54E+11	3.33E+11	8647937081	675000000	1386518519	9.32E+11	3.99E+11	44292427185	1775495032	4.85E+11	9738626517	9450696873	1.02E+11	52023801230	22938218085	9981960000	17613949091	50873167326	1688012750	6656000000	17339992194	1.67E+12	4466809600	11912904510	1331343798	10118459242	2067381665	1.37E+12	1.29E+12	5.54E+11	9100755725	1.72E+11	5.19E+12	33886813250	27932970317	18607259481	9723299915	2.32E+11	905341172.7	1852334575	30745714313	47913515379	57481481481	2869153184	4281714618	26048179949	2.07E+11	3.48E+12	1049110685	515618518.5	3.23E+11	48223781477	1.50E+11	6.58E+12	7.18E+12	1.48E+13	1.17E+12	2.06E+13	60094978000	1.89E+11	1.31E+13	1856695551	1.50E+12	19633984440	32437389116	1.48E+13	1.34E+12	2.53E+11	2870624636	2.70E+12	2296065170	274654606.9	12113699068	2.43E+12	10766920066	26048720006		6716905340	1450142509	890167833.4	15027795173	3.27E+11	771275555.6	2529963903	37126148265	4828000000	3165663153	4.51E+13	2.14E+11	14587496229	4.75E+11	62315996675	11597002835	1.31E+11	1.66E+13	1.80E+13	1.38E+12	6.69E+11	5.40E+11	7.15E+11	5486921247	1.34E+12		2.36E+11	4.14E+11	1.12E+11	13212543838	2.13E+11	2.21E+12	12120458115	24537876056	5.29E+12	1.15E+11	42347217913	4690061381	12502901170	140177384.1	774274074.1	9.83E+11	1.06E+11	3.61E+12	5836137330	35399582929	1768000000	60808562033	1401507889	4.36E+12	6.28E+11	3.14E+11	4504375348	42066224093	3.16E+12	1.55E+13	1740894965	1.14E+13	37494380039	54467289898	25691530442	21589540351		1.01E+11	5474379252	5439434272	9616879409	2345294875	2.61E+12	9.43E+11	151200000	1.52E+13	9401736825	12155217833	8734745698	36906181381	1.42E+12	4142640317	4583850368	795000000	12263894790	4714595548	9264513545	9009887947	2.02E+11	1.59E+13	8938847189	8704438102	7352131310	2.95E+11	8298702489	8.79E+11	3.88E+11	12854985464	44176245.55	1.22E+11	4.33E+13	55454096229	1.08E+11	1.87E+11	27791215547	1.21E+11	1.76E+11	189854705.8	11619456449	4.41E+11	9.15E+11	96385600000		2.45E+11	22355151162	8085700000	6037139997	4.11E+13	6584557974	97798351648	1.74E+11	1.22E+12	5674476969	1.50E+12	4.29E+11	51621044077	16145867495	1.94E+11	805557289.5	3953403098	17601620000	2064277126	2948594552	46955984410	1.21E+12	12231264525	1.24E+12	1.62E+11	200668065	3875409836	89342984698	49975540955	4.34E+11	3525213502	854972067	850901620.4	54111735629	703176000	12317614054	6.57E+12	3.12E+12	4721888275	2.82E+11	4979472364	20214385965	4.18E+12	726937835.8	1.41E+12	312415028.4	1.50E+12	1.24E+12	19172165226	43455740497	6.54E+11	28076983.97	29400573554	25127805567	1.22E+11	1.20E+13	32708319078	1.45E+13	33689223673	714300259.3	3.30E+11		4201000000	1.06E+11	592622319.1	6.10E+13	628006115.4	5015894693	25130278213	3.30E+11	15328342304	9670750000
2010	2453597207	8.64E+11	15856668556	6.06E+11	95546919755	12086545641	3449925694	2.16E+12	3.08E+11	4.24E+11	9260285756	573000000	1298348148	1.15E+12	3.90E+11	52909294792	2032135192	4.82E+11	9535345016	10109619741	1.15E+11	50689051382	26805984043	10095760000	17176315804	57231904543	1748988400	6634526000	19649723722	2.21E+12	5672900000	13707121038	1708880730	12637273429	2142591540	1.62E+12	1.32E+12	5.99E+11	8902359316	2.17E+11	6.19E+12	34936307980	27507501821	24161641931	13148396212	2.86E+11	907978730.9	1824751468	37658616952	53047626322	59562962963	2951342793	4156841164	25799940078	2.11E+11	3.47E+12	1128611700	519859259.3	3.22E+11	53801053353	1.78E+11	8.01E+12	8.72E+12	1.72E+13	1.39E+12	2.11E+13	68151329000	2.19E+11	1.28E+13	1589515447	1.43E+12	19524355419	29933790334	1.46E+13	1.60E+12	2.49E+11	3140166713	2.65E+12	2331796784	290638857.1	14372593020	2.50E+12	12426907967	32197655567		6853467146	1543294927	940112538.9	16314443436	2.96E+11	771014814.8	2503167187	40676578423	4949000000	3432912517	4.75E+13	2.29E+11	15839344592	5.19E+11	58975205417	11859312725	1.32E+11	2.02E+13	2.18E+13	1.60E+12	7.81E+11	7.55E+11	8.18E+11	5920369790	1.68E+12		2.22E+11	4.87E+11	1.39E+11	13922711577	2.40E+11	2.14E+12	13220549908	27133804225	5.76E+12	1.48E+11	45405615064	4794361863	13808673288	165458433.1	778718518.5	1.19E+12	1.15E+11	4.52E+12	7131771015	38443907042	1998000000	75380825062	1482385185	5.40E+12	7.11E+11	3.55E+11	5082337238	58636049434	3.80E+12	1.88E+13	2234754242	1.37E+13	36638128534	56213985987	23468324572	28244172834		1.01E+11	5367561570	6974982370	9982711338	2588176055	3.04E+12	1.11E+12	161100000	1.85E+13	9407170321	12710739159	9097044159	49540813342	1.63E+12	4136936189	7189481999	799000000	11411894724	5628878798	10144716155	10128323011	2.55E+11	1.67E+13	11431412421	9364350077	7851192502	3.67E+11	8758602233	8.52E+11	4.31E+11	16002656434	47562844.61	1.47E+11	4.55E+13	64993498049	1.13E+11	1.97E+11	30231009533	1.48E+11	2.08E+11	188042373.7	14250786675	4.78E+11	1.07E+12	98381300000		2.38E+11	27260886405	9681500000	6641384396	4.28E+13	6086644799	1.24E+11	1.70E+11	1.52E+12	6124756654	1.87E+12	5.28E+11	58962978034	16121315909	2.40E+11	898128551.3	4262805967	18447920000	1881191925	2687807004	43536629233	1.44E+12	14602072411	1.47E+12	1.72E+11	190021192.5	4368370998	91112160801	47793117241	4.93E+11	4360714359	892290502.8	981616542.3	61390830875	686788000	14058506664	8.00E+12	3.67E+12	4746386893	3.41E+11	5642221099	22583157895	5.21E+12	881909347.1	1.62E+12	366887375	1.87E+12	1.47E+12	22157920592	46206091938	7.83E+11	32105408.48	32012892919	26673441431	1.41E+11	1.47E+13	41950361212	1.50E+13	49765676402	720447888.9	3.93E+11		4324000000	1.47E+11	670712979.7	6.68E+13	680260907.2	5343950556	30906749533	4.17E+11	20265559484	12047750000
2011	2637859218	9.60E+11	17805098206	6.91E+11	1.26E+11	12973755875	3629133063	2.57E+12	3.69E+11	5.30E+11	10142111825	570000000	1287359259	1.40E+12	4.29E+11	65952796428	2235812880	5.27E+11	10693321364	12080295978	1.29E+11	57681293007	29914680851	10070450000	18644233537	61762382328	1831576700	6312691000	23963164697	2.62E+12	5663100000	18524791063	1977728659	15110643612	2437982705	1.79E+12	1.46E+12	7.16E+11	9648680026	2.51E+11	7.67E+12	36693710801	30630910495	26392379642	15655383577	3.35E+11	1023086274	2046817987	42762613699	56828150706	68990000000	2930092237	4186073160	27641549302	2.31E+11	3.82E+12	1239144502	532081481.5	3.44E+11	57948261616	2.18E+11	9.77E+12	9.83E+12	2.00E+13	1.57E+12	2.34E+13	78986648000	2.36E+11	1.38E+13	2065001626	1.49E+12	23303915795	31952763089	1.59E+13	1.67E+12	2.75E+11	3779411899	2.87E+12	2505740669	306799375.5	18210307744	2.68E+12	15475290469	39336668081		6785137203	1409693597	1157074319	21357343669	2.83E+11	778655555.6	2684461375	46876006272	4984000000	3691384318	5.18E+13	2.49E+11	17710275685	5.74E+11	62889007657	13008746039	1.42E+11	2.40E+13	2.58E+13	1.80E+12	8.89E+11	8.93E+11	9.16E+11	6565667053	1.82E+12		2.41E+11	6.29E+11	1.86E+11	15394005872	2.68E+11	2.31E+12	14444661522	29524149155	6.23E+12	1.93E+11	46869473151	6197765984	16032622024	195970140.2	836092592.6	1.31E+12	1.54E+11	5.28E+12	8750104617	39927125962	2398000000	48169263294	1568370370	6.14E+12	8.10E+11	3.84E+11	5739706005	67753285897	4.24E+12	2.22E+13	2579409620	1.67E+13	43186501863	61696281326	26575547901	36848881945	775875748.5	1.10E+11	6088689808	8414352020	11551819618	2774350240	3.66E+12	1.23E+12	172300000	2.18E+13	10494626768	15452791789	9789361703	59977326086	1.91E+12	4507126949	10409797378	729000000	14619279989	6764627746	11677718382	11648142958	2.98E+11	1.74E+13	12523359441	10351448005	8772950778	4.14E+11	9774329333	9.13E+11	5.01E+11	21573872421	65071879.78	1.68E+11	4.89E+13	77497529259	1.29E+11	2.31E+11	35687738252	1.72E+11	2.34E+11	198742370.6	17985138066	5.28E+11	1.24E+12	1.00E+11		2.45E+11	33756238766	11186100000	7750253720	4.60E+13	6203940037	1.68E+11	1.93E+11	2.05E+12	6884913658	2.05E+12	6.81E+11	55018567211	17814283639	2.79E+11	1063898227	4861632885	20283780000	1813717439	2906000097	51251098408	1.62E+12	14907308933	1.65E+12	1.93E+11	226455001.2	4422276622	99705104723	51199194599	5.71E+11	4722912047	936089385.5	1058918707	67539428159	842941000	16685349674	9.76E+12	4.46E+12	5422439152	3.71E+11	6522756255	29233333333	5.94E+12	1042534598	1.89E+12	414143828.5	2.05E+12	1.65E+12	25433007437	48123325825	8.44E+11	39196957.49	34657140096	27871725241	1.69E+11	1.76E+13	50342406067	1.56E+13	60178909297	713796370.4	3.16E+11		4223000000	1.73E+11	770153588.2	7.43E+13	744097050.2	6341613610	32726417878	4.58E+11	23459515276	14109000000
2012	2615208380	9.69E+11	19907329778	7.48E+11	1.44E+11	12246499748	3188653259	2.81E+12	3.93E+11	5.46E+11	10619320683	640000000	1364729630	1.55E+12	4.07E+11	69679944504	2327402363	4.98E+11	11141358116	12561015157	1.33E+11	54297052002	31963404255	10720400000	17226735996	65685890439	1917083500	6378188000	27084497482	2.47E+12	5761450000	19048443341	1973387228	13907464500	2510126512	1.83E+12	1.36E+12	6.86E+11	9454638123	2.67E+11	8.67E+12	36302302877	30155062329	30029369929	17692911296	3.71E+11	1015843491	1913081210	47231655432	60427163825	73141000000	3012836257	4291004486	25047436975	2.10E+11	3.60E+12	1353632942	520355555.6	3.27E+11	60561635556	2.27E+11	1.09E+13	1.03E+13	2.14E+13	1.66E+12	2.26E+13	87735048000	2.79E+11	1.28E+13		1.33E+12	23237406116	43310721414	1.47E+13	1.86E+12	2.57E+11	3972028104	2.68E+12	2427200389	322838077.6	17170464016	2.72E+12	16894392033	41271701061		7638044557	1415004738	1049412177	22388344144	2.39E+11	799881481.5	2609678486	49593929487	5265000000	4063088536	5.19E+13	2.63E+11	18528554398	5.95E+11	57548115904	13708925477	1.28E+11	2.55E+13	2.74E+13	1.90E+12	9.83E+11	9.18E+11	9.21E+11	6690228372	1.83E+12		2.27E+11	6.44E+11	2.18E+11	14943757823	2.64E+11	2.10E+12	14807086556	31634561690	6.27E+12	2.08E+11	56396704672	6605142884	17826536700	207001545.9	824585185.2	1.34E+12	1.74E+11	5.25E+12	10192846339	44016799516	2791614000	92540938129	1598207407	6.20E+12	8.50E+11	3.51E+11	5456102482	70447217164	4.49E+12	2.36E+13	2477702216	1.78E+13	42709372067	59776383527	27116149949	43193350976		1.07E+11	5742749294	8709138635	11578975062	2886163997	3.95E+12	1.26E+12	180700000	2.33E+13	9745261301	14795114603	9609532089	59937796648	2.05E+12	4071829462	12292770632	746000000	16688114144	6728208836	11832323837	8773203178	3.14E+11	1.81E+13	13042053592	9659151917	9426912648	4.64E+11	10532017232	8.46E+11	5.13E+11	21703100877	101055723	1.77E+11	4.88E+13	87408842653	1.26E+11	2.50E+11	41595439721	1.93E+11	2.62E+11	215616882.3	21295168666	4.98E+11	1.35E+12	1.02E+11		2.17E+11	33271921136	12208400000	8215475283	4.59E+13	5692858099	1.87E+11	1.79E+11	2.21E+12	7654761050	2.06E+12	7.52E+11	37632919967	17660870412	2.95E+11	1185217634	6141666509	21386150000	1604701299	4364670160	45103269969	1.67E+12	11931472169	1.72E+12	1.94E+11	225815131.9	4980000000	94724394278	46167053954	5.50E+11	4747813067	985865921.8	1089407839	43190318033	832848000	17892228570	1.09E+13	4.66E+12	5413541649	3.98E+11	7633036903	35164210526	6.00E+12	1160555040	2.04E+12	471122971.3	2.06E+12	1.72E+12	27147349937	47311401813	8.85E+11	39345579.47	39650394363	27305915911	1.83E+11	1.88E+13	54232266359	1.63E+13	67517349212	730032592.6	3.73E+11		4089000000	1.96E+11	747839697.7	7.60E+13	773141661.2	6163484245	35401331610	4.34E+11	25503060420	17123500000
2013	2727849162	9.81E+11	20146416758	8.44E+11	1.49E+11	12796985886	3193513470	2.88E+12	4.10E+11	5.52E+11	11121464437	638000000	1325496296	1.58E+12	4.27E+11	74160560124	2451624638	5.24E+11	12517845124	13444300486	1.50E+11	55819262375	33823324468	10475300000	18179109209	75527558966	2035191450	6465756000	30659338886	2.47E+12	5667200000	18094148099	1943696952	14271738933	1691544110	1.85E+12	1.42E+12	7.06E+11	9594745811	2.77E+11	9.74E+12	42760235485	33728621180	34891189160	17958720699	3.82E+11	1116224107	2028910915	50949668842	62064949752	77148000000	3033568606	4405796081	23959712861	2.13E+11	3.81E+12	2044440443	545325925.9	3.45E+11	62555417415	2.30E+11	1.20E+13	1.03E+13	2.17E+13	1.81E+12	2.36E+13	96570334000	2.88E+11	1.34E+13		1.36E+12	25451032781	47648276605	1.54E+13	1.83E+12	2.70E+11	4189967999	2.82E+12	2690110521	312808581.7	17595744798	2.80E+12	17517660144	62845721960		8376613539	1375609453	1109682824	21948834284	2.37E+11	842618518.5	2684946990	52996420177	5399000000	4167800929	5.27E+13	2.76E+11	18499729215	6.67E+11	59846265182	14902488604	1.36E+11	2.68E+13	2.89E+13	2.07E+12	1.07E+12	9.13E+11	1.00E+12	7001175623	1.86E+12		2.43E+11	5.00E+11	2.35E+11	16244319959	2.98E+11	2.15E+12	14264205153	34454440141	5.21E+12	2.37E+11	61671440408	7335033801	19807135253	201730860.8	874548148.1	1.43E+12	1.74E+11	5.39E+12	11983252627	46880103081	3177198100	75351107029	1660392593	6.25E+12	9.25E+11	3.59E+11	6391708311	76976203829	4.74E+12	2.51E+13	2367112932	1.92E+13	46303660422	65203276467	29152128168	51559125350		1.16E+11	6555591710	9496717876	12423555455	3295009238	3.92E+12	1.33E+12	186400000	2.47E+13	10817702346	15747192681	10796782636	60269732855	1.93E+12	4422097763	12582122604	772000000	17198073057	7223071097	12434596541	8031571928	3.23E+11	1.87E+13	12043307277	10151382933	10224897438	5.20E+11	10982988249	8.84E+11	5.26E+11	22162204925	94385014.94	1.91E+11	4.95E+13	89936020806	1.31E+11	2.59E+11	46949496479	2.01E+11	2.84E+11	224110611	21261338065	5.18E+11	1.48E+12	1.02E+11		2.27E+11	38501122141	13515500000	8541905878	4.64E+13	6031827123	1.99E+11	1.90E+11	2.29E+12	7819964030	2.11E+12	7.70E+11	43024018082	18918667725	3.08E+11	1285905958	7502762863	21990960000	1678741475	5062881600	50455529604	1.78E+12	18426469017	1.83E+12	2.02E+11	267041747.6	5145757576	99134277850	47867056859	5.84E+11	4463396204	1022905028	1333160407	21361254635	863328000	17865316886	1.20E+13	4.92E+12	6021729630	4.20E+11	8448411318	39197543860	6.04E+12	1395727421	1.92E+12	451788498.3	2.11E+12	1.83E+12	28560537057	48685446414	9.62E+11	38615890.63	45648857242	28915786517	1.90E+11	2.00E+13	61337621934	1.68E+13	73180037915	764781259.3	2.59E+11		3738000000	2.14E+11	758304466.2	7.80E+13	797736334.3	6735328610	40415233436	4.01E+11	28037239463	19100750000
2014	2790849721	9.99E+11	20497128556	9.04E+11	1.53E+11	13296322588	3271686452	2.94E+12	4.25E+11	5.26E+11	11609513247	643000000	1378707407	1.47E+12	4.39E+11	75239785452	2705826648	5.38E+11	13284527847	13943016077	1.73E+11	57080897012	34772526596	11139100000	18558734107	78813069121	2138242200	6413988000	32996188017	2.46E+12	5620600000	17097797386	2089079571	15470088501	1894813389	1.81E+12	1.47E+12	7.27E+11	10527973278	2.60E+11	1.07E+13	48843005614	36386544706	38352980553	17919321078	3.81E+11	1149587661	2041930125	52016408854	64075043973	80656100000	3059406995	4562853582	23225918260	2.11E+11	3.96E+12	2220637966	572255555.6	3.53E+11	67014329100	2.39E+11	1.30E+13	1.05E+13	2.24E+13	1.74E+12	2.39E+13	1.03E+11	3.06E+11	1.37E+13		1.38E+12	27055689003	55612228234	1.58E+13	1.79E+12	2.73E+11	4857104769	2.86E+12	2914012679	313994034	18203966896	3.09E+12	17966015109	54678533806		8778473373	1229461721	1135250721	21765453082	2.34E+11	911496296.3	2842065708	57852159008	5610000000	4127660152	5.36E+13	2.91E+11	19756533972	7.05E+11	59606934501	15146883498	1.41E+11	2.75E+13	2.98E+13	2.23E+12	1.16E+12	8.91E+11	1.07E+12	7708454412	2.04E+12		2.66E+11	4.62E+11	2.28E+11	18052183515	3.15E+11	2.17E+12	13899217680	36847643521	4.90E+12	2.21E+11	68285796514	7468102413	22041463968	200287282	952111111.1	1.56E+12	1.63E+11	5.41E+12	13279245886	48095213747	3225652000	57372355592	1749185185	6.22E+12	9.93E+11	3.79E+11	6657526980	82531125191	5.12E+12	2.62E+13	2441063054	2.00E+13	48306546657	68804811898	30277203767	54930501310	772921958.5	1.19E+11	7070017324	9402090138	12522957399	3697353039	3.96E+12	1.36E+12	186000000	2.59E+13	11362265253	17081681993	11888032874	65531374210	1.92E+12	4579636602	12226514668	832000000	17978246586	6592537782	13230490082	8801326169	3.38E+11	1.94E+13	12435430970	10635035595	10862943544	5.74E+11	11880438824	9.02E+11	5.02E+11	22731612922	99149244.4	2.02E+11	5.05E+13	92699089727	1.35E+11	2.71E+11	51427104882	2.01E+11	2.97E+11	245591095	23210823987	5.42E+11	1.56E+12	1.02E+11		2.30E+11	40377929296	13989700000	9287744622	4.74E+13	6151996561	2.06E+11	2.00E+11	2.06E+12	8238966124	2.32E+12	7.87E+11	49516748618	19797253440	3.15E+11	1335576763	7686138791	22593470000	1673911426	5728399720	49114321280	1.85E+12	13962212847	1.90E+12	2.09E+11	293119143.2	5240606061	1.02E+11	49514466380	5.78E+11	4285065665	1361811508	1387577870	21502061466	956605000	18144336904	1.30E+13	4.65E+12	6393314708	4.07E+11	9112605459	43524210526	6.01E+12	1447535183	1.91E+12	440997738	2.32E+12	1.90E+12	29474180005	50271812921	9.42E+11	38760982.65	49986726461	32612397257	1.34E+11	2.07E+13	61496186974	1.76E+13	80845385809	770900000	2.15E+11		3565000000	2.33E+11	773717010.5	8.01E+13	796683519.6	7074394735	43228585321	3.81E+11	27141023558	19505500000
2015	2962906704	9.10E+11	19134221645	7.78E+11	1.03E+11	11470171827	2789882569	2.58E+12	3.82E+11	5.95E+11	10553337518	673000000	1437485185	1.36E+12	3.80E+11	53076235355	2810532912	4.61E+11	11388160997	11832159316	1.95E+11	50765918159	32523297872	11837600000	16404348361	56454769845	2193095150	6654541000	33000198249	1.80E+12	5698150000	12930296870	2187815803	13530748845	1695825714	1.56E+12	1.30E+12	6.94E+11	10109273770	2.42E+11	1.13E+13	45815005169	32210233020	40179574490	12434793867	2.93E+11	966029600.9	1749857620	56441920821	62545153672	87132800000	3058779212	4708167255	19909278417	1.89E+11	3.43E+12	2424391785	583177777.8	3.02E+11	70966782572	1.87E+11	1.35E+13	1.01E+13	2.23E+13	1.51E+12	2.06E+13	97209558000	3.29E+11	1.18E+13		1.21E+12	23311847751	62103418182	1.37E+13	1.48E+12	2.33E+11	4682479894	2.44E+12	2573905971	310175057.8	14383107763	2.95E+12	15223796149	49436806230		8794201743	1378176609	1152384167	13185496881	1.95E+11	997007407.4	2499113023	62186066548	5799000000	4279840194	5.00E+13	3.09E+11	20979791685	6.75E+11	50998893385	14849629309	1.25E+11	2.59E+13	2.81E+13	2.17E+12	1.10E+12	8.61E+11	1.06E+12	7084800892	2.10E+12		3.02E+11	4.09E+11	1.67E+11	17700486957	3.03E+11	1.85E+12	14963589916	38587017887	4.44E+12	1.84E+11	70120446897	6678177512	24174170369	191559398.7	957222222.2	1.54E+12	1.15E+11	4.58E+12	14426380126	49929337837	3227075700	48717501321	1807640741	5.29E+12	9.46E+11	3.62E+11	6268515276	85090301052	5.11E+12	2.55E+13	2359686725	1.88E+13	41540954817	60071584216	26344565877	44940613353		1.10E+11	6264756528	7797667197	11323020701	4129505319	3.56E+12	1.21E+12	183700000	2.51E+13	10064519963	15583181170	11340795042	59607290408	1.78E+12	4010885991	11619892591	910000000	16208985770	6166863897	12162211503	9219474379	3.01E+11	1.98E+13	11335161084	8738203074	9683867926	4.93E+11	12756696261	7.76E+11	3.88E+11	24360801287	84863440.58	1.78E+11	4.76E+13	78710793238	1.21E+11	3.00E+11	55767806073	1.90E+11	3.06E+11	287057525.6	21723437010	4.80E+11	1.33E+12	1.03E+11		1.99E+11	36211447840	13972400000	9105865615	4.48E+13	5325846362	1.62E+11	1.78E+11	1.36E+12	8543760200	2.41E+12	6.93E+11	51726758677	17774766696	3.08E+11	1307908814	6788352975	23438240000	1419401071	6152149100	41297410635	1.62E+12	11997800760	1.69E+12	1.93E+11	259999643	5126237646	89178548717	42709468275	5.02E+11	3908217914	1417888715	1432403352	16466863117	1078274000	14559599500	1.35E+13	3.63E+12	5755457836	4.01E+11	8271431485	35799714286	5.07E+12	1590282371	1.77E+12	437525514.2	2.41E+12	1.69E+12	26841141793	45779494042	8.65E+11	36811936.08	47413919817	32387183730	91030967789	2.00E+13	57680327999	1.82E+13	86196264755	786555555.6	1.25E+11		3663000000	2.39E+11	759690181	7.56E+13	824150498.7	6295848423	42444490074	3.47E+11	21251216799	19973250000
2016	2983637430	8.32E+11	18116572395	7.00E+11	59878249719	11988668785	2896611879	2.54E+12	3.82E+11	5.58E+11	10546136236	671000000	1489603704	1.21E+12	3.94E+11	37866996883	2618093125	4.74E+11	11821065853	12833363045	2.65E+11	53929397039	33884680851	11880900000	17116926554	47723545321	2239604950	6899911000	33941126194	1.80E+12	5674600000	11400266045	2357504761	15082637184	1825018145	1.53E+12	1.32E+12	6.88E+11	9168857222	2.49E+11	1.15E+13	48407761037	33814337044	38600224214	10931328151	2.83E+11	1012835493	1849789986	58847019610	58073168350	91370407900	3024690188	4909322200	21046462281	1.98E+11	3.54E+12	2604955229	612711111.1	3.12E+11	75552902636	1.81E+11	1.38E+13	1.04E+13	2.31E+13	1.45E+12	2.05E+13	97671433000	3.32E+11	1.21E+13		1.24E+12	24561027788	68475871210	1.40E+13	1.36E+12	2.39E+11	4930213644	2.47E+12	2813278869	325000000	14023890265	2.71E+12	15444548902	56144179398		8595955222	1484578886	1245074264	11240808848	1.93E+11	1061640741	2707139544	66053408206	5901000000	4482697337	5.09E+13	3.21E+11	21717604952	6.77E+11	52650714172	14069277526	1.29E+11	2.61E+13	2.83E+13	2.15E+12	1.04E+12	9.32E+11	1.12E+12	6846377563	2.29E+12		3.05E+11	4.79E+11	1.67E+11	21083713310	3.22E+11	1.89E+12	14898999754	39892551127	5.00E+12	1.37E+11	74815144164	6813095379	26556545153	206467818.5	1006818519	1.58E+12	1.09E+11	4.44E+12	15912501723	51147308774	3398419600	49912073701	1868544444	5.15E+12	9.53E+11	3.18E+11	6237302034	88000211172	5.32E+12	2.57E+13	2114426452	1.88E+13	42970749245	62216885436	27117105060	44964868324		1.12E+11	6471290794	7980917076	11848613858	4409942624	3.62E+12	1.11E+12	201800000	2.54E+13	10672467073	16743796800	12025782834	63298361984	1.85E+12	4357469330	11181350649	1230000000	12069051237	6398747592	12757680847	7909868618	3.01E+11	2.02E+13	10722018732	8724568955	10398861982	4.05E+11	13286093388	7.97E+11	3.71E+11	24524109484	97541943.04	1.89E+11	4.86E+13	75128738622	1.28E+11	3.14E+11	59760858718	1.92E+11	3.19E+11	305227020.3	20758876953	4.73E+11	1.18E+12	1.04E+11		2.06E+11	36089700223	15405400000	9556119494	4.58E+13	5497036477	1.52E+11	1.85E+11	1.28E+12	8695272058	2.68E+12	6.89E+11	42630376000	19040312333	3.20E+11	1379486291	6084297211	24191430000	1468343140	6613743070	42225495910	1.46E+12		1.53E+12	1.96E+11	292267272.2	3317421648	90347173229	44290685824	5.13E+11	3722306117	1427017207	1568513348	12597854877	1202078000	13026289836	1.38E+13	3.49E+12	6071167584	4.13E+11	6992416097	36169428571	4.92E+12	1640464612	1.83E+12	420828262.3	2.68E+12	1.53E+12	23624322193	44360072680	8.71E+11	41629064.22	49774409374	29203988696	93355869404	2.01E+13	57480787465	1.87E+13	86138288644	814303703.7	1.13E+11		3798000000	2.57E+11	804323576.9	7.68E+13	843924796.7	6682677290	31317825274	3.24E+11	20958412538	20559250000
2017	3092427933	9.78E+11	18753456498	6.94E+11	84376935689	13258268436	3000160415	2.61E+12	4.03E+11	6.44E+11	11527458709	612000000	1534855556	1.33E+12	4.15E+11	40866627352	2831362208	5.01E+11	12701655837	14106955615	2.94E+11	59167647388	37204813830	12446900000	18326373136	54725405751	2266028250	7142316000	45927439595	2.06E+12	5683150000	12128168045	2591358009	16105155857	2072349973	1.65E+12	1.47E+12	6.95E+11	9170044517	2.76E+11	1.25E+13	52512343997	36098547033	37537521566	11834473039	3.12E+11	1077439757	1996741540	60516044657	59690101434	96850649700	3033433248	5166281293	22946570629	2.22E+11	3.77E+12	2762581334	563355555.6	3.32E+11	79070274743	1.90E+11	1.51E+13	1.13E+13	2.47E+13	1.50E+12	2.18E+13	1.04E+11	2.48E+11	1.28E+13		1.32E+12	27469461919	76366081767	1.49E+13	1.44E+12	2.54E+11	5353469174	2.59E+12	2980057378	359000000	14929487485	2.70E+12	16473125375	60385409435		10324668271	1504909463	1469978606	12200913879	2.00E+11	1125685185	2851613679	71653780740	6013000000	4748174334	5.35E+13	3.41E+11	23136247991	7.35E+11	56182782586	15093357161	1.43E+11	2.88E+13	3.11E+13	2.27E+12	1.06E+12	1.02E+12	1.20E+12	6979788334	2.65E+12		3.48E+11	5.10E+11	1.87E+11	25060086488	3.58E+11	1.97E+12	15783583237	41608435915	4.93E+12	1.67E+11	82036510877	7702938379	29355665910	222875736.3	1056977778	1.71E+12	1.21E+11	4.96E+12	17071155481	53027680686	3390703400	67157452182	1998503704	5.72E+12	1.04E+12	3.27E+11	6474308718	94369350286	5.77E+12	2.81E+13	2306741672	2.09E+13	47756764508	65712180343	29391059767	50297028371		1.19E+11	6430254653	9514404016	13176313594	4816426257	3.80E+12	1.19E+12	213700000	2.78E+13	11307067070	18308362040	14161366724	66053040475	1.88E+12	4803962016	11480847741	1560000000	13264640646	6800135898	13896938315	8943543794	3.19E+11	2.11E+13	12895153371	9174048682	11185104252	3.76E+11	13785893007	8.48E+11	4.02E+11	28971588940	109355638.9	2.07E+11	5.07E+13	80856697009	1.43E+11	3.39E+11	64327688826	2.11E+11	3.28E+11	292148590.1	22742699138	5.28E+11	1.23E+12	1.03E+11		2.21E+11	38997129474	16128000000	10290493043	4.77E+13	5833352693	1.61E+11	2.10E+11	1.57E+12	9252833891	3.08E+12	7.41E+11	41283617976	20996562944	3.44E+11	1469790526	5749846528	24979190000	1528620346	7621501710	45972834714	1.59E+12		1.67E+12	2.13E+11	322002845.2	3591679431	95978130735	48153200135	5.35E+11	4462640651	1353212123	1675370641	16369843352	1197958000	13349041409	1.51E+13	3.93E+12	6387424240	4.56E+11	7536402853	37926285714	5.48E+12	1584878440	1.86E+12	459976850.3	3.08E+12	1.67E+12	23830750901	42163530591	8.64E+11	45276595.35	53274884533	30744473841	1.12E+11	2.20E+13	65005997963	1.95E+13	69703222283	844040740.7	1.16E+11		3794000000	2.81E+11	880043284.4	8.18E+13	884844384.5	7180768692	26842229045	3.81E+11	25873601261	51035657371
2018	3276187709	1.02E+12	18053222687	7.78E+11	89512794227	15379508330	3218418632	2.92E+12	4.41E+11	5.25E+11	12457940695	639000000	1661529630	1.43E+12	4.53E+11	47112470052	2913411408	5.43E+11	14262408090	15890066221	3.21E+11	66097226262	39567978723	12819200000	20484058033	60031026576	2285915050	7225977000	48414038842	1.92E+12	6001950000	13566908391	2583335722	17031943186	2220979146	1.73E+12	1.66E+12	7.26E+11	10026394044	2.96E+11	1.41E+13	58522477787	39955552190	46659954092	14773900289	3.34E+11	1178530633	2205099507	62420164992	61252081220	1.00E+11	3046364820	5530178499	25754001368	2.52E+11	4.06E+12	2913464658	628244444.4	3.55E+11	84994732049	1.95E+11	1.69E+13	1.15E+13	2.69E+13	1.48E+12	2.33E+13	1.07E+11	2.63E+11	1.39E+13		1.43E+12	31222632741	83337901072	1.61E+13	1.56E+12	2.74E+11	5581425327	2.78E+12	3188600927	392000000	16867326402	2.90E+12	17902544881	67259353966		11857030367	1670671328	1554133594	13097012134	2.13E+11	1166514815	3055782146	73328356008	6051000000	4787636998	5.69E+13	3.62E+11	24067750760	7.90E+11	61667925219	16403864618	1.61E+11	3.07E+13	3.31E+13	2.41E+12	1.13E+12	1.04E+12	1.29E+12	7491649456	2.70E+12		3.96E+11	4.12E+11	2.27E+11	26677652544	3.76E+11	2.10E+12	16855447986	43370860704	5.04E+12	1.79E+11	92202979985	8271106235	33145892169	233514717.4	1076548148	1.82E+12	1.39E+11	4.82E+12	18141641090	54901519156	3422754800	76686029772	2060955556	5.58E+12	1.12E+12	3.42E+11	6692620692	94450015983	6.02E+12	2.99E+13	2556247292	2.29E+13	54261795149	71085623495	33247935477	55076322634		1.27E+11	7184333936	11252353421	13760033282	5404344163	4.05E+12	1.26E+12	220000000	2.96E+13	12683068114	20368015381	16153779511	67860515993	1.88E+12	5433467175	13178094720	1301000000	15017358953	7473550557	14957535716	9879220354	3.59E+11	2.23E+13	13682019076	9896402284	12837307497	4.22E+11	13025221974	9.30E+11	4.40E+11	33111525237	130995566.3	2.12E+11	5.37E+13	91505851756	1.58E+11	3.56E+11	67316471181	2.23E+11	3.47E+11	287998352.1	24109780708	5.95E+11	1.37E+12	1.01E+11		2.42E+11	40225448341	16276600000	10796141328	5.06E+13	6135116253	1.83E+11	2.42E+11	1.66E+12	9637904521	3.16E+12	8.87E+11	32333780383	23116701556	3.77E+11	1615473250	6390514689	26020850000	1655353653	7873000000	52787520249	1.71E+12		1.80E+12	2.30E+11	383717327.8	3996198867	1.07E+11	53689067640	5.50E+11	4643751059	1259200447	1784313927	21497782868	1314329000	15327000249	1.69E+13	4.10E+12	7029215766	5.07E+11	7764999999	40765428571	5.35E+12	1555988614	1.86E+12	493530783	3.16E+12	1.80E+12	23883058083	42686504460	7.88E+11	48015259.88	57003712892	32927025620	1.31E+11	2.36E+13	65344577416	2.05E+13	58695899092	884329629.6	1.02E+11		3923000000	3.10E+11	914727908.1	8.71E+13	878448433.4	7878762812	21606160663	4.05E+11	26311507274	34141666667
2019	3346623191	1.02E+12	18799444490	1.03E+12	80734428593	15585111614	3155150256	2.97E+12	4.34E+11	4.48E+11	13619290539	647000000	1726448148	1.40E+12	4.43E+11	48174235294	2871555326	5.37E+11	14391686313	16032813503	3.51E+11	68507731354	40446808511	13277000000	20482608984	64410170653	2381187850	7423465000	49056643589	1.87E+12	6161850000	13469235365	2735683570	16725908149	2221301351	1.74E+12	1.68E+12	7.21E+11	10031864649	2.78E+11	1.46E+13	60382894697	39667757528	46845900350	13976637780	3.23E+11	1187915409	2252177124	64417670521	62185458483	1.03E+11	3026124116	5941896600	26196667100	2.57E+11	3.96E+12	3088851450	644259259.3	3.45E+11	89146130745	1.93E+11	1.75E+13	1.17E+13	2.74E+13	1.51E+12	2.31E+13	1.08E+11	3.19E+11	1.36E+13		1.40E+12	31873748770	91834517113	1.58E+13	1.81E+12	2.67E+11	5344907153	2.72E+12	3266432734	394000000	16874405465	2.88E+12	17638337117	68352629246		13442861496	1813609692	1596227316	11364133550	2.07E+11	1213485185	2997309972	77172331693	6355000000	5173760192	5.75E+13	3.63E+11	24882225742	8.11E+11	61466721186	15016090930	1.65E+11	3.14E+13	3.41E+13	2.70E+12	1.35E+12	1.12E+12	1.35E+12	7314967866	2.84E+12		4.07E+11	3.48E+11	2.34E+11	24985687022	4.01E+11	2.02E+12	17026269263	44503006338	5.12E+12	1.82E+11	1.00E+11	9371275264	36685356408	216985388.3	1107855556	1.75E+12	1.41E+11	4.75E+12	18740561513	51605959131	3319596500	69254496472	2095344444	5.47E+12	1.17E+12	3.52E+11	6436467007	88998706297	6.53E+12	3.09E+13	2390702296	2.34E+13	55122066226	69872035114	33099503951	55025172016	652206037.1	1.29E+11	7383496254	11736797055	14104664679	5726094799	4.02E+12	1.30E+12	232900000	3.05E+13	12606338449	20477421885	16337793531	75065106243	1.83E+12	5483476883	14206359018	1179000000	15512759047	7894764886	14645235205	11051852713	3.65E+11	2.31E+13	12541928303	9475655325	12889555561	6.68E+11	12699023614	9.29E+11	4.09E+11	34186180699	125160115.5	2.13E+11	5.42E+13	88060858257	1.59E+11	3.21E+11	69778991193	2.28E+11	3.77E+11	282041290.3	24750626030	6.03E+11	1.63E+12	1.05E+11		2.40E+11	37925338329	17133500000	10624838178	5.11E+13	6022276196	1.76E+11	2.50E+11	1.69E+12	10349300277	3.32E+12	8.89E+11	32338079165	23403995992	3.76E+11	1619150564	6523577594	26881140000	1616340692	8656000000	53864693665	1.95E+12		2.05E+12	2.31E+11	412976082.6	4016040575	1.06E+11	53909922736	5.31E+11	4617018959	1407880447	1868690097	22583045060	1371838000	14905517743	1.75E+13	4.18E+12	6992654019	5.44E+11	8300813599	40810067975	5.23E+12	2032550389	1.82E+12	506031239	3.32E+12	2.05E+12	23477745792	41905642419	7.76E+11	54123198.57	61026731926	35353061003	1.54E+11	2.40E+13	62222313619	2.14E+13	67293639798	910481481.5	73014084091		4121000000	3.34E+11	936526267.6	8.85E+13	912950466.1	7899741279		3.89E+11	23308667781	33357695635
2020	2471419182	9.39E+11	19955929052	9.64E+11	58852456454	15241458745	2891002460	2.60E+12	3.57E+11	3.86E+11	12641698583	721000000	1411637037	1.33E+12	4.34E+11	42693000000	3227847281	5.30E+11	15686741884	17725010533	3.74E+11	70486877546	35837632979	10363200000	20226038370	61371673345	2047284600	6887364000	42313784081	1.48E+12	5407050000	12005799654	2457604334	14960251608	2326720900	1.66E+12	1.68E+12	7.42E+11	9439810769	2.54E+11	1.50E+13	63027852805	40773241177	46691989749	11468687464	2.70E+11	1218763671	1821565614	62395610760	53320869431	1.07E+11	2534327592	5655357984	25555093854	2.51E+11	3.94E+12	3144136197	528944444.4	3.56E+11	78546672407	1.65E+11	1.78E+13	1.08E+13	2.76E+13	1.45E+12	2.23E+13	95865473000	3.84E+11	1.33E+13		1.29E+12	31820771494	98676811061	1.55E+13	1.61E+12	2.70E+11	4227719873	2.65E+12	3271813312	372902700	15342236164	2.72E+12	16010869216	70008243860		14088693743	1812170891	1705057581	9893816008	1.91E+11	1043411111	3089625554	77719468248	5916000000	5471256595	5.59E+13	3.45E+11	23352232484	8.16E+11	57959843541	14508222518	1.58E+11	3.02E+13	3.28E+13	2.62E+12	1.26E+12	1.06E+12	1.36E+12	6684225641	2.67E+12		4.36E+11	2.81E+11	1.81E+11	22034665041	4.11E+11	1.91E+12	15000214216	43700383099	5.05E+12	1.71E+11	1.01E+11	8270468614	34818073901	220898020.4	883922222.2	1.74E+12	1.11E+11	3.99E+12	18981805250	31712128254	3176126300	46854285441	1499274074	4.63E+12	1.18E+12	3.39E+11	6405870210	84335574582	6.30E+12	2.99E+13	2053699864	2.29E+13	57412038533	73670782100	33379927435	25280064168		1.21E+11	6730736283	11530746234	13051441204	3712604583	3.59E+12	1.12E+12	241800000	2.95E+13	12361036914	20698560939	16404663226	79006113670	1.67E+12	4723571498	13312981429	866000000	14235420174	8260752385	11566111138	11769313598	3.37E+11	2.27E+13	10583748542	9454629468	13744653103	5.99E+11	12726422432	9.33E+11	3.68E+11	33433659301	124685688.2	2.13E+11	5.29E+13	75909492848	1.46E+11	3.00E+11	57059846522	2.01E+11	3.62E+11	261688507.1	23848447850	6.06E+11	1.49E+12	1.03E+11		2.30E+11	35432178068	15531700000	9323221713	5.00E+13	5574821989	1.44E+11	2.51E+11	1.49E+12	10174386857	3.17E+12	7.68E+11	27034593750	24530513038	3.49E+11	1536143428	6688307703	24921190000	1541248249	8628000000	55874017669	1.80E+12		1.90E+12	2.09E+11	471229484.6	2911807496	1.08E+11	53384760135	5.44E+11	4134677810	1236428101	1382551752	12047752036	918387000	14932897821	1.78E+13	3.92E+12	7486031562	5.00E+11	8133963551	41509903182	4.39E+12	2162619241	1.65E+12	506571467.9	3.17E+12	1.90E+12	20888515184	42491780918	7.34E+11	51746594.31	66068737786	37600368242	1.57E+11	2.32E+13	53559359262	2.11E+13	66443265418	864566666.7	42838020721		4229000000	3.47E+11	909421043.5	8.59E+13	868884903	7717143396		3.38E+11	18137764931	31980334561
2021	2880902799	1.11E+12	14259995441	1.03E+12	79559543805	18031989573	3324648076	3.09E+12	4.22E+11	4.87E+11	13878908629	750000000	1602125926	1.56E+12	4.80E+11	54825411765	3435598073	5.99E+11	17687623530	19697516284	4.16E+11	84374613233	40840212766	12037000000	23672712121	69673747132	2428606250	7290037000	47877892402	1.67E+12	5947550000	14006496617	2768802960	18750182236	2516498412	2.02E+12	1.93E+12	8.15E+11	11157540110	3.15E+11	1.82E+13	72794636654	45011937347	59067289574	14825690211	3.19E+11	1272238391	2051842619	64960725734	62687149265		2739594360	6060813808	30372642502	2.91E+11	4.36E+12	3392796953	562911111.1	4.06E+11	94850719517	1.86E+11	2.12E+13	1.27E+13	3.17E+13	1.68E+12	2.56E+13	1.07E+11	4.25E+11	1.49E+13		1.46E+12	37201101171	1.09E+11	1.75E+13	1.74E+12	2.94E+11	4158873156	2.97E+12	3699551717	391601900	19444935097	3.19E+12	18853115589	79514204730		17069115738	2014158842	1908094558	12215878033	2.18E+11	1122222222	3293578468	86455522273	6234000000	8041362110	6.27E+13	3.69E+11	28144331507	9.24E+11	69002365163	20944387976	1.83E+11	3.59E+13	3.87E+13	2.86E+12	1.37E+12	1.19E+12	1.49E+12	7931193222	3.17E+12		5.30E+11	4.07E+11	2.10E+11	26234872402	4.90E+11	2.18E+12	15963885376	46296100141	5.04E+12	1.97E+11	1.10E+11	9249133946	36790163687	285259881.1	858622222.2	1.94E+12	1.48E+11	4.64E+12	18827148531	23131941557	3513049500	35217995647	1867185185	5.38E+12	1.30E+12	3.75E+11	7912602342	88556698938	7.12E+12	3.52E+13	2412130057	2.73E+13	67037321009	86386759695	38183326785	30633941629	649206262.8	1.42E+11	8623242743	13691869264	14354731964	5252457370	4.31E+12	1.32E+12	261245544.4	3.49E+13	14000283827	22999245263	19739875611	66345291149	1.94E+12	5823715810	15286441738	914000000	16168055475	9222536364	11622048697	12378119199	3.74E+11	2.53E+13	12402486184	10071349664	14915002436	6.09E+11	14209020362	1.05E+12	5.03E+11	36924841394	175390280.7	2.54E+11	5.90E+13	87323797139	1.72E+11	3.49E+11	67396392506	2.26E+11	3.94E+11	231343460.1	26109413521	6.89E+11	1.63E+12	1.06E+11		2.56E+11	39950899939	18109000000	9453908128	5.57E+13	5994931236	1.80E+11	2.85E+11	1.83E+12	11078787090	3.72E+12	9.83E+11	34229513775	27520784130	4.37E+11	1558312104	7166931485	29043140000	1855652786	9483000000	66159884073	2.03E+12		2.14E+12	2.44E+11	524402455.5	3107923198	1.21E+11	61540813362	6.32E+11	4807069277	1353071061	1487173795	14353205678	1236459000	16871937698	2.12E+13	4.64E+12	8541668141	5.06E+11	8937805347	40589905812	5.12E+12	3625024341	1.92E+12	519306352.8	3.72E+12	2.14E+12	24222963263	47073234359	8.40E+11	60196405.71	70655628148	40529788749	2.00E+11	2.77E+13	60739084241	2.33E+13	77340060003	888677777.8	56614976855		4507000000	3.66E+11	950394006.5	9.81E+13	859724936.1	9413408574		4.20E+11	22096416932	41287673690
2022	3324034443	1.23E+12	14497243872	1.06E+12	1.31E+11	19017247014	3380611695	3.75E+12	5.11E+11	6.34E+11	19513506553	871000000	1866566667	1.70E+12	4.73E+11	78807470588	4036192553	5.91E+11	17425405091	18622421395	4.60E+11	90506153294	46458191489	13896800000	24534663636	73775179925	2846604350	7874381000	50959081954	1.95E+12	6884900000	16681536467	2898227744	20321150599	2382618615	2.19E+12	1.95E+12	8.29E+11	11308272505	3.01E+11	1.83E+13	70922824814	44347206073	70422346142	15817030155	3.46E+11	1222485532	2247003344	69243626029	78506430711		3075180835	6660161212	31218038929	3.02E+11	4.20E+12	3562814909	623062963	4.00E+11	1.13E+11	2.26E+11	2.16E+13	1.40E+13	3.13E+13	1.82E+12	2.58E+13	1.16E+11	4.77E+11	1.45E+13		1.45E+12	38226641740	1.23E+11	1.70E+13	1.92E+12	2.80E+11	4977861886	2.79E+12	3615241801	415956900	20440655695	3.18E+12	24984568960	73919003210		19910452542	2204734528	1859601384	13687643436	2.18E+11	1224007407	3152334772	95641446501	6910000000	14718388489	6.51E+13	3.59E+11	31426041807	1.00E+12	71196498671	20253551921	1.77E+11	3.79E+13	4.10E+13	3.08E+12	1.46E+12	1.32E+12	1.62E+12	7431257411	3.35E+12		5.48E+11	4.23E+11	2.87E+11	29166102877	5.25E+11	2.10E+12	18813516805	48764963380	4.26E+12	2.25E+11	1.14E+11	12134931018	39994532960	270040453.3	981429629.6	1.80E+12	1.84E+11	5.34E+12	15468785204	20992421949	4001047000	43246297922	2342714815	6.15E+12	1.47E+12	4.34E+11	7426856243	74143020263	7.59E+12	3.70E+13	2354980960	2.86E+13	71033884500	80801680397	38003198509	24929307447		1.31E+11	8800430486	14525337524	15325603273	6177123352	5.03E+12	1.47E+12	258723510.7	3.65E+13	13932436550	22539987719	18928276162	62253049903	2.16E+12	6251215144	17146471714	1096000000	18883528581	9557966698	12936444123	12429059928	4.08E+11	2.78E+13	12569449123	9623318718	15433852712	6.47E+11	15634572502	1.05E+12	5.96E+11	41182939601	152373433.9	2.50E+11	6.06E+13	1.10E+11	1.82E+11	3.75E+11	76479304471	2.46E+11	4.04E+11	243826812.7	31653185953	6.96E+11	1.86E+12	1.14E+11		2.57E+11	41952910858	19165500000	10350119920	5.70E+13	5622688338	2.36E+11	2.95E+11	2.29E+12	13316161002	3.93E+12	1.24E+12	51666875363	27783332223	5.09E+11	1466670930	7121125278	31870120000	1829211864	10203000000	66809895701	2.17E+12		2.29E+12	2.71E+11	540809499.2	3791603200	1.16E+11	59899117741	5.75E+11	4746660274	1592564639	2018346589	23622827080	1434119000	17828508290	2.15E+13	5.26E+12	8646453099	4.96E+11	10713525200	42208726138	5.85E+12	3208599889	2.14E+12	556514555.4	3.93E+12	2.29E+12	28341164301	44929920093	9.26E+11	59065982.09	75749121843	45565333211	1.62E+11	2.89E+13	70594110920	2.56E+13	90095926567	989188888.9	89013255585		4672000000	4.13E+11	1055031361	1.02E+14	889554711.8	9354907646		4.08E+11	29163782140	40757561709
2023	3834729616	1.18E+12	17152234637	9.38E+11	1.07E+11	23491242727	3785065525	3.62E+12	5.23E+11	6.49E+11	24185982216		2005785185	1.73E+12	5.17E+11	72428470588	3430949250	6.51E+11	19673291004	20112614449	4.37E+11	1.02E+11	46192260638	15271300000	27592361498	72478760370	3052362650	8579242000	52340206946	2.19E+12	7223250000	15095084656	3012896789	19411266967	2555492086	2.17E+12	2.27E+12	8.94E+11	12507320838	3.36E+11	1.83E+13	80780312569	48814501547	69843655425	15321055823	3.66E+11	1326836543	2504525549	86497941439	79534673453		3281419347	7241244269	35075423857	3.45E+11	4.56E+12	3898447007	659311111.1	4.05E+11	1.20E+11	2.48E+11	2.16E+13	1.49E+13	3.14E+13	2.14E+12	2.77E+13	1.21E+11	3.96E+11	1.59E+13		1.62E+12	41470344395	1.36E+11	1.87E+13	1.78E+12	2.95E+11	5476673518	3.06E+12	3943131022	441469400	19388372071	3.42E+12	30777833601	80547146878		22407615556	2382262185	2127688181	12337550584	2.43E+11	1336418519	3326543974	1.04E+11		16918503597	6.84E+13	3.81E+11	34355805528	1.06E+12	85624153964	19850585722	2.13E+11	3.92E+13	4.22E+13	2.93E+12	1.27E+12	1.37E+12	1.66E+12		3.64E+12		5.67E+11	4.58E+11	2.69E+11	31677891897	5.12E+11	2.32E+12	21418804320	51088476338	4.21E+12	2.62E+11	1.08E+11	15180842369	42335646896	288610747.7	1055651852	1.84E+12	1.65E+11	6.01E+12	15843155731	20078620357	4390000000	44027664915	2430166667	6.91E+12	1.46E+12	4.34E+11	8239379403	83716142582	7.68E+12	3.81E+13	2117962445	2.89E+13	79789877416	88788881539	42779550937	45626467280		1.46E+11	10003892565	16711906746	15869945478	6621008704	4.91E+12	1.80E+12	263761322	3.76E+13	15855131189	24813860599	22610561526	66757619000	2.09E+12	7644389160	20325121394		20921079533	10726838461	14072212290	13363669673	4.00E+11	2.95E+13	12408271449	9769167530	16698786978	4.87E+11	17805842284	1.14E+12	4.83E+11	41047772331	151435609.6	2.55E+11	6.46E+13	1.06E+11	1.97E+11	3.37E+11	83812155244	2.67E+11	4.37E+11	276733062.7	30816367067	8.12E+11	1.68E+12	1.18E+11		2.92E+11	43118053175	17847900000	11224282183	6.03E+13	6137447783	2.17E+11	3.48E+11	2.07E+12	14331722703	4.21E+12	1.22E+12	39898289821	30696331296	5.05E+11	1506124566	6415852767	33853940000	2027527228	10958000000	81343999280	1.98E+12		2.12E+12	2.87E+11	690456806.7	3472693412	1.34E+11	69255264238	5.79E+11	4621191262	1686525953	2187379755		1638653000	18340233749	2.16E+13	5.56E+12	9816236303	5.16E+11	12244169293	45894538666	6.59E+12	2079767170	2.08E+12	591139749.4	4.21E+12	2.12E+12	25036993423	48205328303	1.14E+12	62280311.59	79030935627	48768955863	1.81E+11	2.99E+13	77991666838	2.73E+13	1.03E+11	1072237037	1.02E+11			4.34E+11	1115861056	1.07E+14	1044909500	10468224575		3.81E+11	27577956471	35871779681
2024	4265650673	1.24E+12		7.36E+11	1.01E+11	27046429297	4039842405	3.74E+12	5.52E+11	6.38E+11	25955275380		2207622874	1.76E+12	5.35E+11	74315882353	3082433067	6.71E+11	21482643706	23124729853	4.50E+11	1.13E+11	47109734309	15832800000	29613572023	75961865472	3203631800	9233600000	54881327453	2.19E+12	7498050000	15340808592		19402063513	2751494281	2.24E+12	2.46E+12	9.37E+11		3.30E+11	1.87E+13	87113179149	53296694320	70962185791	15719986077	4.19E+11	1440991455	2725414151	95350423177	90344593407		3561178196		37634533332	3.47E+11	4.69E+12	4152145940	688881481.5	4.25E+11	1.24E+11	2.69E+11	2.23E+13	1.58E+13	3.20E+13	2.45E+12	2.93E+13	1.25E+11	3.89E+11	1.65E+13		1.73E+12	43130419829	1.50E+11	1.95E+13	1.65E+12	2.99E+11	5968125909	3.16E+12	4052937170	471425099.5	20895684426	3.69E+12	34189423545	82308110386		25008678293	2404888749	2218393805	12765777677	2.56E+11	1371918519		1.13E+11		24662709832	7.13E+13	4.07E+11	37093565854	1.15E+12	92983810329	25224154991	2.23E+11	4.09E+13	4.38E+13	2.89E+12	1.12E+12	1.40E+12	1.78E+12		3.91E+12		6.09E+11	4.75E+11	2.80E+11	33255181469	5.40E+11	2.38E+12	22014397090	53352289577	4.03E+12	2.91E+11	1.20E+11	17478259659	46352647037	307862564.5	1122388889	1.88E+12	1.60E+11	6.17E+12	16502933121		4779300900	48487151215	2549062963	7.11E+12	1.54E+12	4.69E+11		98963185510	7.94E+12	3.94E+13	2271759455	3.00E+13	84869215513	93279851863	43684254432	49467258923		1.61E+11	11125783372	18200340854	17420501490	7061608267	5.09E+12	1.86E+12	290108490	3.89E+13	16951682245	26794747240	24971574502	74068349524	2.20E+12	8270016671	23794540025		22745341305	10908045687	14937861786	11316411329	4.22E+11	3.10E+13	13372354512	8548919387	19876128486	2.52E+11	19693982968	1.21E+12	4.84E+11	42914268287	162588620.6	2.60E+11	6.75E+13	1.07E+11	2.08E+11	3.72E+11	86523959132	2.89E+11	4.62E+11		31800428266	9.18E+11	1.51E+12	1.26E+11		3.13E+11	44458118397	13711100000	12124739863	6.28E+13	6323716355	2.19E+11	3.83E+11	2.17E+12	14251642235	4.51E+12	1.24E+12	49672435513	32808056601	5.47E+11	1583964704	6971127235	35364960000		11967000000	90097765959	1.83E+12		1.98E+12	3.11E+11	822154621.1	4416775112	1.41E+11	72972015197	6.04E+11	4858885841	1797836666	2167239562		1745378000	19518819751	2.22E+13	6.13E+12	10651180147	5.27E+11	14204575549	51387209872	6.78E+12	1865608515	2.19E+12		4.51E+12	1.98E+12	25633544529	51332285657	1.36E+12		78844405385	53911907086	1.91E+11	3.10E+13	80961511074	2.88E+13	1.15E+11	1157207407	1.20E+11			4.76E+11	1117972034	1.11E+14	1175749786	11197246323		4.01E+11	25303185342	41539411516
