	Aruba	Africa Eastern and Southern	Afghanistan	Africa Western and Central	Angola	Albania	Andorra	Arab World	United Arab Emirates	Argentina	Armenia	American Samoa	Antigua and Barbuda	Australia	Austria	Azerbaijan	Burundi	Belgium	Benin	Burkina Faso	Bangladesh	Bulgaria	Bahrain	"Bahamas, The"	Bosnia and Herzegovina	Belarus	Belize	Bermuda	Bolivia	Brazil	Barbados	Brunei Darussalam	Bhutan	Botswana	Central African Republic	Canada	Central Europe and the Baltics	Switzerland	Channel Islands	Chile	China	Cote d'Ivoire	Cameroon	"Congo, Dem. Rep."	"Congo, Rep."	Colombia	Comoros	Cabo Verde	Costa Rica	Caribbean small states	Cuba	Curacao	Cayman Islands	Cyprus	Czechia	Germany	Djibouti	Dominica	Denmark	Dominican Republic	Algeria	East Asia & Pacific (excluding high income)	Early-demographic dividend	East Asia & Pacific	Europe & Central Asia (excluding high income)	Europe & Central Asia	Ecuador	"Egypt, Arab Rep."	Euro area	Eritrea	Spain	Estonia	Ethiopia	European Union	Fragile and conflict affected situations	Finland	Fiji	France	Faroe Islands	"Micronesia, Fed. Sts."	Gabon	United Kingdom	Georgia	Ghana	Gibraltar	Guinea	"Gambia, The"	Guinea-Bissau	Equatorial Guinea	Greece	Grenada	Greenland	Guatemala	Guam	Guyana	High income	"Hong Kong SAR, China"	Honduras	Heavily indebted poor countries (HIPC)	Croatia	Haiti	Hungary	IBRD only	IDA & IBRD total	IDA total	IDA blend	Indonesia	IDA only	Isle of Man	India	Not classified	Ireland	"Iran, Islamic Rep."	Iraq	Iceland	Israel	Italy	Jamaica	Jordan	Japan	Kazakhstan	Kenya	Kyrgyz Republic	Cambodia	Kiribati	St. Kitts and Nevis	"Korea, Rep."	Kuwait	Latin America & Caribbean (excluding high income)	Lao PDR	Lebanon	Liberia	Libya	St. Lucia	Latin America & Caribbean	Least developed countries: UN classification	Low income	Liechtenstein	Sri Lanka	Lower middle income	Low & middle income	Lesotho	Late-demographic dividend	Lithuania	Luxembourg	Latvia	"Macao SAR, China"	St. Martin (French part)	Morocco	Monaco	Moldova	Madagascar	Maldives	"Middle East, North Africa, Afghanistan & Pakistan"	Mexico	Marshall Islands	Middle income	North Macedonia	Mali	Malta	Myanmar	"Middle East, North Africa, Afghanistan & Pakistan (excluding high income)"	Montenegro	Mongolia	Northern Mariana Islands	Mozambique	Mauritania	Mauritius	Malawi	Malaysia	North America	Namibia	New Caledonia	Niger	Nigeria	Nicaragua	Netherlands	Norway	Nepal	Nauru	New Zealand	OECD members	Oman	Other small states	Pakistan	Panama	Peru	Philippines	Palau	Papua New Guinea	Poland	Pre-demographic dividend	Puerto Rico (US)	"Korea, Dem. People's Rep."	Portugal	Paraguay	West Bank and Gaza	Pacific island small states	Post-demographic dividend	French Polynesia	Qatar	Romania	Russian Federation	Rwanda	South Asia	Saudi Arabia	Sudan	Senegal	Singapore	Solomon Islands	Sierra Leone	El Salvador	San Marino	"Somalia, Fed. Rep."	Serbia	Sub-Saharan Africa (excluding high income)	South Sudan	Sub-Saharan Africa	Small states	Sao Tome and Principe	Suriname	Slovak Republic	Slovenia	Sweden	Eswatini	Sint Maarten (Dutch part)	Seychelles	Syrian Arab Republic	Turks and Caicos Islands	Chad	East Asia & Pacific (IDA & IBRD countries)	Europe & Central Asia (IDA & IBRD countries)	Togo	Thailand	Tajikistan	Turkmenistan	Latin America & the Caribbean (IDA & IBRD countries)	Timor-Leste	"Middle East, North Africa, Afghanistan & Pakistan (IDA & IBRD)"	Tonga	South Asia (IDA & IBRD)	Sub-Saharan Africa (IDA & IBRD countries)	Trinidad and Tobago	Tunisia	Turkiye	Tuvalu	Tanzania	Uganda	Ukraine	Upper middle income	Uruguay	United States	Uzbekistan	St. Vincent and the Grenadines	"Venezuela, RB"	British Virgin Islands	Virgin Islands (U.S.)	Viet Nam	Vanuatu	World	Samoa	Kosovo	"Yemen, Rep."	South Africa	Zambia	Zimbabwe
1960																																																																																																																																																																																																																																																																										
1961	180	11094611	652230	9046580	1246700	27400	470	11235451	71020	2736690		200	440	7682300	82520		25680		112760	273600	130170	110630	690	10010			22810	54	1083300	8358140	430	5270	46723	566730	622980	8965590	737300	39528	198	743532	9388250	318000	472710	2267050	341500	1109500	1861	4030	51060	398477.61	107400		240	9240		349130	23180	750	40000	48310	2381740	15922288.74	31114350.61	24396148.74	797030	5483173.727	276840	995450	2410306		499780			3594945.7	16129541	304590	18270	538950	1396		257670	241930		227540	10	245720	10120	28120	28050	128900	340	341700	107160	540	196710	35135119.73	1020	111890	16276851		27560	90040	49974220.74	70751672.35	20777451.61	4462487.61	1811570	16314964	570	2973190		68890	1628760	437370	100250	21640	294110	10830	88240	366700		569140		176520	810	350	96460	17820	17925467.61	230800	10230	96320	1759540	610	20075279.61	16609841	10995740	160	62710	17945694	68208700.35	30360	24766870.74				20		446340	2.027		581540	300	12649380	1943950		57212960.35		1220190	320	653540	10067090		1547438.742		786380	1030700	2030	94280	328550	18124604	823290	18280	1266700	910770	120340	33760	365244	143000	20	263310	35163999.7	309500	226754	770880	74340	1280000	298260		452860	306290	17690781	8870	120410	91500	397300	6020	62860	30270187.7	3660	11610	230340		24670	3356093	2149690		192530	670	27990	72180	20850	60	627340		20140731		20141191	688091.61	960	160507.61			407339.7	17200		460	183780	950	1260000	15801898.74	1444290	54390	510890			19947129.61	14870	10061070	720	3356093	20141191	5130	155360	769630	30	885800	199810		39267266.35	175020	9158960		390	882050	150	350	325490	12190	104225870.1	2830		527970	1213090	743390	386850
1962	180	11094611	652230	9046580	1246700	27400	470	11235451	71020	2736690		200	440	7682300	82520		25680		112760	273600	130170	110630	690	10010			22810	54	1083300	8358140	430	5270	46723	566730	622980	8965590	737280	39528	198	743532	9388250	318000	472710	2267050	341500	1109500	1861	4030	51060	398477.61	107400		240	9240		349130	23180	750	40000	48310	2381740	15922288.74	31114350.61	24396148.74	797030	5483153.727	276840	995450	2410306		499780			3594925.7	16129541	304590	18270	538950	1396		257670	241930		227540	10	245720	10120	28120	28050	128900	340	341700	107160	540	196710	35135099.73	1020	111890	16276851		27560	90020	49974220.74	70751672.35	20777451.61	4462487.61	1811570	16314964	570	2973190		68890	1628760	437370	100250	21640	294110	10830	88240	366700		569140		176520	810	350	96460	17820	17925467.61	230800	10230	96320	1759540	610	20075279.61	16609841	10995740	160	62710	17945694	68208700.35	30360	24766870.74				20		446340	2.027		581540	300	12649380	1943950		57212960.35		1220190	320	653540	10067090		1547438.742		786380	1030700	2030	94280	328550	18124604	823290	18280	1266700	910770	120340	33760	365244	143000	20	263310	35163979.7	309500	226754	770880	74340	1280000	298260		452860	306290	17690781	8870	120410	91500	397300	6020	62860	30270167.7	3660	11610	230340		24670	3356093	2149690		192530	670	27990	72180	20850	60	627340		20140731		20141191	688091.61	960	160507.61			407339.7	17200		460	183780	950	1260000	15801898.74	1444290	54390	510890			19947129.61	14870	10061070	720	3356093	20141191	5130	155360	769630	30	885800	199810		39267266.35	175020	9158960		390	882050	150	350	325490	12190	104225850.1	2830		527970	1213090	743390	386850
1963	180	11094611	652230	9046580	1246700	27400	470	11235451	71020	2736690		200	440	7682300	82520		25680		112760	273600	130170	110630	690	10010			22810	54	1083300	8358140	430	5270	46723	566730	622980	8965590	737290	39528	198	743532	9388250	318000	472710	2267050	341500	1109500	1861	4030	51060	398477.61	107400		240	9240		349130	23180	750	40000	48310	2381740	15922288.74	31114350.61	24396148.74	797030	5483163.727	276840	995450	2410306		499780			3594935.7	16129541	304590	18270	538950	1396		257670	241930		227540	10	245720	10120	28120	28050	128900	340	341700	107160	540	196710	35135109.73	1020	111890	16276851		27560	90030	49974220.74	70751672.35	20777451.61	4462487.61	1811570	16314964	570	2973190		68890	1628760	437370	100250	21640	294110	10830	88240	366700		569140		176520	810	350	96460	17820	17925467.61	230800	10230	96320	1759540	610	20075279.61	16609841	10995740	160	62710	17945694	68208700.35	30360	24766870.74				20		446340	2.027		581540	300	12649380	1943950		57212960.35		1220190	320	653540	10067090		1547438.742		786380	1030700	2030	94280	328550	18124604	823290	18280	1266700	910770	120340	33760	365244	143000	20	263310	35163989.7	309500	226754	770880	74340	1280000	298260		452860	306290	17690781	8870	120410	91500	397300	6020	62860	30270177.7	3660	11610	230340		24670	3356093	2149690		192530	670	27990	72180	20850	60	627340		20140731		20141191	688091.61	960	160507.61			407339.7	17200		460	183780	950	1260000	15801898.74	1444290	54390	510890			19947129.61	14870	10061070	720	3356093	20141191	5130	155360	769630	30	885800	199810		39267266.35	175020	9158960		390	882050	150	350	325490	12190	104225860.1	2830		527970	1213090	743390	386850
1964	180	11094611	652230	9046580	1246700	27400	470	11235451	71020	2736690		200	440	7682300	82520		25680		112760	273600	130170	110630	690	10010			22810	54	1083300	8358140	430	5270	46723	566730	622980	8965590	737290	39528	198	743532	9388250	318000	472710	2267050	341500	1109500	1861	4030	51060	398477.61	107400		240	9240		349130	23180	750	40000	48310	2381740	15922288.74	31114350.61	24396148.74	797030	5483163.727	276840	995450	2410306		499780			3594935.7	16129541	304590	18270	538950	1396		257670	241930		227540	10	245720	10120	28120	28050	128900	340	341700	107160	540	196710	35135109.73	1020	111890	16276851		27560	90030	49974220.74	70751672.35	20777451.61	4462487.61	1811570	16314964	570	2973190		68890	1628760	437370	100250	21640	294110	10830	88240	366700		569140		176520	810	350	96460	17820	17925467.61	230800	10230	96320	1759540	610	20075279.61	16609841	10995740	160	62710	17945694	68208700.35	30360	24766870.74				20		446340	2.027		581540	300	12649380	1943950		57212960.35		1220190	320	653540	10067090		1547438.742		786380	1030700	2030	94280	328550	18124604	823290	18280	1266700	910770	120340	33760	365244	143000	20	263310	35163989.7	309500	226754	770880	74340	1280000	298260		452860	306290	17690781	8870	120410	91500	397300	6020	62860	30270177.7	3660	11610	230340		24670	3356093	2149690		192530	670	27990	72180	20850	60	627340		20140731		20141191	688091.61	960	160507.61			407339.7	17200		460	183780	950	1260000	15801898.74	1444290	54390	510890			19947129.61	14870	10061070	720	3356093	20141191	5130	155360	769630	30	885800	199810		39267266.35	175020	9158960		390	882050	150	350	325490	12190	104225860.1	2830		527970	1213090	743390	386850
1965	180	11094611	652230	9046580	1246700	27400	470	11235451	71020	2736690		200	440	7682300	82520		25680		112760	273600	130170	110630	690	10010			22810	54	1083300	8358140	430	5270	46723	566730	622980	8965590	737280	39528	198	743532	9388250	318000	472710	2267050	341500	1109500	1861	4030	51060	398477.61	107400		240	9240		349130	23180	750	40000	48310	2381740	15922288.74	31114350.61	24396148.74	797030	5483153.727	276840	995450	2410306		499780			3594925.7	16129541	304590	18270	538950	1396		257670	241930		227540	10	245720	10120	28120	28050	128900	340	341700	107160	540	196710	35135099.73	1020	111890	16276851		27560	90020	49974220.74	70751672.35	20777451.61	4462487.61	1811570	16314964	570	2973190		68890	1628760	437370	100250	21640	294110	10830	88240	366700		569140		176520	810	350	96460	17820	17925467.61	230800	10230	96320	1759540	610	20075279.61	16609841	10995740	160	62710	17945694	68208700.35	30360	24766870.74				20		446340	2.027		581540	300	12649380	1943950		57212960.35		1220190	320	653540	10067090		1547438.742		786380	1030700	2030	94280	328550	18124604	823290	18280	1266700	910770	120340	33760	365244	143000	20	263310	35163979.7	309500	226754	770880	74340	1280000	298260		452860	306290	17690781	8870	120410	91500	397300	6020	62860	30270167.7	3660	11610	230340		24670	3356093	2149690		192530	670	27990	72180	20850	60	627340		20140731		20141191	688091.61	960	160507.61			407339.7	17200		460	183780	950	1260000	15801898.74	1444290	54390	510890			19947129.61	14870	10061070	720	3356093	20141191	5130	155360	769630	30	885800	199810		39267266.35	175020	9158960		390	882050	150	350	325490	12190	104225850.1	2830		527970	1213090	743390	386850
1966	180	11094611	652230	9046580	1246700	27400	470	11235451	71020	2736690		200	440	7682300	82520		25680		112760	273600	130170	110630	690	10010			22810	54	1083300	8358140	430	5270	46723	566730	622980	8965590	737270	39528	198	743532	9388250	318000	472710	2267050	341500	1109500	1861	4030	51060	398477.61	107400		240	9240		349130	23180	750	40000	48310	2381740	15922288.74	31114350.61	24396148.74	797030	5483143.727	276840	995450	2410306		499780			3594915.7	16129541	304590	18270	538950	1396		257670	241930		227540	10	245720	10120	28120	28050	128900	340	341700	107160	540	196710	35135089.73	1020	111890	16276851		27560	90010	49974220.74	70751672.35	20777451.61	4462487.61	1811570	16314964	570	2973190		68890	1628760	437370	100250	21640	294110	10830	88240	366700		569140		176520	810	350	96460	17820	17925467.61	230800	10230	96320	1759540	610	20075279.61	16609841	10995740	160	62710	17945694	68208700.35	30360	24766870.74				20		446340	2.027		581540	300	12649380	1943950		57212960.35		1220190	320	653540	10067090		1547438.742		786380	1030700	2030	94280	328550	18124604	823290	18280	1266700	910770	120340	33760	365244	143000	20	263310	35163969.7	309500	226754	770880	74340	1280000	298260		452860	306290	17690781	8870	120410	91500	397300	6020	62860	30270157.7	3660	11610	230340		24670	3356093	2149690		192530	670	27990	72180	20850	60	627340		20140731		20141191	688091.61	960	160507.61			407339.7	17200		460	183780	950	1260000	15801898.74	1444290	54390	510890			19947129.61	14870	10061070	720	3356093	20141191	5130	155360	769630	30	885800	199810		39267266.35	175020	9158960		390	882050	150	350	325490	12190	104225840.1	2830		527970	1213090	743390	386850
1967	180	11094611	652230	9046580	1246700	27400	470	11235451	71020	2736690		200	440	7682300	82520		25680		112760	273600	130170	110630	690	10010			22810	54	1083300	8358140	430	5270	46723	566730	622980	8965590	737260	39528	198	743532	9388250	318000	472710	2267050	341500	1109500	1861	4030	51060	398477.61	107400		240	9240		349130	23180	750	40000	48310	2381740	15922288.74	31114350.61	24396148.74	797030	5483133.727	276840	995450	2410306		499780			3594905.7	16129541	304590	18270	538950	1396		257670	241930		227540	10	245720	10120	28120	28050	128900	340	341700	107160	540	196710	35135079.73	1020	111890	16276851		27560	90000	49974220.74	70751672.35	20777451.61	4462487.61	1811570	16314964	570	2973190		68890	1628760	437370	100250	21640	294110	10830	88240	366700		569140		176520	810	350	96460	17820	17925467.61	230800	10230	96320	1759540	610	20075279.61	16609841	10995740	160	62710	17945694	68208700.35	30360	24766870.74				20		446340	2.027		581540	300	12649380	1943950		57212960.35		1220190	320	653540	10067090		1547438.742		786380	1030700	2030	94280	328550	18124604	823290	18280	1266700	910770	120340	33760	365244	143000	20	263310	35163959.7	309500	226754	770880	74340	1280000	298260		452860	306290	17690781	8870	120410	91500	397300	6020	62860	30270147.7	3660	11610	230340		24670	3356093	2149690		192530	670	27990	72180	20850	60	627340		20140731		20141191	688091.61	960	160507.61			407339.7	17200		460	183780	950	1260000	15801898.74	1444290	54390	510890			19947129.61	14870	10061070	720	3356093	20141191	5130	155360	769630	30	885800	199810		39267266.35	175020	9158960		390	882050	150	350	325490	12190	104225830.1	2830		527970	1213090	743390	386850
1968	180	11094611	652230	9046580	1246700	27400	470	11235451	71020	2736690		200	440	7682300	82520		25680		112760	273600	130170	110630	690	10010			22810	54	1083300	8358140	430	5270	46723	566730	622980	8965590	737250	39528	198	743532	9388250	318000	472710	2267050	341500	1109500	1861	4030	51060	398477.61	107400		240	9240		349130	23180	750	40000	48310	2381740	15922288.74	31114350.61	24396148.74	797030	5483123.727	276840	995450	2410306		499780			3594895.7	16129541	304590	18270	538950	1396		257670	241930		227540	10	245720	10120	28120	28050	128900	340	341700	107160	540	196710	35135069.73	1020	111890	16276851		27560	89990	49974220.74	70751672.35	20777451.61	4462487.61	1811570	16314964	570	2973190		68890	1628760	437370	100250	21640	294110	10830	88240	366700		569140		176520	810	350	96460	17820	17925467.61	230800	10230	96320	1759540	610	20075279.61	16609841	10995740	160	62710	17945694	68208700.35	30360	24766870.74				20		446340	2.027		581540	300	12649380	1943950		57212960.35		1220190	320	653540	10067090		1547438.742		786380	1030700	2030	94280	328550	18124604	823290	18280	1266700	910770	120340	33760	365244	143000	20	263310	35163949.7	309500	226754	770880	74340	1280000	298260		452860	306290	17690781	8870	120410	91500	397300	6020	62860	30270137.7	3660	11610	230340		24670	3356093	2149690		192530	670	27990	72180	20850	60	627340		20140731		20141191	688091.61	960	160507.61			407339.7	17200		460	183780	950	1260000	15801898.74	1444290	54390	510890			19947129.61	14870	10061070	720	3356093	20141191	5130	155360	769630	30	885800	199810		39267266.35	175020	9158960		390	882050	150	350	325490	12190	104225820.1	2830		527970	1213090	743390	386850
1969	180	11094611	652230	9046580	1246700	27400	470	11235451	71020	2736690		200	440	7682300	82520		25680		112760	273600	130170	110630	690	10010			22810	54	1083300	8358140	430	5270	46723	566730	622980	8965590	737250	39528	198	743532	9388250	318000	472710	2267050	341500	1109500	1861	4030	51060	398477.61	107400		240	9240		349130	23180	750	40000	48310	2381740	15922288.74	31114350.61	24396148.74	797030	5483123.727	276840	995450	2410306		499780			3594895.7	16129541	304590	18270	538950	1396		257670	241930		227540	10	245720	10120	28120	28050	128900	340	341700	107160	540	196710	35135069.73	1020	111890	16276851		27560	89990	49974220.74	70751672.35	20777451.61	4462487.61	1811570	16314964	570	2973190		68890	1628760	437370	100250	21640	294110	10830	88240	366700		569140		176520	810	350	96460	17820	17925467.61	230800	10230	96320	1759540	610	20075279.61	16609841	10995740	160	62710	17945694	68208700.35	30360	24766870.74				20		446340	2.027		581540	300	12649380	1943950		57212960.35		1220190	320	653540	10067090		1547438.742		786380	1030700	2030	94280	328550	18124604	823290	18280	1266700	910770	120340	33760	365244	143000	20	263310	35163949.7	309500	226754	770880	74340	1280000	298260		452860	306290	17690781	8870	120410	91500	397300	6020	62860	30270137.7	3660	11610	230340		24670	3356093	2149690		192530	670	27990	72180	20850	60	627340		20140731		20141191	688091.61	960	160507.61			407339.7	17200		460	183780	950	1260000	15801898.74	1444290	54390	510890			19947129.61	14870	10061070	720	3356093	20141191	5130	155360	769630	30	885800	199810		39267266.35	175020	9158960		390	882050	150	350	325490	12190	104225820.1	2830		527970	1213090	743390	386850
1970	180	11094611	652230	9046580	1246700	27400	470	11235451	71020	2736690		200	440	7682300	82520		25680		112760	273600	130170	110630	690	10010			22810	54	1083300	8358140	430	5270	46723	566730	622980	8965590	737240	39528	198	743532	9388250	318000	472710	2267050	341500	1109500	1861	4030	51060	398477.61	107400		240	9240		349130	23180	750	40000	48310	2381740	15922288.74	31114350.61	24396148.74	797030	5483113.727	276840	995450	2410306		499780			3594885.7	16129541	304590	18270	538950	1396		257670	241930		227540	10	245720	10120	28120	28050	128900	340	341700	107160	540	196710	35135059.73	1020	111890	16276851		27560	89980	49974220.74	70751672.35	20777451.61	4462487.61	1811570	16314964	570	2973190		68890	1628760	437370	100250	21640	294110	10830	88240	366700		569140		176520	810	350	96460	17820	17925467.61	230800	10230	96320	1759540	610	20075279.61	16609841	10995740	160	62710	17945694	68208700.35	30360	24766870.74				20		446340	2.027		581540	300	12649380	1943950		57212960.35		1220190	320	653540	10067090		1547438.742		786380	1030700	2030	94280	328550	18124604	823290	18280	1266700	910770	120340	33760	365244	143000	20	263310	35163939.7	309500	226754	770880	74340	1280000	298260		452860	306290	17690781	8870	120410	91500	397300	6020	62860	30270127.7	3660	11610	230340		24670	3356093	2149690		192530	670	27990	72180	20850	60	627340		20140731		20141191	688091.61	960	160507.61			407339.7	17200		460	183780	950	1260000	15801898.74	1444290	54390	510890			19947129.61	14870	10061070	720	3356093	20141191	5130	155360	769630	30	885800	199810		39267266.35	175020	9158960		390	882050	150	350	325490	12190	104225810.1	2830		527970	1213090	743390	386850
1971	180	11094611	652230	9046580	1246700	27400	470	11235451	71020	2736690		200	440	7682300	82520		25680		112760	273600	130170	110630	690	10010			22810	54	1083300	8358140	430	5270	46723	566730	622980	8965590	737230	39528	198	743532	9388250	318000	472710	2267050	341500	1109500	1861	4030	51060	398477.61	107400		240	9240		349130	23180	750	40000	48310	2381740	15922288.74	31114350.61	24396148.74	797030	5483103.727	276840	995450	2410306		499780			3594875.7	16129541	304590	18270	538950	1396		257670	241930		227540	10	245720	10120	28120	28050	128900	340	341700	107160	540	196710	35135049.73	1020	111890	16276851		27560	89970	49974220.74	70751672.35	20777451.61	4462487.61	1811570	16314964	570	2973190		68890	1628760	437370	100250	21640	294110	10830	88240	366700		569140		176520	810	350	96460	17820	17925467.61	230800	10230	96320	1759540	610	20075279.61	16609841	10995740	160	62710	17945694	68208700.35	30360	24766870.74				20		446340	2.027		581540	300	12649380	1943950		57212960.35		1220190	320	653540	10067090		1547438.742		786380	1030700	2030	94280	328550	18124604	823290	18280	1266700	910770	120340	33760	365244	143000	20	263310	35163929.7	309500	226754	770880	74340	1280000	298260		452860	306290	17690781	8870	120410	91500	397300	6020	62860	30270117.7	3660	11610	230340		24670	3356093	2149690		192530	670	27990	72180	20850	60	627340		20140731		20141191	688091.61	960	160507.61			407339.7	17200		460	183780	950	1260000	15801898.74	1444290	54390	510890			19947129.61	14870	10061070	720	3356093	20141191	5130	155360	769630	30	885800	199810		39267266.35	175020	9158960		390	882050	150	350	325490	12190	104225800.1	2830		527970	1213090	743390	386850
1972	180	11094611	652230	9046580	1246700	27400	470	11235451	71020	2736690		200	440	7682300	82520		25680		112760	273600	130170	110630	690	10010			22810	54	1083300	8358140	430	5270	46723	566730	622980	8965590	737230	39528	198	743532	9388250	318000	472710	2267050	341500	1109500	1861	4030	51060	398477.61	107400		240	9240		349130	23180	750	40000	48310	2381740	15922288.74	31114350.61	24396048.74	797030	5483103.727	276840	995450	2410306		499780			3594875.7	16129541	304590	18270	538950	1396		257670	241930		227540	10	245720	10120	28120	28050	128900	340	341700	107160	540	196710	35134949.73	1020	111890	16276851		27560	89970	49974220.74	70751672.35	20777451.61	4462487.61	1811570	16314964	570	2973190		68890	1628760	437370	100250	21640	294110	10830	88240	366600		569140		176520	810	350	96460	17820	17925467.61	230800	10230	96320	1759540	610	20075279.61	16609841	10995740	160	62710	17945694	68208700.35	30360	24766870.74				20		446340	2.027		581540	300	12649380	1943950		57212960.35		1220190	320	653540	10067090		1547438.742		786380	1030700	2030	94280	328550	18124604	823290	18280	1266700	910770	120340	33760	365244	143000	20	263310	35163829.7	309500	226754	770880	74340	1280000	298260		452860	306290	17690781	8870	120410	91500	397300	6020	62860	30270017.7	3660	11610	230340		24670	3356093	2149690		192530	670	27990	72180	20850	60	627340		20140731		20141191	688091.61	960	160507.61			407339.7	17200		460	183780	950	1260000	15801898.74	1444290	54390	510890			19947129.61	14870	10061070	720	3356093	20141191	5130	155360	769630	30	885800	199810		39267266.35	175020	9158960		390	882050	150	350	325490	12190	104225700.1	2830		527970	1213090	743390	386850
1973	180	11094611	652230	9046580	1246700	27400	470	11235411	71020	2736690		200	440	7682300	82520		25680		112760	273600	130170	110630	690	10010			22810	54	1083300	8358140	430	5270	46723	566730	622980	8965590	737230	39528	198	743532	9388250	318000	472710	2267050	341500	1109500	1861	4030	51060	398477.61	107400		240	9240		349130	23180	750	40000	48310	2381740	15922258.74	31114320.61	24396018.74	797030	5483103.727	276840	995450	2410306		499780			3594875.7	16129541	304590	18270	538950	1396		257670	241930		227540	10	245720	10120	28120	28050	128900	340	341700	107160	540	196710	35134949.73	1020	111890	16276851		27560	89970	49974150.74	70751602.35	20777451.61	4462487.61	1811570	16314964	570	2973190		68890	1628760	437370	100250	21640	294110	10830	88240	366600		569140		176520	810	350	96460	17820	17925467.61	230800	10230	96320	1759540	610	20075279.61	16609841	10995740	160	62710	17945624	68208630.35	30360	24766830.74				20		446300	2.027		581540	300	12649340	1943950		57212890.35		1220190	320	653540	10067050		1547438.742		786380	1030700	2030	94280	328550	18124604	823290	18280	1266700	910770	120340	33760	365244	143000	20	263310	35163829.7	309500	226754	770880	74340	1280000	298230		452860	306290	17690781	8870	120410	91500	397300	6020	62860	30270017.7	3660	11610	230340		24670	3356093	2149690		192530	670	27990	72180	20850	60	627340		20140731		20141191	688091.61	960	160507.61			407339.7	17200		460	183780	950	1260000	15801868.74	1444290	54390	510890			19947129.61	14870	10061030	720	3356093	20141191	5130	155360	769630	30	885800	199810		39267266.35	175020	9158960		390	882050	150	350	325490	12190	104225630.1	2830		527970	1213090	743390	386850
1974	180	11094611	652230	9046180	1246700	27400	470	11235411	71020	2736690		200	440	7682300	82520		25680		112760	273600	130170	110630	690	10010			22810	54	1083300	8358140	430	5270	46723	566730	622980	8965590	737230	39528	198	743532	9388250	318000	472710	2267050	341500	1109500	1861	4030	51060	398477.61	107400		240	9240		349130	23180	750	40000	48310	2381740	15922218.74	31114280.61	24395978.74	797030	5483073.727	276840	995450	2410276		499750			3594845.7	16129141	304590	18270	538950	1396		257670	241930		227540	10	245720	10120	28120	28050	128900	340	341700	107160	540	196710	35134919.73	1020	111890	16276451		27560	89970	49974110.74	70751162.35	20777051.61	4462487.61	1811570	16314564	570	2973190		68890	1628760	437370	100250	21640	294110	10830	88240	366600		569140		176520	810	350	96460	17820	17925467.61	230800	10230	96320	1759540	610	20075279.61	16609441	10995340	160	62710	17945584	68208190.35	30360	24766830.74				20		446300	2.027		581540	300	12649340	1943950		57212850.35		1220190	320	653540	10067050		1547438.742		786380	1030700	2030	94280	328550	18124604	823290	18280	1266700	910770	120340	33760	365244	143000	20	263310	35163799.7	309500	226754	770880	74340	1280000	298190		452860	306290	17690381	8870	120410	91500	397300	6020	62860	30269987.7	3660	11610	230340		24670	3356093	2149690		192530	670	27990	72180	20850	60	627340		20140331		20140791	688091.61	960	160507.61			407339.7	17200		460	183780	950	1259600	15801828.74	1444290	54390	510890			19947129.61	14870	10061030	720	3356093	20140791	5130	155360	769630	30	885800	199810		39267266.35	175020	9158960		390	882050	150	350	325490	12190	104225160.1	2830		527970	1213090	743390	386850
1975	180	11094611	652230	9045780	1246700	27400	470	11235411	71020	2736690		200	440	7682300	82520		25680		112760	273600	130170	110630	690	10010			22810	54	1083300	8358140	430	5270	46723	566730	622980	8965590	737230	39528	198	743532	9388250	318000	472710	2267050	341500	1109500	1861	4030	51060	398617.61	107400		240	9240		349130	23180	750	40000	48310	2381740	15922198.74	31114260.61	24395848.74	797030	5482953.727	276840	995450	2410156		499630			3594725.7	16128741	304590	18270	538950	1396		257670	241930		227540	10	245720	10120	28120	28050	128900	340	341700	107160	540	196850	35134829.73	1010	111890	16276191		27560	89970	49974090.74	70750882.35	20776791.61	4462487.61	1811570	16314304	570	2973190		68890	1628760	437370	100250	21640	294110	10830	88240	366500		569140		176520	810	350	96460	17820	17925467.61	230800	10230	96320	1759540	610	20075419.61	16609041	10994940	160	62710	17945564	68207770.35	30360	24766970.74				20		446300	2.027		581540	300	12649340	1943950		57212830.35		1220190	320	653540	10067050		1547438.742		786380	1030700	2030	94280	328550	18124604	823290	18280	1266700	910770	120340	33760	365244	143000	20	263310	35163579.7	309500	226754	770880	74340	1280000	298170		452860	306290	17689981	8870	120410	91500	397300	6020	62860	30269757.7	3660	11610	230340		24670	3356093	2149690		192530	670	27990	72180	20850	60	627340		20139931		20140391	688231.61	960	160507.61			407339.7	17200		460	183780	950	1259200	15801808.74	1444290	54390	510890			19947269.61	14870	10061030	720	3356093	20140391	5130	155360	769630	30	885800	199810		39267266.35	175020	9158960		390	882050	150	350	325490	12190	104224650.1	2830		527970	1213090	743390	386850
1976	180	11094611	652230	9045780	1246700	27400	470	11235411	71020	2736690		200	440	7682300	82520		25680		112760	273600	130170	110630	690	10010			22810	54	1083300	8358140	430	5270	46723	566730	622980	8965590	737210	39528	198	743532	9388250	318000	472710	2267050	341500	1109500	1861	4030	51060	398617.61	107400		240	9240		349130	23180	750	40000	48310	2381740	15922198.74	31114130.61	24395848.74	797030	5482873.727	276840	995450	2410096		499570			3594645.7	16128741	304590	18270	538950	1396		257670	241930		227540	10	245720	10120	28120	28050	128900	340	341700	107160	540	196850	35134749.73	1010	111890	16276191		27560	89950	49973960.74	70750752.35	20776791.61	4462487.61	1811570	16314304	570	2973190		68890	1628760	437370	100250	21640	294110	10830	88240	366500		569140		176520	810	350	96460	17820	17925337.61	230800	10230	96320	1759540	610	20075289.61	16609041	10994940	160	62710	17945564	68207640.35	30360	24766970.74				20		446300	2.027		581540	300	12649340	1943950		57212700.35		1220190	320	653540	10067050		1547438.742		786380	1030700	2030	94280	328550	18124604	823290	18280	1266700	910770	120340	33760	365244	143000	20	263310	35163499.7	309500	226754	770880	74340	1280000	298170		452860	306290	17689981	8870	120410	91500	397300	6020	62860	30269677.7	3660	11610	230340		24670	3356093	2149690		192530	670	27990	72180	20720	60	627340		20139931		20140391	688231.61	960	160507.61			407339.7	17200		460	183780	950	1259200	15801808.74	1444290	54390	510890			19947139.61	14870	10061030	720	3356093	20140391	5130	155360	769630	30	885800	199810		39267136.35	175020	9158960		390	882050	150	350	325490	12190	104224440.1	2830		527970	1213090	743390	386850
1977	180	11094611	652230	9045780	1246700	27400	470	11235411	71020	2736690		200	440	7682300	82520		25680		112760	273600	130170	110630	690	10010			22810	54	1083300	8358140	430	5270	46723	566730	622980	8965590	737220	39528	198	743532	9388250	318000	472710	2267050	341500	1109500	1861	4030	51060	398617.61	107400		240	9240		349130	23180	750	40000	48310	2381740	15922198.74	31114130.61	24395738.74	797030	5482853.727	276840	995450	2410066		499540			3594625.7	16128741	304590	18270	538950	1396		257670	241930		227540	10	245720	10120	28120	28050	128900	340	341700	107160	540	196850	35134619.73	1000	111890	16276191		27560	89960	49973960.74	70750752.35	20776791.61	4462487.61	1811570	16314304	570	2973190		68890	1628760	437370	100250	21640	294110	10830	88240	366400		569140		176520	810	350	96460	17820	17925337.61	230800	10230	96320	1759540	610	20075289.61	16609041	10994940	160	62710	17945564	68207640.35	30360	24766970.74				20		446300	2.027		581540	300	12649340	1943950		57212700.35		1220190	320	653540	10067050		1547438.742		786380	1030700	2030	94280	328550	18124604	823290	18280	1266700	910770	120340	33760	365244	143000	20	263310	35163379.7	309500	226754	770880	74340	1280000	298170		452860	306290	17689981	8870	120410	91500	397300	6020	62860	30269547.7	3660	11610	230340		24670	3356093	2149690		192530	670	27990	72180	20720	60	627340		20139931		20140391	688231.61	960	160507.61			407339.7	17200		460	183780	950	1259200	15801808.74	1444290	54390	510890			19947139.61	14870	10061030	720	3356093	20140391	5130	155360	769630	30	885800	199810		39267136.35	175020	9158960		390	882050	150	350	325490	12190	104224310.1	2830		527970	1213090	743390	386850
1978	180	11094611	652230	9045780	1246700	27400	470	11235411	71020	2736690		200	440	7682300	82520		25680		112760	273600	130170	110630	690	10010			22810	54	1083300	8358140	430	5270	46723	566730	622980	8965590	737230	39528	198	743532	9388250	318000	472710	2267050	341500	1109500	1861	4030	51060	398617.61	107400		240	9240		349130	23180	750	40000	48310	2381740	15922198.74	31114130.61	24395738.74	797030	5482853.727	276840	995450	2410056		499530			3594625.7	16128741	304590	18270	538950	1396		257670	241930		227540	10	245720	10120	28120	28050	128900	340	341700	107160	540	196850	35134619.73	1000	111890	16276191		27560	89970	49973960.74	70750752.35	20776791.61	4462487.61	1811570	16314304	570	2973190		68890	1628760	437370	100250	21640	294110	10830	88240	366400		569140		176520	810	350	96460	17820	17925337.61	230800	10230	96320	1759540	610	20075289.61	16609041	10994940	160	62710	17945564	68207640.35	30360	24766970.74				20		446300	2.027		581540	300	12649340	1943950		57212700.35		1220190	320	653540	10067050		1547438.742		786380	1030700	2030	94280	328550	18124604	823290	18280	1266700	910770	120340	33760	365244	143000	20	263310	35163379.7	309500	226754	770880	74340	1280000	298170		452860	306290	17689981	8870	120410	91500	397300	6020	62860	30269547.7	3660	11610	230340		24670	3356093	2149690		192530	670	27990	72180	20720	60	627340		20139931		20140391	688231.61	960	160507.61			407339.7	17200		460	183780	950	1259200	15801808.74	1444290	54390	510890			19947139.61	14870	10061030	720	3356093	20140391	5130	155360	769630	30	885800	199810		39267136.35	175020	9158960		390	882050	150	350	325490	12190	104224310.1	2830		527970	1213090	743390	386850
1979	180	11094611	652230	9045780	1246700	27400	470	11235411	71020	2736690		200	440	7682300	82520		25680		112760	273600	130170	110630	690	10010			22810	54	1083300	8358140	430	5270	46723	566730	622980	8965590	737180	39528.71	198	743532	9388250	318000	472710	2267050	341500	1109500	1861	4030	51060	398617.61	107400		240	9240		349130	23180	750	40000	48310	2381740	15922198.74	31114130.61	24395738.74	797030	5482814.437	276840	995450	2410066		499540			3594585.7	16128741	304590	18270	538950	1396		257670	241930		227540	10	245720	10120	28120	28050	128900	340	341700	107160	540	196850	35134580.44	1000	111890	16276191		27560	89920	49973960.74	70750752.35	20776791.61	4462487.61	1811570	16314304	570	2973190		68890	1628760	437370	100250	21640	294110	10830	88240	366400		569140		176520	810	350	96460	17820	17925337.61	230800	10230	96320	1759540	610	20075289.61	16609041	10994940	160	62710	17945564	68207640.35	30360	24766970.74				20		446300	2.027		581540	300	12649340	1943950		57212700.35		1220190	320	653540	10067050		1547438.742		786380	1030700	2030	94280	328550	18124604	823290	18280	1266700	910770	120340	33760	365244	143000	20	263310	35163340.41	309500	226754	770880	74340	1280000	298170		452860	306290	17689981	8870	120410	91500	397300	6020	62860	30269508.41	3660	11610	230340		24670	3356093	2149690		192530	670	27990	72180	20720	60	627340		20139931		20140391	688231.61	960	160507.61			407339.7	17200		460	183780	950	1259200	15801808.74	1444290	54390	510890			19947139.61	14870	10061030	720	3356093	20140391	5130	155360	769630	30	885800	199810		39267136.35	175020	9158960		390	882050	150	350	325490	12190	104224270.8	2830		527970	1213090	743390	386850
1980	180	11094611	652230	9045780	1246700	27400	470	11235411	71020	2736690		200	440	7682300	82520		25680		112760	273600	130170	110630	690	10010			22810	54	1083300	8358140	430	5270	46723	566730	622980	8965590	737170	39528.71	198	743532	9388250	318000	472710	2267050	341500	1109500	1861	4030	51060	398527.61	107400		240	9240		349130	23180	750	40000	48310	2381740	15922198.74	31114130.61	24395638.74	797030	5482734.437	276840	995450	2409996		499470			3594505.7	16128741	304590	18270	538950	1396		257670	241930		227540	10	245720	10120	28120	28050	128900	340	341700	107160	540	196850	35134310.44	1000	111890	16276191		27560	89910	49973870.74	70750662.35	20776791.61	4462487.61	1811570	16314304	570	2973190		68890	1628760	437370	100250	21640	294110	10830	88240	366300		569140		176520	810	260	96460	17820	17925337.61	230800	10230	96320	1759540	610	20075199.61	16609041	10994940	160	62710	17945564	68207640.35	30360	24766970.74				20		446300	2.027		581540	300	12649340	1943950		57212700.35		1220190	320	653540	10067050		1547438.742		786380	1030700	2030	94280	328550	18124604	823290	18280	1266700	910770	120340	33760	365244	143000	20	263310	35163160.41	309500	226754	770880	74340	1280000	298170		452860	306290	17689981	8870	120410	91500	397300	6020	62860	30269328.41	3660	11610	230340		24670	3356093	2149690		192530	670	27990	72180	20720	60	627340		20139931		20140391	688141.61	960	160507.61			407339.7	17200		460	183780	950	1259200	15801808.74	1444290	54390	510890			19947049.61	14870	10061030	720	3356093	20140391	5130	155360	769630	30	885800	199810		39267136.35	175020	9158960		390	882050	150	350	325490	12190	104224000.8	2830		527970	1213090	743390	386850
1981	180	11094611	652230	9045780	1246700	27400	470	11235411	71020	2736690		200	440	7682300	82520		25680		112760	273600	130170	110630	690	10010			22810	54	1083300	8358140	430	5270	46723	566730	622980	8965590	737160	39528.71	198	743532	9388250	318000	472710	2267050	341500	1109500	1861	4030	51060	398527.61	107400		240	9240		349130	23180	750	40000	48310	2381740	15922198.74	31114130.61	24395738.74	797030	5482714.437	276840	995450	2409986		499460			3594485.7	16128741	304590	18270	538950	1396		257670	241930		227540	10	245720	10120	28120	28050	128900	340	341700	107160	540	196850	35134390.44	1000	111890	16276191		27560	89900	49973870.74	70750662.35	20776791.61	4462487.61	1811570	16314304	570	2973190		68890	1628760	437370	100250	21640	294110	10830	88240	366400		569140		176520	810	260	96460	17820	17925337.61	230800	10230	96320	1759540	610	20075199.61	16609041	10994940	160	62710	17945564	68207640.35	30360	24766970.74				20		446300	2.027		581540	300	12649340	1943950		57212700.35		1220190	320	653540	10067050		1547438.742		786380	1030700	2030	94280	328550	18124604	823290	18280	1266700	910770	120340	33760	365244	143000	20	263310	35163240.41	309500	226754	770880	74340	1280000	298170		452860	306290	17689981	8870	120410	91500	397300	6020	62860	30269408.41	3660	11610	230340		24670	3356093	2149690		192530	670	27990	72180	20720	60	627340		20139931		20140391	688141.61	960	160507.61			407339.7	17200		460	183780	950	1259200	15801808.74	1444290	54390	510890			19947049.61	14870	10061030	720	3356093	20140391	5130	155360	769630	30	885800	199810		39267136.35	175020	9158960		390	882050	150	350	325490	12190	104224080.8	2830		527970	1213090	743390	386850
1982	180	11094611	652230	9045780	1246700	27400	470	11235411	71020	2736690		200	440	7682300	82520		25680		112760	273600	130170	110630	690	10010			22810	54	1083300	8358140	430	5270	46723	566730	622980	8965590	737150	39528.71	198	743532	9388250	318000	472710	2267050	341500	1109500	1861	4030	51060	398527.61	107400		240	9240		349130	23180	750	40000	48310	2381740	15922198.74	31114130.61	24395528.74	797030	5482704.437	276840	995450	2409986		499460			3594475.7	16128741	304590	18270	538950	1396		257670	241930		227540	10	245720	10120	28120	28050	128900	340	341700	107160	540	196850	35134170.44	990	111890	16276191		27560	89890	49973870.74	70750662.35	20776791.61	4462487.61	1811570	16314304	570	2973190		68890	1628760	437370	100250	21640	294110	10830	88240	366200		569140		176520	810	260	96460	17820	17925337.61	230800	10230	96320	1759540	610	20075199.61	16609041	10994940	160	62710	17945564	68207640.35	30360	24766970.74				20		446300	2.027		581540	300	12649340	1943950		57212700.35		1220190	320	653540	10067050		1547438.742		786380	1030700	2030	94280	328550	18124604	823290	18280	1266700	910770	120340	33760	365244	143000	20	263310	35163030.41	309500	226754	770880	74340	1280000	298170		452860	306290	17689981	8870	120410	91500	397300	6020	62860	30269188.41	3660	11610	230340		24670	3356093	2149690		192530	670	27990	72180	20720	60	627340		20139931		20140391	688141.61	960	160507.61			407339.7	17200		460	183780	950	1259200	15801808.74	1444290	54390	510890			19947049.61	14870	10061030	720	3356093	20140391	5130	155360	769630	30	885800	199810		39267136.35	175020	9158960		390	882050	150	350	325490	12190	104223860.8	2830		527970	1213090	743390	386850
1983	180	11094611	652230	9045780	1246700	27400	470	11235411	71020	2736690		200	440	7682300	82520		25680		112760	273600	130170	110630	690	10010			22810	54	1083300	8358140	430	5270	46723	566730	622980	8965590	737140	39528.71	198	743532	9388250	318000	472710	2267050	341500	1109500	1861	4030	51060	398527.61	107400		240	9240		349130	23180	750	40000	48310	2381740	15922198.74	31114130.61	24395528.74	797030	5482664.437	276840	995450	2409956		499430			3594435.7	16128741	304590	18270	538950	1396		257670	241930		227540	10	245720	10120	28120	28050	128900	340	341700	107160	540	196850	35134130.44	990	111890	16276191		27560	89880	49973870.74	70750662.35	20776791.61	4462487.61	1811570	16314304	570	2973190		68890	1628760	437370	100250	21640	294110	10830	88240	366200		569140		176520	810	260	96460	17820	17925337.61	230800	10230	96320	1759540	610	20075199.61	16609041	10994940	160	62710	17945564	68207640.35	30360	24766970.74				20		446300	2.027		581540	300	12649340	1943950		57212700.35		1220190	320	653540	10067050		1547438.742		786380	1030700	2030	94280	328550	18124604	823290	18280	1266700	910770	120340	33760	365244	143000	20	263310	35162990.41	309500	226754	770880	74340	1280000	298170		452860	306290	17689981	8870	120410	91500	397300	6020	62860	30269148.41	3660	11610	230340		24670	3356093	2149690		192530	670	27990	72180	20720	60	627340		20139931		20140391	688141.61	960	160507.61			407339.7	17200		460	183780	950	1259200	15801808.74	1444290	54390	510890			19947049.61	14870	10061030	720	3356093	20140391	5130	155360	769630	30	885800	199810		39267136.35	175020	9158960		390	882050	150	350	325490	12190	104223820.8	2830		527970	1213090	743390	386850
1984	180	11094611	652230	9045780	1246700	27400	470	11235411	71020	2736690		200	440	7682300	82520		25680		112760	273600	130170	110630	690	10010			22810	54	1083300	8358140	430	5270	46723	566730	622980	8965590	737140	39528.79	198	743532	9388250	318000	472710	2267050	341500	1109500	1861	4030	51060	398527.61	107400		240	9240		349130	23180	750	40000	48310	2381740	15922198.74	31114130.61	24394028.74	797030	5482674.517	276840	995450	2409966		499440			3594445.7	16128741	304590	18270	538950	1396		257670	241930		227540	10	245720	10120	28120	28050	128900	340	341700	107160	540	196850	35132640.52	990	111890	16276191		27560	89880	49973870.74	70750662.35	20776791.61	4462487.61	1811570	16314304	570	2973190		68890	1628760	437370	100250	21640	294110	10830	88240	364700		569140		176520	810	260	96460	17820	17925337.61	230800	10230	96320	1759540	610	20075199.61	16609041	10994940	160	62710	17945564	68207640.35	30360	24766970.74				20		446300	2.027		581540	300	12649340	1943950		57212700.35		1220190	320	653540	10067050		1547438.742		786380	1030700	2030	94280	328550	18124604	823290	18280	1266700	910770	120340	33760	365244	143000	20	263310	35161500.49	309500	226754	770880	74340	1280000	298170		452860	306290	17689981	8870	120410	91500	397300	6020	62860	30267658.49	3660	11610	230340		24670	3356093	2149690		192530	670	27990	72180	20720	60	627340		20139931		20140391	688141.61	960	160507.61			407339.7	17200		460	183780	950	1259200	15801808.74	1444290	54390	510890			19947049.61	14870	10061030	720	3356093	20140391	5130	155360	769630	30	885800	199810		39267136.35	175020	9158960		390	882050	150	350	325490	12190	104222330.9	2830		527970	1213090	743390	386850
1985	180	11094611	652230	9045780	1246700	27400	470	11235411	71020	2736690		200	440	7682300	82520		25680		112760	273600	130170	110630	690	10010			22810	54	1083300	8358140	430	5270	46723	566730	622980	8965590	737140	39528.87	198	743532	9388250	318000	472710	2267050	341500	1109500	1861	4030	51060	398527.61	107400		240	9240		349130	23180	750	40000	48310	2381740	15922198.74	31114130.61	24393928.74	797030	5482674.597	276840	995450	2409966		499440			3594445.7	16128741	304590	18270	538950	1396		257670	241930		227540	10	245720	10120	28120	28050	128900	340	341700	107160	540	196850	35132540.6	990	111890	16276191		27560	89880	49973870.74	70750662.35	20776791.61	4462487.61	1811570	16314304	570	2973190		68890	1628760	437370	100250	21640	294110	10830	88240	364600		569140		176520	810	260	96460	17820	17925337.61	230800	10230	96320	1759540	610	20075199.61	16609041	10994940	160	62710	17945564	68207640.35	30360	24766970.74				20		446300	2.027		581540	300	12649340	1943950		57212700.35		1220190	320	653540	10067050		1547438.742		786380	1030700	2030	94280	328550	18124604	823290	18280	1266700	910770	120340	33760	365244	143000	20	263310	35161400.57	309500	226754	770880	74340	1280000	298170		452860	306290	17689981	8870	120410	91500	397300	6020	62860	30267558.57	3660	11610	230340		24670	3356093	2149690		192530	670	27990	72180	20720	60	627340		20139931		20140391	688141.61	960	160507.61			407339.7	17200		460	183780	950	1259200	15801808.74	1444290	54390	510890			19947049.61	14870	10061030	720	3356093	20140391	5130	155360	769630	30	885800	199810		39267136.35	175020	9158960		390	882050	150	350	325490	12190	104222230.9	2830		527970	1213090	743390	386850
1986	180	11094611	652230	9045780	1246700	27400	470	11235411	71020	2736690		200	440	7682300	82520		25680		112760	273600	130170	110630	690	10010			22810	54	1083300	8358140	430	5270	46723	566730	622980	8965590	737140	39528.95	198	743532	9388250	318000	472710	2267050	341500	1109500	1861	4030	51060	398527.61	107400		240	9240		349130	23180	750	40000	48310	2381740	15922198.74	31114130.61	24394028.74	797030	5482674.677	276840	995450	2409966		499440			3594445.7	16128741	304590	18270	538950	1396		257670	241930		227540	10	245720	10120	28120	28050	128900	340	341700	107160	540	196850	35132640.68	990	111890	16276191		27560	89880	49973870.74	70750662.35	20776791.61	4462487.61	1811570	16314304	570	2973190		68890	1628760	437370	100250	21640	294110	10830	88240	364700		569140		176520	810	260	96460	17820	17925337.61	230800	10230	96320	1759540	610	20075199.61	16609041	10994940	160	62710	17945564	68207640.35	30360	24766970.74				20		446300	2.027		581540	300	12649340	1943950		57212700.35		1220190	320	653540	10067050		1547438.742		786380	1030700	2030	94280	328550	18124604	823290	18280	1266700	910770	120340	33760	365244	143000	20	263310	35161500.65	309500	226754	770880	74340	1280000	298170		452860	306290	17689981	8870	120410	91500	397300	6020	62860	30267658.65	3660	11610	230340		24670	3356093	2149690		192530	670	27990	72180	20720	60	627340		20139931		20140391	688141.61	960	160507.61			407339.7	17200		460	183780	950	1259200	15801808.74	1444290	54390	510890			19947049.61	14870	10061030	720	3356093	20140391	5130	155360	769630	30	885800	199810		39267136.35	175020	9158960		390	882050	150	350	325490	12190	104222331	2830		527970	1213090	743390	386850
1987	180	11094611	652230	9045780	1246700	27400	470	11235411	71020	2736690		200	440	7682300	82520		25680		112760	273600	130170	110630	690	10010			22810	54	1083300	8358140	430	5270	46723	566730	622980	8965590	737140	39529.03	198	743532	9388250	318000	472710	2267050	341500	1109500	1861	4030	51060	398527.61	107400		240	9240		349130	23180	750	40000	48310	2381740	15922198.74	31114130.61	24393928.74	797030	5482674.757	276840	995450	2409966		499440			3594445.7	16128741	304590	18270	538950	1396		257670	241930		227540	10	245720	10120	28120	28050	128900	340	341700	107160	540	196850	35132540.76	990	111890	16276191		27560	89880	49973870.74	70750662.35	20776791.61	4462487.61	1811570	16314304	570	2973190		68890	1628760	437370	100250	21640	294110	10830	88240	364600		569140		176520	810	260	96460	17820	17925337.61	230800	10230	96320	1759540	610	20075199.61	16609041	10994940	160	62710	17945564	68207640.35	30360	24766970.74				20		446300	2.027		581540	300	12649340	1943950		57212700.35		1220190	320	653540	10067050		1547438.742		786380	1030700	2030	94280	328550	18124604	823290	18280	1266700	910770	120340	33760	365244	143000	20	263310	35161400.73	309500	226754	770880	74340	1280000	298170		452860	306290	17689981	8870	120410	91500	397300	6020	62860	30267558.73	3660	11610	230340		24670	3356093	2149690		192530	670	27990	72180	20720	60	627340		20139931		20140391	688141.61	960	160507.61			407339.7	17200		460	183780	950	1259200	15801808.74	1444290	54390	510890			19947049.61	14870	10061030	720	3356093	20140391	5130	155360	769630	30	885800	199810		39267136.35	175020	9158960		390	882050	150	350	325490	12190	104222231.1	2830		527970	1213090	743390	386850
1988	180	11094611	652230	9045780	1246700	27400	470	11235411	71020	2736690		200	440	7682300	82520		25680		112760	273600	130170	110630	690	10010			22810	54	1083300	8358140	430	5270	46723	566730	622980	8965590	737130	39529.11	198	743532	9388250	318000	472710	2267050	341500	1109500	1861	4030	51060	398527.61	107400		240	9240		349130	23180	750	40000	48310	2381740	15922198.74	31114130.61	24393928.74	797030	5482664.837	276840	995450	2409966		499440			3594435.7	16128741	304590	18270	538950	1396		257670	241930		227540	10	245720	10120	28120	28050	128900	340	341700	107160	540	196850	35132530.84	990	111890	16276191		27560	89870	49973870.74	70750662.35	20776791.61	4462487.61	1811570	16314304	570	2973190		68890	1628760	437370	100250	21640	294110	10830	88240	364600		569140		176520	810	260	96460	17820	17925337.61	230800	10230	96320	1759540	610	20075199.61	16609041	10994940	160	62710	17945564	68207640.35	30360	24766970.74				20		446300	2.027		581540	300	12649340	1943950		57212700.35		1220190	320	653540	10067050		1547438.742		786380	1030700	2030	94280	328550	18124604	823290	18280	1266700	910770	120340	33760	365244	143000	20	263310	35161390.81	309500	226754	770880	74340	1280000	298170		452860	306290	17689981	8870	120410	91500	397300	6020	62860	30267548.81	3660	11610	230340		24670	3356093	2149690		192530	670	27990	72180	20720	60	627340		20139931		20140391	688141.61	960	160507.61			407339.7	17200		460	183780	950	1259200	15801808.74	1444290	54390	510890			19947049.61	14870	10061030	720	3356093	20140391	5130	155360	769630	30	885800	199810		39267136.35	175020	9158960		390	882050	150	350	325490	12190	104222221.2	2830		527970	1213090	743390	386850
1989	180	11094611	652230	9045780	1246700	27400	470	11235411	71020	2736690		200	440	7682300	82520		25680		112760	273600	130170	110630	690	10010			22810	54	1083300	8358140	430	5270	46723	566730	622980	8965590	736140	39529.19	198	743532	9388250	318000	472710	2267050	341500	1109500	1861	4030	51060	398527.61	107400		240	9240		349130	23180	750	40000	48310	2381740	15922198.74	31114130.61	24393928.74	797030	5481674.917	276840	995450	2409966		499440			3593445.7	16128741	304590	18270	538950	1396		257670	241930		227540	10	245720	10120	28120	28050	128900	340	341700	107160	540	196850	35131540.92	990	111890	16276191		27560	89870	49972880.74	70749672.35	20776791.61	4462487.61	1811570	16314304	570	2973190		68890	1628760	437370	100250	21640	294110	10830	88240	364600		569140		176520	810	260	96460	17820	17925337.61	230800	10230	96320	1759540	610	20075199.61	16609041	10994940	160	62710	17945564	68207640.35	30360	24765980.74				20		446300	2.027		581540	300	12649340	1943950		57212700.35		1220190	320	653540	10067050		1547438.742		786380	1030700	2030	94280	328550	18124604	823290	18280	1266700	910770	120340	33760	365244	143000	20	263310	35161390.89	309500	226754	770880	74340	1280000	298170		452860	306290	17689981	8870	120410	91500	397300	6020	62860	30267548.89	3660	11610	229350		24670	3356093	2149690		192530	670	27990	72180	20720	60	627340		20139931		20140391	688141.61	960	160507.61			407339.7	17200		460	183780	950	1259200	15801808.74	1443300	54390	510890			19947049.61	14870	10061030	720	3356093	20140391	5130	155360	769630	30	885800	199810		39267136.35	175020	9158960		390	882050	150	350	325490	12190	104221231.3	2830		527970	1213090	743390	386850
1990	180	11094611	652230	9045780	1246700	27400	470	11235411	71020	2736690		200	440	7682300	82520		25680		112760	273600	130170	110630	690	10010			22810	54	1083300	8358140	430	5270	46723	566730	622980	8965590	736140	39529.27	198	743532	9388250	318000	472710	2267050	341500	1109500	1861	4030	51060	398527.61	107400		240	9240		349130	23180	750	40000	48310	2381740	15922198.74	31114130.61	24393928.74	797030	5481674.997	276840	995450	2409966		499440			3593445.7	16128741	304590	18270	538950	1396		257670	241930		227540	10	245720	10120	28120	28050	128900	340	341700	107160	540	196850	35131541	990	111890	16276191		27560	89870	49972880.74	70749672.35	20776791.61	4462487.61	1811570	16314304	570	2973190		68890	1628760	437370	100250	21640	294110	10830	88240	364600		569140		176520	810	260	96460	17820	17925337.61	230800	10230	96320	1759540	610	20075199.61	16609041	10994940	160	62710	17945564	68207640.35	30360	24765980.74				20		446300	2.027		581540	300	12649340	1943950		57212700.35		1220190	320	653540	10067050		1547438.742		786380	1030700	2030	94280	328550	18124604	823290	18280	1266700	910770	120340	33760	365244	143000	20	263310	35161390.97	309500	226754	770880	74340	1280000	298170		452860	306290	17689981	8870	120410	91500	397300	6020	62860	30267548.97	3660	11610	229350		24670	3356093	2149690		192530	670	27990	72180	20720	60	627340		20139931		20140391	688141.61	960	160507.61			407339.7	17200		460	183780	950	1259200	15801808.74	1443300	54390	510890			19947049.61	14870	10061030	720	3356093	20140391	5130	155360	769630	30	885800	199810		39267136.35	175020	9158960		390	882050	150	350	325490	12190	104221231.3	2830		527970	1213090	743390	386850
1991	180	11094611	652230	9045780	1246700	27400	470	11235411	71020	2736690		200	440	7682300	82520		25680		112760	273600	130170	110630	690	10010			22810	54	1083300	8358140	430	5270	46723	566730	622980	8965590	736250	39529.35	198	743532	9388250	318000	472710	2267050	341500	1109500	1861	4030	51060	398527.61	107400		240	9240		349130	23180	750	40000	48310	2381740	15923078.74	31114830.61	24395728.74	797030	5481785.077	276840	995450	2409966		499440			3593555.7	16129621	304590	18270	538950	1396	700	257670	241930		227540	10	245720	10120	28120	28050	128900	340	341700	107160	540	196850	35132571.08	990	111890	16276191		27560	89870	49973450.74	70751122.35	20777671.61	4462487.61	1811570	16315184	570	2973190		68890	1628760	437370	100250	21640	294110	10830	88240	364600		569140		176520	810	260	96460	17820	17925337.61	230800	10230	96320	1759540	610	20075199.61	16609041	10994940	160	62710	17946264	68208520.35	30360	24766090.74				20		446300	2.027		581540	300	12649340	1943950	180	57213580.35		1220190	320	653540	10067050		1547438.742	460	786380	1030700	2030	94280	328550	18124604	823290	18280	1266700	910770	120340	33760	365244	143000	20	263310	35161391.05	309500	226754	770880	74340	1280000	298170	460	452860	306290	17689981	8870	120410	91500	397300	6020	64200	30267549.05	3660	11610	229460		24670	3356093	2149690		192530	670	27990	72180	20720	60	627340		20139931		20140391	689481.61	960	160507.61			407339.7	17200		460	183780	950	1259200	15803148.74	1443410	54390	510890			19947049.61	14870	10061030	720	3356093	20140391	5130	155360	769630	30	885800	199810		39267316.35	175020	9158960		390	882050	150	350	325490	12190	104223141.4	2830		527970	1213090	743390	386850
1992	180	11094611	652230	9045780	1246700	27400	470	11235431	71020	2736690	28470	200	440	7682300	82520	83217	25680		112760	273600	130170	110630	710	10010	51200	202928	22810	54	1083300	8358140	430	5270	46723	566730	622980	8965590	979597	39529.43	198	743532	9388250	318000	472710	2267050	341500	1109500	1861	4030	51060	398527.61	107400		240	9240		349130	23180	750	40000	48310	2381740	15923078.74	32150140.61	24395728.74	5796775	27114827.16	276840	995450	2653313		499440	42390		3836902.7	16708971	304590	18270	538950	1396	700	257670	241930	69490	227540	10	245720	10120	28120	28050	128900	340	341700	107160	540	196850	51765888.16	990	111890	16276191	55910	27560	89870	70661895.74	92196727.35	21534831.61	4887887.61	1811570	16646944	570	2973190		68890	1628760	437370	100250	21640	294110	10830	88240	364600	2699700	569140	191800	176520	810	260	96460	17820	17925337.61	230800	10230	96320	1759540	610	20075199.61	16609041	10994940	160	62710	18703424	73208265.35	30360	44391634.74	62680		62227	20		446300	2.027	32870	581540	300	12649360	1943950	180	62213325.35	25430	1220190	320	653540	10067050		1547438.742	460	786380	1030700	2030	94280	328550	18124604	823290	18280	1266700	910770	120340	33760	365244	143000	20	263310	35348828.13	309500	269144	770880	74340	1280000	298170	460	452860	306290	17689981	8870	120410	91500	397300	6020	64200	31239757.13	3660	11610	229460	16389950	24670	3356093	2149690		192530	670	27990	72180	20720	60	627340		20139931		20140391	731871.61	960	160507.61		20140	407339.7	17200		460	183780	950	1259200	15803148.74	22889015	54390	510890	139960	469930	19947049.61	14870	10061030	720	3356093	20140391	5130	155360	769630	30	885800	199810	579350	43509901.35	175020	9158960	425400	390	882050	150	350	325490	12190	125856203.5	2830		527970	1213090	743390	386850
1993	180	12195611	652230	9045780	1246700	27400	470	11235431	71020	2736690	28470	200	440	7682300	82520	83217	25680		112760	273600	130170	110630	710	10010	51200	202892	22810	54	1083300	8358140	430	5270	46723	566730	622980	8965590	1104957	39529.51	198	743532	9388250	318000	472710	2267050	341500	1109500	1861	4030	51060	398527.61	107400		240	9240	77270	349120	23180	750	40000	48310	2381740	15923078.74	33150140.61	24395728.74	5796819	27236451.24	276840	995450	2701403	101000	499440	42390	1000000	3962252.7	17809971	304590	18270	538950	1396	700	257670	241930	69490	227540	10	245720	10120	28120	28050	128900	340	341700	107160	540	196850	51887468.24	990	111890	17377191	55910	27560	89860	70658169.74	93294001.35	22635831.61	4887887.61	1811570	17747944	570	2973190		68890	1628760	437370	100250	21640	294110	10830	88240	364600	2699700	569140	191800	176520	810	260	96460	17820	17925337.61	230800	10230	96320	1759540	610	20075199.61	17710041	11095940	160	62710	18703424	73309309.35	30360	44436044.74	62680		62227	20		446300	2.027	32950	581540	300	12649360	1943950	180	62213369.35	25430	1220190	320	653540	10067050		1547438.742	460	786380	1030700	2030	94280	328550	18124604	823290	18280	1266700	910770	120340	33760	365244	143000	20	263310	35474178.21	309500	269144	770880	74340	1280000	298170	460	452860	306290	17790981	8870	120410	91500	397300	6020	64200	31316971.21	3660	11610	229460	16386180	24670	3356093	2149690		192530	670	27990	72180	20720	60	627340		20240931		21241391	731871.61	960	160507.61	48100	20140	407339.7	17200		460	183780	950	1259200	15803148.74	22885289	54390	510890	139960	469930	19947049.61	14870	10061030	720	3356093	21241391	5130	155360	769630	30	885800	199810	579350	43509945.35	175020	9158960	425400	390	882050	150	350	325490	12190	127078827.6	2830		527970	1213090	743390	386850
1994	180	12195611	652230	9045780	1246700	27400	470	11235431	71020	2736690	28470	200	440	7682300	82520	83217	25680		112760	273600	130170	110630	710	10010	51200	202878	22810	54	1083300	8358140	430	5270	39800	566730	622980	8965590	1105007	39529.59	198	743532	9388250	318000	472710	2267050	341500	1109500	1861	4030	51060	398527.61	107400		240	9240	77270	349110	23180	750	40000	48310	2381740	15923078.74	33143217.61	24395728.74	5796795	27231617.32	276840	995450	2701393	101000	499440	42390	1000000	3962292.7	17809971	304590	18270	538950	1396	700	257670	241930	69490	227540	10	245720	10120	28120	28050	128900	340	341700	107160	540	196850	51882658.32	990	111890	17377191	55910	27560	89860	70653345.74	93282254.35	22628908.61	4887887.61	1811570	17741021	570	2973190		68890	1628760	437370	100250	21640	294110	10830	88240	364600	2699700	569140	191800	176520	810	260	96460	17820	17925337.61	230800	10230	96320	1759540	610	20075199.61	17710041	11095940	160	62710	18696501	73302362.35	30360	44431234.74	62680		62227	20		446300	2.027	32940	581540	300	12649360	1943950	180	62206422.35	25430	1220190	320	653540	10067050		1547438.742	460	786380	1030700	2030	94280	328550	18124604	823290	18280	1266700	910770	120340	33760	365244	143000	20	263310	35474168.29	309500	262221	770880	74340	1280000	298170	460	452860	306290	17790981	8870	120410	91500	397300	6020	64200	31316947.29	3660	11610	229510	16381330	24670	3349170	2149690		192530	670	27990	72180	20720	60	627340		20240931		21241391	724948.61	960	160507.61	48100	20140	407339.7	17200		460	183780	950	1259200	15803148.74	22880465	54390	510890	139960	469930	19947049.61	14870	10061030	720	3349170	21241391	5130	155360	769630	30	885800	199810	579350	43509921.35	175020	9158960	425400	390	882050	150	350	325490	12190	127067070.7	2830		527970	1213090	743390	386850
1995	180	12195611	652230	9045780	1246700	27400	470	11235431	71020	2736690	28470	200	440	7682300	82520	83217	25680		112760	273600	130170	110630	710	10010	51200	202868	22810	54	1083300	8358140	430	5270	39800	566730	622980	8965590	1104987	39529.67	198	743532	9388240	318000	472710	2267050	341500	1109500	1861	4030	51060	398527.61	107400		240	9240	77270	349100	23180	750	40000	48310	2381740	15923068.74	33143217.61	24395778.74	5796775	27228617.4	276840	995450	2701383	101000	499440	42390	1000000	3962262.7	17809971	304590	18270	538950	1396	700	257670	241930	69490	227540	10	245720	10120	28120	28050	128900	340	341700	107160	540	196850	51879738.4	1050	111890	17377191	55910	27560	89860	70650345.74	93279254.35	22628908.61	4887887.61	1811570	17741021	570	2973190		68890	1628760	437370	100250	21640	294110	10830	88240	364600	2699700	569140	191800	176520	810	260	96460	17820	17925337.61	230800	10230	96320	1759540	610	20075199.61	17710041	11095940	160	62710	18696501	73302332.35	30360	44428244.74	62680		62227	20		446300	2.027	32930	581540	300	12649360	1943950	180	62206392.35	25430	1220190	320	653540	10067050		1547438.742	460	786380	1030700	2030	94280	328550	18124604	823290	18280	1266700	910770	120340	33760	365244	143000	20	263310	35474158.37	309500	262221	770880	74340	1280000	298170	460	452860	306290	17790981	8870	120410	91500	397300	6020	64200	31316987.37	3660	11610	229490	16378380	24670	3349170	2149690		192530	670	27990	72180	20720	60	627340		20240931		21241391	724948.61	960	160507.61	48100	20140	407339.7	17200		460	183780	950	1259200	15803138.74	22877475	54390	510890	139960	469930	19947049.61	14870	10061030	720	3349170	21241391	5130	155360	769630	30	885800	199810	579350	43509891.35	175020	9158960	425400	390	882050	150	350	325490	12190	127064120.7	2830		527970	1213090	743390	386850
1996	180	12195611	652230	9045780	1246700	27400	470	11235431	71020	2736690	28470	200	440	7682300	82520	83217	25680		112760	273600	130170	110630	710	10010	51200	202854	22810	54	1083300	8358140	430	5270	39800	566730	622980	8965590	1105087	39528.454	198	743532	9388230	318000	472710	2267050	341500	1109500	1861	4030	51060	398527.61	107400		240	9240	77270	349090	23180	750	40000	48310	2381740	15923058.74	33143217.61	24395668.74	5796761	27228272.18	276840	995450	2701443	101000	499440	42390	1000000	3962352.7	17809971	304590	18270	538950	1396	700	257670	241930	69490	227540	10	245720	10120	28120	28050	128900	340	341700	107160	540	196850	51879307.18	1050	111890	17377191	55980	27560	89860	70650001.74	93278910.35	22628908.61	4887887.61	1811570	17741021	570	2973190		68890	1628760	437370	100250	21640	294110	10830	88240	364500	2699700	569140	191800	176520	810	260	96460	17820	17925337.61	230800	10230	96320	1759540	610	20075199.61	17710041	11095940	160	62710	18696501	73302308.35	30360	44427844.74	62680		62227	20		446300	2.027	32930	581540	300	12649360	1943950	180	62206368.35	25430	1220190	320	653540	10067050		1547438.742	460	786380	1030700	2030	94280	328550	18124604	823290	18280	1266700	910770	120340	33760	365244	143000	20	263310	35474047.15	309500	262221	770880	74340	1280000	298170	460	452860	306290	17790981	8870	120410	91500	397300	6020	64200	31316932.15	3660	11610	229520	16377960	24670	3349170	2149690		192530	670	27990	72180	20720	60	627340		20240931		21241391	724948.61	960	160507.61	48100	20140	407339.7	17200		460	183780	950	1259200	15803128.74	22877141	54390	510890	139960	469930	19947049.61	14870	10061030	720	3349170	21241391	5130	155360	769630	30	885800	199810	579350	43509867.35	175020	9158960	425400	390	882050	150	350	325490	12190	127063665.5	2830		527970	1213090	743390	386850
1997	180	12195611	652230	9045780	1246700	27400	470	11235431	71020	2736690	28470	200	440	7682300	82520	83217	25680		112760	273600	130170	110630	710	10010	51200	202855	22810	54	1083300	8358140	430	5270	39800	566730	622980	8965590	1105037	39527.237	198	743532	9388230	318000	472710	2267050	341500	1109500	1861	4030	51060	398527.61	107400		240	9240	77270	349050	23180	750	40000	48310	2381740	15923058.74	33143217.61	24395668.74	5796752	27297611.96	276840	995450	2701403	101000	499440	42390	1000000	3962262.7	17809971	304590	18270	538950	1396	700	257670	241930	69490	227540	10	245720	10120	28120	28050	128900	340	410450	107160	540	196850	51948655.96	1050	111890	17377191	55980	27560	89800	70650692.74	93279601.35	22628908.61	4887887.61	1811570	17741021	570	2973190		68890	1628760	437370	100250	21640	294110	10830	88240	364500	2699700	569140	191800	176520	810	260	96460	17820	17925337.61	230800	10230	96320	1759540	610	20075199.61	17710041	11095940	160	62710	18696501	73302299.35	30360	44428534.74	62680		62227	20		446300	2.027	32920	581540	300	12649360	1943950	180	62206359.35	25430	1220190	320	653540	10067050		1547438.742	460	786380	1030700	2030	94280	328550	18124604	823290	18280	1266700	910770	120340	33760	365244	143000	20	263310	35473945.94	309500	262221	770880	74340	1280000	298170	460	452860	306290	17790981	8870	120410	91500	397300	6020	64200	31316831.94	3660	11610	229530	16378650	24670	3349170	2149690		192530	670	27990	72180	20720	60	627340		20240931		21241391	724948.61	960	160507.61	48100	20140	407339.7	17200		460	183780	950	1259200	15803128.74	22877832	54390	510890	139960	469930	19947049.61	14870	10061030	720	3349170	21241391	5130	155360	769630	30	885800	199810	579350	43509858.35	175020	9158960	425400	390	882050	150	350	325490	12190	127133005.3	2830		527970	1213090	743390	386850
1998	180	12195611	652230	9045780	1246700	27400	470	11235431	71020	2736690	28470	200	440	7682300	82520	83092	25680		112760	273600	130170	110630	710	10010	51200	202829	22810	54	1083300	8358140	430	5270	39800	566730	622980	8965590	1105027	39526.019	198	743532	9388230	318000	472710	2267050	341500	1109500	1861	4030	51060	398527.61	107400		240	9240	77270	349020	23180	750	40000	48310	2381740	15923058.74	33114737.61	24395668.74	5796591	27300059.75	248360	995450	2701303	101000	499440	42390	1000000	3962222.7	17809971	304590	18270	538950	1396	700	257670	241930	69490	227540	10	245720	10120	28120	28050	128900	340	410450	107160	540	196850	51951264.75	1050	111890	17377191	55910	27560	89800	70624691.74	93253600.35	22628908.61	4887887.61	1811570	17741021	570	2973190		68890	1628760	437370	100250	21640	294110	10830	88240	364500	2699700	569140	191800	176520	810	260	96460	17820	17896857.61	230800	10230	96320	1759540	610	20046719.61	17710041	11095940	160	62710	18696501	73273658.35	30360	44431109.74	62680		62227	20		446300	2.027	32910	581540	300	12649360	1943950	180	62177718.35	25430	1220190	320	653540	10067050		1547438.742	460	786380	1030700	2030	94280	328550	18124604	823290	18280	1266700	910770	120340	33760	365244	143000	20	263310	35473914.72	309500	262221	770880	74340	1280000	298170	460	452860	306290	17790981	8870	120410	91500	397300	6020	64200	31316704.72	3660	11610	229590	16381300	24670	3349170	2149690		192530	670	27990	72180	20720	60	627340		20240931		21241391	724948.61	960	160507.61	48100	20140	407339.7	17200		460	183780	950	1259200	15803128.74	22880311	54390	510890	139960	469930	19918569.61	14870	10061030	720	3349170	21241391	5130	155360	769630	30	885800	199810	579350	43481217.35	175020	9158960	425400	390	882050	150	350	325490	12190	127106973.1	2830		527970	1213090	743390	386850
1999	180	12195611	652230	9045780	1246700	27400	470	11235431	71020	2736690	28470	200	440	7682300	82520	82705	25680		112760	273600	130170	110630	710	10010	51200	202835	22810	54	1083300	8358140	430	5270	39800	566730	622980	8965590	1105037	39524.8	198	743532	9388230	318000	472710	2267050	341500	1109500	1861	4030	51060	398527.61	107400		240	9240	77270	348980	23180	750	40000	48310	2381740	15923058.74	33114737.61	24395668.74	5796200	27306847.53	248360	995450	2701263	101000	499440	42390	1000000	3962192.7	17809971	304590	18270	538950	1396	700	257670	241930	69490	227540	10	245720	10120	28120	28050	128900	340	410450	107160	540	196850	51958443.53	1050	111890	17377191	55910	27560	89800	70631520.74	93260429.35	22628908.61	4887887.61	1811570	17741021	570	2973190		68890	1628760	437370	100250	21640	294110	10830	88240	364500	2699700	569140	191800	176520	810	260	96460	17820	17896857.61	230800	10230	96320	1759540	610	20046719.61	17710041	11095940	160	62710	18696501	73273267.35	30360	44437932.74	62680		62227	20		446300	2.027	32900	581540	300	12649360	1943950	180	62177327.35	25430	1220190	320	653540	10067050		1547438.742	460	786380	1030700	2030	94280	328550	18124604	823290	18280	1266700	910770	120340	33760	365244	143000	20	263310	35473873.5	309500	262221	770880	74340	1280000	298170	460	452860	306290	17790981	8870	120410	91500	397300	6020	64200	31316669.5	3660	11610	229600	16388510	24670	3349170	2149690		192530	670	27990	72180	20720	60	627340		20240931		21241391	724948.61	960	160507.61	48100	20140	407339.7	17200		460	183780	950	1259200	15803128.74	22887140	54390	510890	139960	469930	19918569.61	14870	10061030	720	3349170	21241391	5130	155360	769630	30	885800	199810	579350	43480826.35	175020	9158960	425400	390	882050	150	350	325490	12190	127113760.9	2830		527970	1213090	743390	386850
2000	180	12195611	652230	9045780	1246700	27400	470	11235431	71020	2736690	28470	200	440	7682300	82520	82605	25680	30333	112760	273600	130170	110630	710	10010	51200	202848	22810	54	1083300	8358140	430	5270	39800	566730	622980	8965590	1104969	39523.581	198	743532	9388220	318000	472710	2267050	341500	1109500	1861	4030	51060	398527.61	107400		240	9240	77270	348950	23180	750	40000	48310	2381740	15974567.74	33191601.61	24446988.74	5806658	27344112.77	248360	995450	2735311.46	101000	499000	42390	1000000	3996171.16	17809971	304590	18270	538950	1396	700	257670	241930	69490	227540	10	245720	10120	28120	28050	128900	340	410450	107160	540	196850	51988021.77	1050	111890	17377191	55912	27560	89620	70675864.74	93315688.35	22639823.61	4898452.61	1877519	17741371	570	2973190		68890	1628760	437370	100250	21640	295718	10830	88240	364500	2699700	569140	191800	176520	810	260	96460	17820	17896857.61	230800	10230	96320	1759540	610	20046719.61	17710391	11095940	160	62710	18692986	73335584.35	30360	44416123.74	62680	2574.46	62227	20		446300	2.027	32880	581540	300	12649360	1943950	180	62239644.35	25430	1220190	320	653540	10067050		1547438.742	460	786380	1030700	2030	94280	328550	18127564	823290	18280	1266700	910770	120340	33760	365244	143350	20	263310	35510698.74	309500	262221	770880	74340	1280000	298170	460	452860	306290	17790981	8870	120410	91500	397300	6020	64200	31353509.74	3471	11610	229710	16381340	24670	3349520	2149690		192530	670	27990	72180	20720	60	627340		20240931		21241391	724948.61	960	160507.61	48100	20140	407339.7	17200		460	183780	950	1259200	15854637.74	22890540	54390	510890	139960	469930	19918569.61	14870	10061030	720	3349520	21241391	5130	155360	769630	30	885800	199810	579350	43546658.35	175020	9161920	435965	390	882050	150	350	311060	12190	127205656.1	2830		527970	1213090	743390	386850
2001	180	12195611	652230	9045780	1246700	27400	470	11235431	71020	2736690	28470	200	440	7682300	82520	82604	25680	30333	112760	273600	130170	110630	710	10010	51200	202844	22810	54	1083300	8358140	430	5270	39800	566730	622980	8965590	1104969	39522.36	198	743532	9388214.2	318000	472710	2267050	341500	1109500	1861	4030	51060	398527.61	107400		240	9240	77270	348900	23180	750	40000	48310	2381740	15974591.94	33191547.61	24447298.94	5806599	27342622.55	248360	995450	2734781.46	101000	498520	42390	1000000	3995641.16	17809971	304590	18270	538950	1396	700	257670	241930	69490	227540	10	245720	10120	28120	28050	128900	340	410450	107160	540	196850	51986876.55	1050	111890	17377191	55912	27560	89620	70674983.94	93314753.55	22639769.61	4898398.61	1877519	17741371	570	2973190		68890	1628760	437370	100250	21640	295718	10830	88240	364500	2699700	569140	191800	176520	810	260	96740	17820	17896857.61	230800	10230	96320	1759540	610	20046719.61	17710391	11095940	160	62710	18692962	73335549.55	30360	44415246.94	62680	2574.46	62227	26		446300	2.027	32880	581540	300	12649360	1943950	180	62239609.55	25430	1220190	320	653540	10067050		1547438.742	460	786380	1030700	2030	94280	328550	18127564	823290	18280	1266700	910770	120340	33760	365244	143350	20	263310	35510447.52	309500	262221	770880	74340	1280000	298170	460	452860	306290	17790981	8870	120410	91500	397300	6020	64200	31353260.52	3471	11610	229710	16380440	24670	3349520	2149690		192530	670	27990	72180	20720	60	627340		20240931		21241391	724948.61	960	160507.61	48100	20140	407339.7	17200		460	183780	950	1259200	15854661.94	22889581	54390	510890	139960	469930	19918569.61	14870	10061030	720	3349520	21241391	5130	155360	769630	30	885800	199810	579350	43546647.55	175020	9161920	435911	390	882050	150	350	311090	12190	127204476.1	2830		527970	1213090	743390	386850
2002	180	12195611	652230	9045780	1246700	27400	470	11235431	71020	2736690	28470	200	440	7682300	82520	82618	25680	30333	112760	273600	130170	108800	710	10010	51200	202829	22810	54	1083300	8358140	430	5270	39800	566730	622980	8965590	1103299	39521.139	198	743532	9388213.2	318000	472710	2267050	341500	1109500	1861	4030	51060	398527.61	106390		240	9240	77270	348860	23180	750	40000	48310	2381740	15974051.17	33191547.61	24446814.17	5806588	27341920.33	248360	995450	2735261.46	101000	499040	42390	1000000	3994451.16	17809961	304590	18270	538950	1396	700	257670	241930	69490	227540	10	245720	10120	28120	28050	128900	340	410450	107160	540	196850	51986241.33	1050	111890	17377191	55912	27560	89620	70673262.17	93313031.78	22639769.61	4898398.61	1877519	17741371	570	2973190		68890	1628760	437370	100250	21640	295718	10830	88240	364500	2699700	569140	191800	176520	810	260	96790	17820	17895847.61	230800	10230	96320	1759540	610	20045709.61	17710391	11095940	160	62710	18692422	73333987.78	30360	44415380.17	62680	2574.46	62227	27		446300	2.027	32880	581540	300	12649360	1943950	180	62238047.78	25430	1220190	320	653540	10067050		1547438.968	460	786380	1030700	2030	94280	328550	18127564	823290	18280	1266700	910770	120340	33760	365244	143350	20	263310	35510976.3	309500	262221	770880	74340	1280000	298170	460	452860	306290	17790981	8870	120410	91500	397300	6020	64200	31350930.3	3471	11610	229870	16380940	24670	3349520	2149690		192530	675	27990	72180	20720	60	627340		20240931		21241391	724948.61	960	160507.61	48100	20140	407339.7	17200		460	183780	950	1259200	15854121.17	22888400	54390	510890	139960	469930	19918569.61	14870	10061030	720	3349520	21241391	5130	155360	769630	30	885800	199810	579340	43545625.78	175020	9161920	435911	390	882050	150	350	310550	12190	127202279.1	2830		527970	1213090	743390	386850
2003	180	12195611	652230	9045780	1246700	27400	470	11235251	71020	2736690	28470	200	440	7682300	82520	82652	25680	30333	112760	273600	130170	108770	720	10010	51200	202826	22810	54	1083300	8358140	430	5270	39800	566730	622980	8965590	1103361	39519.917	198	743532	9388212.7	318000	472710	2267050	341500	1109500	1861	4030	51060	398527.61	106400		240	9240	77270	348810	23180	750	40000	48310	2381740	15980817.76	33191333.61	24453602.76	5806575	27342428.1	248360	995450	2735743.46	101000	499210	42390	1000000	3994933.16	17809771	304590	18270	538950	1396	700	257670	241930	69490	227540	10	245720	10120	28120	28050	128900	340	410450	107160	540	196850	51986794.1	1050	111890	17377191	55964	27560	89620	70680141.76	93319687.37	22639545.61	4898364.61	1877519	17741181	570	2973190		68890	1628760	437370	100250	21640	295718	10830	88240	364500	2699700	569140	191800	176520	810	260	96800	17820	17895857.61	230800	10230	96320	1759540	610	20045719.61	17710391	11095750	160	62710	18691908	73340561.37	30360	44422250.76	62680	2574.46	62227	27		446300	2.027	32870	581540	300	12649180	1943950	180	62244811.37	25430	1220190	320	653540	10066860		1554686.058	460	786380	1030700	2030	94280	328550	18127564	823290	18280	1266700	910770	120340	33760	365244	143350	20	263310	35511365.08	309500	262221	770880	74340	1280000	298170	460	452860	306240	17790981	8870	120410	91500	397300	6020	64200	31351400.08	3471	11610	229950	16380980	24670	3349520	2149690		192530	687	27990	72180	20720	60	627340		20240931		21241391	724948.61	960	160507.61	48110	20140	407339.7	17200		460	183590	950	1259200	15860887.76	22888479	54390	510890	139960	469930	19918569.61	14870	10060840	720	3349520	21241391	5130	155360	769630	30	885800	199810	579340	43552903.37	175020	9161920	435877	390	882050	150	350	310070	12190	127209405.5	2830		527970	1213090	743390	386850
2004	180	12344190.93	652230	9045780	1246700	27400	470	11235241	71020	2736690	28470	200	440	7682300	82520	82672	25680	30333	112760	273600	130170	108760	730	10010	51200	202815	22810	54	1083300	8358140	430	5270	38117	566730	622980	8965590	1103471	39518.694	198	743532	9388212.5	318000	472710	2267050	341500	1109500	1861	4030	51060	398527.61	106410		240	9240	77260	348770	23180	750	40000	48310	2381740	15980455.52	33318093.91	24453263.52	5806570	27342411.88	248360	995450	2735363.46	120982.625	499180	42390	1128597.3	3994673.16	17958210.93	304590	18270	538950	1396	700	257670	241930	69490	227540	10	245720	10120	28120	28050	128900	340	410450	107160	540	196850	51986815.88	1050	111890	17525770.93	55964	27560	89620	70680298.52	93466577.05	22786278.54	4898340.61	1877519	17887937.93	570	2973190		68890	1628760	437370	100250	21640	295718	10830	88240	364500	2699700	569140	191800	176520	810	260	96820	17820	17895867.61	230800	10230	96320	1759540	610	20045729.61	17858850.93	11115712.63	160	62710	18690081	73358483.75	30360	44422418.52	62680	2574.46	62227	28		446300	2.027	32880	581540	300	12649170	1943950	180	62242771.13	25430	1220190	320	653420	10066840		1554444.019	460	786380	1030700	2030	94280	328550	18127564	823290	18280	1266700	910770	120340	33760	365244	143350	20	263310	35511083.85	309500	260538	770880	74340	1280000	298170	460	452860	306330	17810963.63	8870	120410	91500	397300	6020	64200	31351030.85	3471	11610	230000	16381230	24670	3347837	2149690		192530	689	27990	72180	20720	60	627340		20260913.63		21389970.93	723265.61	960	160507.61	48100	20140	407339.7	17200		460	183570	950	1259200	15860525.52	22888854	54390	510890	139960	469930	19918569.61	14870	10060820	720	3347837	21389970.93	5130	155360	769630	30	885800	199810	579340	43552690.13	175020	9161920	435853	390	882050	150	350	310070	12190	127355946.9	2830		527970	1213090	743390	386850
2005	180	12344236.13	652230	9045780	1246700	27400	470	11235251	71020	2736690	28470	200	440	7682300	82520	82660	25680	30333	112760	273600	130170	108640	740	10010	51200	202833	22810	54	1083300	8358140	430	5270	38117	566730	622980	8965590	1103321	39517.47	198	743532	9388211.8	318000	472710	2267050	341500	1109500	1861	4030	51060	398527.61	106440		240	9240	77260	348760	23180	750	40000	48310	2381740	15983161.89	33318042.41	24455999.89	5806622	27342332.66	248360	995450	2735223.46	121025.326	499090	42390	1128599.8	3994383.16	17958236.13	304590	18270	538950	1396	700	257670	241930	69490	227540	10	245720	10120	28120	28050	128900	340	410450	107160	540	196850	51986724.66	1050	111890	17525816.13	55964	27560	89610	70683140.89	93469400.63	22786259.74	4898336.61	1877519	17887923.13	570	2973190		68890	1628760	437370	100250	21640	295718	10830	88240	364500	2699700	569140	191800	176520	810	260	96850	17820	17895897.61	230800	10230	96320	1759540	610	20045759.61	17858836.13	11115755.33	160	62710	18692784	73361314.83	30360	44425322.89	62680	2574.46	62227	28		446300	2.027	32890	581540	300	12649180	1943950	180	62245559.5	25430	1220190	320	653360	10066840		1554444.091	460	786380	1030700	2030	94280	328550	18127564	823290	18280	1266700	910770	120340	33760	365244	143350	20	263310	35510962.63	309500	260538	770880	74340	1280000	298170	460	452860	306330	17811006.33	8870	120410	91470	397300	6020	64200	31350877.63	3471	11610	229980	16381390	24670	3347837	2149690		192530	689	27990	72180	20720	60	627340		20260956.33		21390016.13	723265.61	960	160507.61	48100	20140	407339.7	17200		460	183570	950	1259200	15863231.89	22888926	54390	510890	139960	469930	19918569.61	14870	10060820	720	3347837	21390016.13	5130	155360	769630	30	885800	199810	579380	43552775.5	175020	9161920	435849	390	882050	150	350	312837	12190	127358689.3	2830		527970	1213090	743390	386850
2006	180	12344228.23	652230	9045780	1246700	27400	470	11235311	71020	2736690	28470	200	440	7682300	82520	82637	25680	30333	112760	273600	130170	108630	740	10010	51200	202904	22810	54	1083300	8358140	430	5270	38117	566730	622980	8965590	1103291	39516.245	198	743532	9388211.4	318000	472710	2267050	341500	1109500	1861	4030	51060	398527.61	106430		240	9240	77250	348720	23180	750	40000	48310	2381740	15986244.49	33318226.81	24459118.09	5907561	27438960.43	248360	995450	2734593.46	121004.031	498980	42390	1128613.2	3993723.16	17958378.23	304110	18270	538950	1396	700	257670	241930	69490	227540	10	245720	10120	28120	28050	128900	340	410450	107160	540	196850	51982449.03	1050	111890	17525808.23	55964	27560	89610	70783381.49	93569804.33	22786422.84	4898337.61	1877519	17888085.23	570	2973190		68890	1628760	437370	100250	21640	295718	10830	88240	364500	2699700	569140	191800	176520	810	260	96880	17820	17895887.61	230800	10230	96320	1759540	610	20045749.61	17858938.23	11115794.03	160	62710	18692853	73465365.13	30360	44525522.49	62680	2574.46	62227	28.6		446300	2.027	32890	581540	300	12649240	1943950	180	62349571.1	25430	1220190	320	653470	10066900	13450	1557459.093	460	786380	1030700	2030	94280	328550	18127564	823290	18280	1266700	910770	120340	33760	365244	143350	20	263310	35510341.41	309500	273988	770880	74340	1280000	298170	460	452860	306320	17810985.03	8870	120410	91470	397300	6020	64200	31350303.01	3471	11610	229980	16377740	24670	3347837	2149690		192530	694	27990	72180	20720	60	627340	87460	20260935.03		21390008.23	736715.61	960	160507.61	48100	20140	407339.7	17200		460	183630	950	1259200	15866314.49	22986195	54390	510890	139960	469930	19918569.61	14870	10060880	720	3347837	21390008.23	5130	155360	769630	30	885800	199810	579360	43656718.1	175020	9161920	435850	390	882050	150	350	312795	12190	127458477.4	2830		527970	1213090	743390	386850
2007	180	12344274.81	652230	9045780	1246700	27400	470	11235331	71020	2736690	28470	200	440	7682300	82520	82629	25680	30333	112760	273600	130170	108610	750	10010	51200	202901	22810	54	1083300	8358140	430	5270	38117	566730	622980	8965590	1103181	39515.02	198	743532	9388210.8	318000	472710	2267050	341500	1109500	1861	4030	51060	398527.61	106440		240	9240	77250	348670	23180	750	40000	48310	2381740	15986056.89	33318448.81	24458972.09	5907454	27438802.21	248360	995450	2734653.46	121032.606	499110	42390	1128631.2	3993673.16	17958454.81	304090	18270	538950	1396	700	257670	241930	69490	227540	10	245720	10120	28120	28050	128900	340	410450	107160	540	196850	51982449.41	1050	111890	17525854.81	55964	27560	89610	70782792.89	93569456.31	22786663.42	4898471.61	1877519	17888191.81	570	2973190		68890	1628760	437370	100250	21640	295718	10830	88240	364500	2699700	569140	191800	176520	810	260	96920	17820	17895897.61	230800	10230	96320	1759540	610	20045759.61	17859034.81	11115832.61	160	62710	18692800	73465119.11	30360	44524986.89	62680	2574.46	62227	29.2		446300	2.027	32890	581540	300	12649260	1943950	180	62349286.5	25230	1220190	320	653520	10066910	13450	1557459.093	460	786380	1030700	2030	94280	328550	18127564	823290	18280	1266700	910770	120340	33760	365244	143350	20	263310	35510440.18	309500	273988	770880	74340	1280000	298170	460	452860	306320	17811013.61	8870	120410	91470	397300	6020	64200	31350360.38	3471	11610	229890	16377740	24670	3347837	2149690		192530	695	27990	72180	20720	60	627340	87460	20260963.61		21390054.81	736715.61	960	160507.61	48100	20140	407339.7	17200		460	183640	950	1259200	15866126.89	22985978	54390	510890	139960	469930	19918569.61	14870	10060890	720	3347837	21390054.81	5130	155360	769630	30	885800	199810	579330	43656486.5	175020	9161920	435984	390	882050	150	350	312558	12190	127458249.7	2830		527970	1213090	743390	386850
2008	180	12344236.79	652230	9045780	1246700	27400	470	11235341	71020	2736690	28470	200	440	7682300	82520	82627	25680	30333	112760	273600	130170	108610	760	10010	51200	202902	22810	54	1083300	8358140	430	5270	38117	566730	622980	8965590	1103162.2	39514.422	198	743532	9388210.8	318000	472710	2267050	341500	1109500	1861	4030	51060	398527.61	106440		240	9240	77240	348630	23180	750	40000	48310	2381740	15986086.89	33318168.91	24459077.09	5907426	27437344.81	248360	995450	2734114.66	121057.494	498800	42390	1128568.3	3993114.36	17958196.79	303900	18270	538950	1396	700	257670	241930	69490	227540	10	245720	10120	28120	28050	128900	340	410450	107160	540	196850	51966605.01	1050	111890	17525816.79	55964	27560	89610	70782141.89	93568540.29	22786398.4	4898454.61	1877519	17887943.79	570	2973190		68890	1628760	437370	100250	21640	295718	10830	88240	364500	2699700	569140	191800	176520	810	260	96990	17820	17895897.61	230800	10230	96320	1759540	610	20045759.61	17858786.79	11115857.49	160	62710	18692807	73465145.99	30360	44524344.89	62675	2574.46	62227	29.2		446300	2.027	32890	581540	300	12649270	1943950	180	62349288.5	25230	1220190	320	653310	10066910	13450	1557465.087	460	786380	1030700	2030	94280	328550	18113064	823290	18280	1266700	910770	120340	33760	365244	143350	20	263310	35495440.78	309500	273988	770880	74340	1280000	298170	460	452860	306300	17811038.49	8870	120410	91470	397300	6020	64200	31335376.98	3471	11610	229900	16376870	24670	3347837	2149690		192530	700	27990	72180	20720	60	627340	87460	20260988.49		21390016.79	736715.61	960	160507.61	48100	20146.2	407339.7	17200		460	183640	950	1259200	15866156.89	22985070	54390	510890	139960	469930	19918569.61	14870	10060890	720	3347837	21390016.79	5130	155360	769630	30	885800	199810	579320	43656481.5	175020	9147420	435967	390	882050	150	350	312792	12190	127442369.3	2830		527970	1213090	743390	386850
2009	180	12344269.19	652230	9045780	1246700	27400	470	11232831	71020	2736690	28470	200	440	7682300	82520	82622	25680	30333	112760	273600	130170	108560	760	10010	51200	202898	22810	54	1083300	8358140	430	5270	38117	566730	622980	8965590	1104161.8	39513.824	198	743532	9388211	318000	472710	2267050	341500	1109500	1861	4030	51060	398527.61	106440		240	9240	77240	348610	23180	750	40000	48310	2381740	15986047.13	33318697.21	24459107.63	5907385	27438232.81	248360	995450	2734034.26	121069.592	498660	42390	1128588.6	3994043.96	17955169.19	303900	18270	538950	1396	700	257670	241930	69490	227540	10	245720	10120	28120	28050	128900	340	410450	107160	540	196850	51967604.31	1050	111890	17525849.19	55964	27560	90530	70779673.13	93566071.94	22786398.8	4898432.61	1877519	17887966.19	570	2973190		68890	1628760	434320	100250	21640	295718	10830	88780	364500	2699700	569140	191800	176520	810	260	97060	17820	17895897.61	230800	10230	96320	1759540	610	20045759.61	17858809.19	11115869.59	160	62710	18693285	73462567.34	30360	44524430.13	62675	2574.46	62227	29.5		446300	2.027	32890	581540	300	12646760	1943950	180	62346697.74	25220	1220190	320	653300	10064400	13450	1557465.134	460	786380	1030700	2030	94280	328550	18113064	823290	18280	1266700	910770	120340	33730	365244	143350	20	263310	35496329.78	309500	273988	770880	74340	1280000	298170	460	452860	306280	17808000.59	8870	120410	91590	397300	6020	64200	31336242.28	3471	11610	230060	16376870	24670	3347837	2149690		192530	700	27990	72180	20720	60	627340	87460	20261000.59		21390049.19	736715.61	960	160507.61	48090	20145.8	407339.7	17200		460	183640	950	1259200	15866117.13	22985119	54390	510890	139960	469930	19918569.61	14870	10058380	720	3347837	21390049.19	5130	155360	769630	30	885800	199810	579320	43653412.74	175020	9147420	435945	390	882050	150	350	312762	12190	127440810.2	2830		527970	1213090	743390	386850
2010	180	12344957.1	652230	9045780	1246700	27400	470	11232823	71020	2736690	28470	200	440	7682300	82520	82656	25680	30333	112760	273600	130170	108560	762	10010	51200	202902	22810	54	1083300	8358140	430	5270	38117	566730	622980	8965590	1104143.2	39513.225	198	743532	9388211	318000	472710	2267050	341500	1109500	1861	4030	51060	398527.61	106440		240	9240	77230	348570	23180	750	40000	48310	2381740	15986366.42	33318578.61	24459569.12	5907330	27439468.61	248360	995450	2735345.66	121065.103	500010	42390	1128571	3995335.36	17955097.1	303900	18270	538950	1396	700	257670	241930	69490	227540	10	245720	10120	28120	28050	128900	340	410450	107160	540	196850	51969039.31	1050	111890	17526537.1	55964	27560	90530	70780020.42	93567004.13	22786983.71	4898379.61	1877519	17888604.1	570	2973190		68890	1628760	434320	100250	21640	295718	10830	88780	364500	2699700	569140	191800	176520	810	260	97200	17820	17895897.61	230800	10230	96320	1759540	610	20045759.61	17859457.1	11116565.1	160	62710	18693724	73463527.13	30360	44524774.42	62675	2574.46	62227	29.7		446300	2.027	32850	581540	300	12646752	1943950	180	62346962.03	25220	1220190	320	653260	10064390	13450	1557292.418	460	786380	1030700	2030	94280	328550	18113064	823290	18280	1266700	910770	120340	33730	365244	143350	20	263310	35497770.59	309500	273988	770880	74340	1280000	298170	460	452860	306280	17808706.1	8870	120410	91590	397300	6020	64200	31337688.29	3471	11610	230050	16376870	24670	3347837	2149690		192530	702	27990	72180	20720	60	627340	87460	20261706.1		21390737.1	736715.61	960	160507.61	48091	20146.2	407339.7	17200		460	183630	950	1259200	15866436.42	22985054	54390	510890	139960	469930	19918569.61	14870	10058370	720	3347837	21390737.1	5130	155360	769630	30	885800	200520	579320	43653238.03	175020	9147420	435892	390	882050	150	350	313294	12190	127443187.4	2830		527970	1213090	743390	386850
2011	180	12345207.09	652230	9045780	1246700	27400	470	11232828	71020	2736690	28470	200	440	7682300	82520	82658	25680	30333	112760	273600	130170	108560	767	10010	51200	202910	22810	54	1083300	8358140	430	5270	38117	566730	622980	8965590	1104209	39512.626	198	743532	9388211	318000	472710	2267050	341500	1109500	1861	4030	51060	398527.61	106863	444	240	9240	77230	348560	23180	750	40000	48310	2381740	15986345.95	33318534.71	24459540.85	5907257	27439300.81	248360	995450	2735181.46	121088.989	499880	42390	1128575.1	3995241.16	17955155.09	303890	18270	538950	1396	700	257670	241930	69490	227540	10	245720	10120	28120	28050	128900	340	410450	107160	540	196850	51969469.71	1050	111890	17526820.09	55964	27560	90530	70780016.95	93567230.65	22787213.7	4898296.61	1877519	17888917.09	570	2973190		68890	1628760	434320	100250	21640	295718	10830	88780	364500	2699700	569140	191800	176520	810	260	97190	17820	17896320.61	230800	10230	96320	1759540	610	20046710.61	17859770.09	11116843.99	160	62710	18693661	73464102.55	30360	44524759.95	62674	2574.46	62227	29.9	50	446300	2.027	32850	581795	300	12646757	1943950	180	62347258.56	25220	1220190	320	653290	10064390	13450	1557251.947	460	786380	1030700	1997	94280	328550	18113064	823290	18280	1266700	910770	120340	33720	365244	143350	20	263310	35497545.79	309500	273955	770880	74340	1280000	298170	460	452860	306230	17808984.99	8870	120410	91590	397300	6020	64200	31337949.69	3471	11610	230170	16376870	24670	3347837	2149690		192530	704	27990	72180	20720	60	627340	87460	20261951.99		21390987.09	736682.61	960	160507.61	48088	20146	407339.7	17200	34	460	183630	950	1259200	15866415.95	22985051	54390	510890	139960	469930	19918569.61	14870	10058370	720	3347837	21390987.09	5130	155360	769630	30	885800	200520	579320	43653597.56	175020	9147420	435809	390	882050	150	350	313284	12190	127444197.4	2830		527970	1213090	743390	386850
2012	180	14845137.22	652230	9045780	1246700	27400	470	13100831	71020	2736690	28470	200	440	7682300	82520	82658	25680	30333	112760	273600	130170	108560	770	10010	51200	202899	22810	54	1083300	8358140	430	5270	38117	566730	622980	8965590	1104048.7	39512.028	198	743532	9388211	318000	472710	2267050	341500	1109500	1861	4030	51060	398527.61	106649	444	240	9240	77230	348540	23180	750	40000	48310	2381740	15986378.95	33318395.71	24459695.85	5907247	27439439.92	248360	995450	2735491.16	121082.12	500210	42390	1128582.1	3995390.86	20454945.22	303890	18270	538950	1396	700	257670	241930	69490	227540	10	245720	10120	28120	28050	128900	340	410450	107160	540	196850	51969743.82	1050	111890	19394820.22	55964	27560	90530	70780028.95	96067023.78	25286994.83	4898287.61	1877519	20388707.22	570	2973190		68890	1628760	434320	100250	21640	295718	10830	88780	364500	2699700	569140	191800	176520	810	260	97310	17820	17896106.61	230800	10230	96320	1759540	610	20046496.61	20359560.22	13616767.12	160	62710	18693685	75963834.68	30360	44524782.95	62674	2574.46	62227	29.9	50	446300	2.027	32860	581795	300	12646760	1943950	180	62347067.56	25220	1220190	320	653150	10064390	13450	1557251.947	460	786380	1030700	1997	94280	328550	18113064	823290	18280	1266700	910770	120340	33720	365244	143350	20	263310	35497964.89	309500	273955	770880	74340	1280000	298170	460	452860	306220	20308908.12	8870	120410	91590	397300	6020	64200	31338155.79	3471	11610	230020	16376870	24670	3347837	2149690	1868000	192530	706	27990	72180	20720	60	627340	87460	22761875.12	631930	23890917.22	736682.61	960	160507.61	48088	20145.7	407339.7	17200	34	460	183630	950	1259200	15866448.95	22984881	54390	510890	139960	469930	19918569.61	14870	10058370	720	3347837	23890917.22	5130	155360	769630	30	885800	200520	579320	43653382.56	175020	9147420	435800	390	882050	150	350	313457	12190	129944210.6	2830		527970	1213090	743390	386850
2013	180	14845099.38	652230	9045780	1246700	27400	470	13100639	71020	2736690	28470	200	440	7682300	82520	82659	25680	30333	112760	273600	130170	108560	770	10010	51200	202908	22810	54	1083300	8358140	430	5270	38117	566730	622980	8965590	1105114	39511.428	198	743532	9388211	318000	472710	2267050	341500	1109500	1861	4030	51060	398527.61	104220	444	240	9240	77220	348880	23180	750	40000	48310	2381740	15985860.38	33318304.71	24459294.68	5907266	27440727.78	248360	995450	2736891.66	121049.278	500210	43470	1128572.1	3996781.36	20454640.38	303890	18270	538950	1396	700	257670	241930	69490	227540	10	245720	10120	28120	28050	128900	340	410450	107160	540	196850	51971130.08	1050	111890	19394782.38	55964	27560	90530	70779418.38	96066294.37	25286875.99	4898276.61	1877519	20388599.38	570	2973190		68890	1628760	434128	100250	21640	295718	10830	88780	364500	2699700	569140	191800	176520	810	260	97426	17820	17893677.61	230800	10230	96320	1759540	610	20044067.61	20359452.38	13616739.28	160	62710	18693154.33	75960686.27	30360	44525435.38	62675	2574.46	62227	30.3	50	446300	2.027	32880	581800	300	12646568	1943950	180	62343946.99	25220	1220190	320	653080	10064198	13450	1557253.053	460	786380	1030700	1997	94280	328550	18113064	823290	18280	1266700	910770	120340	33690	365122.96	143350	20	263310	35499339.75	309500	275035	770880	74340	1280000	298170	460	452860	306210	20308688.28	8870	120410	91605.2	397300	6020	64200	31336042.05	3471	11610	230030	16376870	24670	3347837	2149690	1868000	192530	707	27990	72180	20720	60	627340	87460	22761847.28	631930	23890879.38	737762.61	960	160507.61	48088	20140	407339.7	17200	34	460	183630	950	1259200	15865930.38	22984900	54390	510890	139960	469930	19918569.61	14870	10058178	720	3347837	23890879.38	5130	155360	769630	30	885800	200520	579320	43650792.66	175020	9147420	435789	390	882050	150	350	313007.33	12190	129942438.4	2830		527970	1213090	743390	386850
2014	180	14845052.49	652230	9045780	1246700	27400	470	13100520	71020	2736690	28470	200	440	7682300	82520	82663	25680	30333	112760	273600	130170	108560	771	10010	51200	202973	22810	54	1083300	8358140	430	5270	38117	566730	622980	8965590	1105841	39510.829	198	741682.76	9388211	318000	472710	2267050	341500	1109500	1861	4030	51060	398527.61	104020	444	240	9240	77220	348900	23180	750	40000	48310	2381740	15986223.92	33316877.91	24459664.22	5906131	27440324.62	248360	995450	2736879.06	121036.185	500210	43470	1128538.3	3997528.76	20454563.49	303890	18270	538950	1396	700	257670	241930	69490	227540	10	245720	10120	28120	28050	128900	340	410450	107160	540	196850	51971528.92	1050	111890	19394735.49	55964	27560	91260	70779630.92	96065286.02	25285655.1	4898276.61	1877519	20387378.49	570	2973190		68890	1628760	434128	100250	21640	295718	10830	88780	364500	2699700	569140	191800	176520	810	260	97430	17820	17893477.61	230800	10230	96320	1759540	610	20043647.61	20359405.49	13616726.19	160	62710	18692344	75959701.72	30360	44525704.92	62650	2574.46	62227	30.3	50	446300	2.027	32880	581800	300	12646449	1943950	180	62342975.53	25220	1220190	320	653080	10064198	13450	1557252.921	460	786380	1030700	1997	94280	328550	18113064	823290	18280	1266700	910770	120340	33690	365108	143350	20	263310	35500025.59	309500	275035	770880	74120	1280000	298170	460	452860	306190	20308675.19	8870	120410	91605.6	397300	6020	64200	31336592.89	3471	11490	230080	16376870	24670	3347837	2149690	1868000	192530	709	27990	72180	20720	60	627340	87460	22761834.19	631930	23890832.49	737762.61	960	160507.61	48080	20140	407339.7	17200	34	460	183630	950	1259200	15866293.92	22983795	54390	510890	138786	469930	19918349.61	14870	10058178	720	3347837	23890832.49	5130	155360	769630	30	885800	200520	579290	43650631.53	175020	9147420	435789	390	882050	150	350	313371	12190	129941818.9	2830		527970	1213090	743390	386850
2015	180	14845106.18	652230	9045780	1246700	27400	470	13100528	71020	2736690	28470	200	440	7682300	82520	82663	25680	30333	112760	273600	130170	108560	778	10010	51200	202978	22810	54	1083300	8358140	430	5270	38117	566730	622980	8965590	1105835.6	39510.23	198	741682.76	9388211	318000	472710	2267050	341500	1109500	1861	4030	51060	398527.61	104100	444	240	9240	77210	348860	23180	750	40000	48310	2381741	15986238.4	33321702.01	24459693.8	5910951	27444603.26	248360	995450	2736294.66	121088.775	499661	43470	1128539.4	3996905.3	20454617.18	303910	18270	538950	1396	700	257670	241930	69490	227540	10	245720	10120	28120	28050	128900	340	410450	107160	540	196850	51971009.66	1050	111890	19394789.18	55964	27560	91260	70779651.4	96069358.19	25289706.79	4903087.61	1877519	20386619.18	570	2973190		68890	1628760	434128	100250	21640	295718	10830	88780	364500	2699700	571096.05	191800	176520	810	260	97445	17820	17893557.61	230800	10230	96320	1759540	610	20043727.61	20359459.18	13616778.78	160	61893	18696354	75963852.79	30360	44524904.4	62650	2574.46	62227	30.4	50	446300	2.027	32880	581800	300	12646457	1943950	180	62347074.01	25220	1220190	320	653080	10064199	13450	1557255.4	460	786380	1030700	1997	94280	328550	18113064	823290	18280	1266700	910770	120340	33670	365190.7	143350	20	263310	35499499.23	309500	275035	770880	74120	1280000	298170	460	452860	306190	20308727.78	8870	120410	91605.6	397300	6020	64200	31336149.63	3471	11490	230080	16376870	24670	3347020	2149690	1868000	192530	709	27990	72180	20720	60	627340	87460	22761886.78	631930	23890886.18	737762.61	960	160507.61	48082	20142.6	407310.64	17200	34	460	183630	950	1259200	15866308.4	22988615	54390	510890	138790	469930	19918349.61	14870	10058179	720	3347020	23890886.18	5130	155360	769630	30	885800	200520	579290	43650720.01	175020	9147420	440600	390	882050	150	350	313383	12190	129945451.8	2830		527970	1213090	743390	386850
2016	180	14845113.96	652230	9045780	1246700	27400	470	13100529	71020	2736690	28470	200	440	7692020	82520	82670	25680	30333	112760	273600	130170	108560	779	10010	51200	202988	22810	54	1083300	8358140	430	5270	38144	566730	622980	8965590	1105825	39509.63	198	742286.76	9388210	318000	472710	2267050	341500	1109500	1861	4030	51060	398527.61	104040	444	240	9240	77210	349360	23180	750	40000	48310	2381741	15985941.4	33321440.11	24469160.9	5910959	27444958.09	248360	995450	2736687.06	121077.459	499564	43470	1128558.5	3997297.7	20454324.96	303910	18270	538950	1396	700	257670	241930	69490	227540	10	245720	10120	28120	28050	128900	340	410450	107160	540	196850	51981121.59	1050	111890	19394796.96	55964	27560	91260	70779671.4	96069103.97	25289432.57	4903078.61	1877519	20386353.96	570	2973190		68890	1628760	434128	100250	21640	295718	10830	88780	364500	2699700	573052.1	191800	176520	810	260	97489	17820	17893497.61	230800	10230	96320	1759540	610	20043667.61	20359166.96	13616767.46	160	61893	18696076	75963519.47	30360	44524912.4	62642	2574.46	62227	30.5	50	446300	2.027	32880	581800	300	12646458	1943950	180	62346752.01	25220	1220190	320	652780	10064199	13450	1557255.4	460	786380	1030700	1997	94280	328550	18113064	823290	18280	1266700	910770	120340	33670	365145.73	143350	20	263310	35509610.06	309500	275062	770880	74120	1280000	298170	460	452860	306190	20308716.46	8870	120410	91605.6	397300	6020	64200	31346212.56	3471	11490	230080	16376870	24670	3347047	2149690	1868000	192530	709	27990	72180	20720	60	627340	87460	22761875.46	631930	23890893.96	737789.61	960	160507.61	48080	20142	407310.64	17200	34	460	183630	950	1259200	15866011.4	22988623	54390	510890	138790	469930	19918349.61	14870	10058179	720	3347047	23890893.96	5130	155360	769630	30	885800	200520	579290	43650676.01	175020	9147420	440591	390	882050	150	350	313387	12190	129955249.6	2830		527970	1213090	743390	386850
2017	180	14845102.03	652230	9045780	1246700	27400	470	13100530	71020	2736690	28470	200	440	7692020	82520	82662	25680	30333	112760	273600	130170	108560	780	10010	51200	202988	22810	54	1083300	8358140	430	5270	38144	566730	622980	8965590	1105100.1	39509.63	198	742286.76	9388210	318000	472710	2267050	341500	1109500	1861	4030	51060	398527.61	103800	444	240	9240	77210	349370	23180	750	40000	48310	2381741	15985877.4	33315092.41	24469121.2	5910968	27444222.81	248360	995450	2735965.51	121071.233	499547.35	42750	1128552.8	3996576.15	20454293.03	303920	18270	538950	1396	700	257670	241930	69490	227540	10	245720	10120	28120	28050	128900	340	410450	107160	540	196850	51980402.61	1050	111890	19394785.03	55964	27560	91260	70773439.4	96062777.04	25289337.64	4903075.61	1877519	20386262.03	570	2973190		68890	1622500	434128	100250	21640	295718	10830	88780	364500	2699700	575008.15	191800	176520	810	260	97510	17820	17893257.61	230800	10230	96320	1759540	610	20043427.61	20359125.03	13616761.23	160	61893	18696059	75956958.24	30360	44524210.4	62641	2574.46	62227	30.8	50	446300	2.027	32890	581800	300	12640199	1943950	180	62340197.01	25220	1220190	320	652750	10057939	13450	1557255.4	460	786380	1030700	1997	94280	328550	18113064	823290	18280	1266700	910770	120340	33670	365123	143350	20	263310	35508886.78	309500	274342	770880	74120	1280000	298170	460	452860	306190	20308710.23	8870	120410	91605.6	397300	6020	64150	31345982.58	3471	11490	230080	16376870	24670	3347047	2149690	1868000	192530	712	27990	72180	20720	60	627340	87460	22761869.23	631930	23890882.03	737019.61	960	160507.61	48080	20138.1	407310.64	17200	34	460	183630	950	1259200	15865947.4	22988632	54390	510890	138790	469930	19918349.61	14870	10051919	720	3347047	23890882.03	5130	155360	769630	30	885800	200520	579300	43644138.01	175020	9147420	440588	390	882050	150	350	313403	12190	129947963.7	2780		527970	1213090	743390	386850
2018	180	14845117.11	652230	9045780	1246700	27400	470	13100528	71020	2736690	28470	200	440	7692020	82520	82654	25680	30493	112760	273600	130170	108560	778	10010	51200	202980	22810	54	1083300	8358140	430	5270	38140	566730	622980	8965590	1105067.4	39509.63	198	742286.76	9388210	318000	472710	2267050	341500	1109500	1861	4030	51060	398527.61	103800	444	240	9240	77210	349380	23180	750	40000	48310	2381741	15985853	33315104.01	24469110.9	5911046.3	27445059.54	248360	995450	2736178.939	121077.714	499603.479	42750	1128561.4	3996769.579	20454358.11	303920	18270	538950	1396	700	257670	241930	69490	227540	10	245720	10120	28120	28050	128900	340	410450	107160	540	196850	51981233.14	1050	111890	19394800.11	55964	27560	91260	70773584.3	96062853.02	25289268.72	4903074.61	1877519	20386194.11	570	2973190		68890	1622500	434128	100830	21640	295718	10830	88780	364500	2699700	576964.2	191800	176520	810	260	97520	17820	17893257.61	230800	10230	96320	1759540	610	20043487.61	20359090.11	13616767.71	160	61864	18696001	75956985.62	30360	44524754.3	62630	2574.46	62227	32.9	50	446300	2.027	32885.3	581800	300	12640197	1943950	180	62340217.91	25220	1220190	320	652700	10057939	13450	1557255	460	786380	1030700	1997	94280	328550	18113064	823290	18280	1266700	910770	120340	33670	365108	143350	20	263310	35509655.21	309500	274918	770880	74180	1280000	298170	460	452860	306170	20308716.71	8870	120410	91605.6	397300	6020	64150	31346287.11	3471	11490	230080	16376870	24670	3347014	2149690	1868000	192530	714	27990	72180	20720	60	627340	87460	22761875.71	631930	23890897.11	737595.61	960	160507.61	48080	20136.4	407310.64	17200	34	460	183630	950	1259200	15865923	22988690.3	54390	510890	138790	469930	19918409.61	14870	10051919	720	3347014	23890897.11	5130	155360	769630	30	885800	200520	579400	43644216.91	175020	9147420	440587	390	882050	150	350	313429	12190	129948830.2	2780		527970	1213090	743390	386850
2019	180	14845129.45	652230	9045773	1246700	27400	470	13100544	71020	2736690	28470	200	440	7692020	82520	82654	25680	30494	112760	273600	130170	108560	780	10010	51200	202965	22810	54	1083300	8358140	430	5270	38140	566730	622980	8965590	1104992.9	39509.63	198	742831.64	9388210	318000	472710	2267050	341500	1109500	1861	4030	51060	398527.61	103800	444	240	9240	77205.5	349390	23180	750	40000	48198.02	2381740	15985856	33314978.53	24469195.9	5910999.9	27444880.55	248360	995450	2736155.496	121080.546	499570.036	42750	1128570.9	3996650.996	20454370.45	303930	18270	538950	1396	700	257670	241930	69490	227533	10	245720	10120	28120	28050	128900	340	410450	107160	540	196850	51981184.55	1050	111890	19394805.45	55964	27560	91260	70773414.92	96062657.45	25289242.53	4903042.61	1877519	20386199.92	570	2973190		68890	1622500	434130	100830	21640	295717	10830	88794	364500	2699700	578920.25	191800	176520	810	260	97600	17820	17893145.63	230800	10230	96320	1759540	610	20043375.63	20359102.45	13616770.55	160	61864.47	18695976.47	75956840.55	30360	44524698.37	62620	2574.46	62227	32.9	50	446300	2.027	32885.9	581800	300	12640213	1943950	180	62340070	25220	1220190	320	652700	10057953	13450	1557258	460	786380	1030700	1997	94280	328550	18113064	823290	18280	1266700	910770	120340	33670	365094	143350	20	263310	35509602.63	309500	274918	770880	74180	1280000	298170	460	452860	306110	20308719.55	8870	120410	91605.6	397300	6020	64150	31346281.53	3471	11490	230080	16376870	24670	3347014.47	2149690	1868000	192530	716	27990	72180	20720	60	627340	87460	22761871.55	631930	23890902.45	737595.61	960	160507.61	48080	20136.4	407280	17200	34	460	183630	950	1259200	15865926	22988583.9	54390	510890	138790	469930	19918297.63	14870	10051933	720	3347014.47	23890902.45	5130	155360	769630	30	885800	200520	579400	43644093.53	175020	9147420	440555	390	882050	150	350	313429	12190	129948646	2780		527970	1213090	743390	386850
2020	180	14845090.23	652230	9045770	1246700	27400	470	13100549	71020	2736690	28197.41	200	440	7692020	82520	82646	25680	30494	112760	273600	130170	108560	785	10010	51200	202980	22810	54	1083300	8358140	430	5270	38140	566730	622980	8965590	1105004.93	39509.63	198	742831.64	9388210	318000	472710	2267050	341500	1109500	1861	4030	51060	398527.61	103800	444	240	9240	77198.53	349390	23180	750	40000	48198.02	2381740	15986074.8	33315046.03	24469416.7	5907730.6	27440780.89	248360	995450	2736151.105	121040.829	499556.645	42750	1128571.4	3996659.635	20454301.23	303940	18270	538950	1366	700	257670	241930	69490	227530	10	245720	10120	28120	28050	128900	340	410450	107160	540	211140	51980361.19	1050	111890	19394763.23	55960	27560	91260	70770315.42	96059576.26	25289260.84	4903137.61	1877519	20386123.23	570	2973190		68890	1622500	434130	100830	21640	295717	10830	88794	364500	2699700	580876.3	191800	176520	810	260	97600	17820	17893145.63	230800	10230	96320	1759540	610	20043375.63	20359033.23	13616730.83	160	61860	18696034	75953742.86	30360	44521586.4	62620	2574.46	62230	32.9	50	446300	2.027	32884.6	581800	300	12640218	1943950	180	62337012.03	25220	1220190	320	652670	10057953	13450	1557506.803	460	786380	1030700	1997	94280	328550	18113064	823290	18280	1266700	910770	120340	33670	364285	143350	20	263310	35508806.27	309500	274918	770880	74180	1280000	298170	460	452860	306130	20308679.83	8870	120410	91605.6	397300	6020	64150	31345475.17	3471	11490	230080	16376870	24670	3347010	2149690	1868000	192530	718	27990	72180	20720	60	627340	84090	22761828.83	631930	23890860.23	737595.61	960	160507.61	48080	20136.4	407280	17200	34	460	183630	950	1259200	15866144.8	22985330.6	54390	510890	138790	469930	19918297.63	14870	10051933	720	3347010	23890860.23	5130	155360	769630	30	885800	200520	579400	43640978.03	175020	9147420	440650	390	882050	150	350	313429	12190	129944725.5	2780		527970	1213090	743390	386850
2021	180	14845090.23	652230	9045773	1246700	27400	470	13100559	71020	2736690	28197.09	200	440	7692020	82520	82650	25680	30494	112760	273600	130170	108560	790	10010	51200	202950	22810	54	1083300	8358140	430	5270	38140	566730	622980	8788700	1104953.23	39509.63	198	742831.64	9388210	318000	472710	2267050	341500	1109500	1861	4030	51060	398527.61	103800	444	240	9240	77186.83	349390	23180	750	40000	48198.02	2381740	16001111.47	33330098.5	24484453.47	5907793	27440964.95	248360	995450	2736325.404	121178.2	499733.244	42750	1128505.6	3996792.234	20454306.23	303947.7	18270	538950	1370	700	257670	241930	69490	227533	10	245720	10120	28120	28050	128900	340	410450	107160	540	211140	51803597.95	1050	111890	19394766.23	55960	27560	91260	70785381.49	96074648.33	25289266.84	4903140.61	1892555.47	20386126.23	570	2973190		68890	1622500	434130	100830	21640	295717	10830	88794	364500	2699700	580876.3	191800	176520	810	260	97600	17820	17893145.63	230800	10230	96320	1759540	610	20043375.63	20359033.23	13616730.83	160	61860	18696045	75968849.93	30360	44521646	62610	2574.46	62230	33	50	446300	2.084	32890	581800	300	12640228	1943950	180	62352119.1	25220	1220190	320	652670	10057958	13450	1557507	460	786380	1030700	1997	94280	328550	17936174	823290	18280	1266700	910770	120340	33670	364270	143350	20	263310	35332033.86	309500	274918	770880	74180	1280000	298170	460	452860	306100	20308679.83	8870	120410	91605.6	397300	6025	64150	31168702.86	3471	11490	230080	16376870	24670	3347010	2149690	1868000	192530	718	27990	72180	20720	60	627340	84090	22761831.83	631930	23890863.23	737595.61	960	160507.61	48080	20136.4	407280	17200	34	460	183630	950	1259200	15881181.47	22985363	54390	510890	138790	469930	19918297.63	14870	10051933	720	3347010	23890863.23	5130	155360	769630	30	885800	200520	579400	43656074.1	175020	9147420	440653	390	882050	150	350	313429	12190	129783069.3	2780		527970	1213090	743390	386850
2022	180	14845090.23	652230	9045773	1246700	27400	470	13096083.71	71020	2736690	28198.32	200	440	7692020	82520	82650	25680	30494	112760	273600	130260	108560	790	10010	51200	202990	22810	54	1083300	8358140	430	5270	38140	566730	622980	8788700	1104902.13	39509.63		742831.64	9388210	318000	472710	2267050	341500	1109500	1861	4030	51060	398527.61	103800	444	240	9240	77171.73	349360	23180	750	40000	48198.02	2381740	16001111.26	33302694.25	24447960.26	5907752	27440618.29	248360	995450	2736252.841	121178.2	499713.681	42730	1128498.8	3996694.571	20449830.94	303947.7	18270	538950	1370	700	257670	241930	69490	227533	10	245720	10120	28120	28050	128900	340	410450	107160	540	211140	51745159.29	1050	111890	19394766.23	55960	27560	91260	70784043.32	96074858.87	25290815.55	4903139.61	1892555.47	20387675.94	570	2973190		68890	1622500	434130	100830	21640	295720	10830	88794	364500	2699700	580876.3	191800	176520	810	260	97600	17820	17891857.67	230800	10230	96320	1759540	610	20042087.67	20359033.23	13618280.54	160	61860	18690019	75963045.47	30360	44521535.79	62604	2574.46	62230	33	50	446300	2.084	32880	581800	300	12614112.71	1943950	180	62344764.93	25220	1220190	320	652670	10053482.71	13450	1557510	460	786380	1030700	1997	94280	328550	17936174	823290	18280	1266700	910770	120340	33670	364270	143350	20	263310	35310296.2	309500	274898	770880	74180	1280000	298170	460	452860	306090	20308679.83	8870	120410	91605.6	396012.042	6025	64150	31167592.2	3471	11490	230080	16376870	24670	3347010	2149690	1868000	192530	718	27990	72180	20720	60	627340	84090	22761831.83	631930	23890863.23	737575.61	960	160507.61	48080	20136.4	407280	17200	34	460	183630	950	1259200	15881181.26	22985312	54390	510890	138790	469930	19917009.67	14870	10053482.71	720	3347010	23890863.23	5130	155360	769630	30	885800	200520	579400	43654745.93	175020	9147420	440652	390	882050	150	350	313429	12190	129718826.2	2780		527970	1213090	743390	386850
2023	180		652230		1246700	27400	470		71020	2736690	28199.44	200	440	7692020	82520	82650	25680	30494	112760	273600	129980	108560	800	10010	51200	202983	22810	54	1083300	8358140	430	5270	38140	566730	622980	8788700		39509.63		742831.64	9388210	318000	472710	2267050	341500	1109500	1861	4030	51060		103800	444	240	9240	77167.31	349430	23180	750	40000	48198.02	2381740						248360	995450		121178.2	499697.4	42730	1128498.8			303960	18270	538950	1370	700	257670	241930	69490	227533	10	245720	10120	28120	28050	128900	340	410450	107160	540	211140		1050	111890		55960	27560	91260					1892555.47		570	2973190		68890	1622500	434130	100830	21640	295720	10830	88794	364569.27	2699700	580876.3	191800	176520	810	260	97600	17820		230800	10230	96320	1759540	610				160	61860			30360		62600	2574.46	62230	33	50	446300	2.084	32930	581800	298		1943950	180		25220	1220190	320	652670		13450	1558499.786	460	786380	1030700	1997	94280	328550		823290	18280	1266700	910770	120340	33670	364270	143350	20	263310		309500		770880	74180	1280000	298170	460	452860	306270		8870	120410	91605.6	396012.03	6025			3471	11490	230080	16376870	24670		2149690	1868000	192530	718	27990	72180	20720	60	627340	84090		631930			960	160507.61	48080	20134.5	407270	17200	34	460	183630	950	1259200			54390	510890	138790	469930		14870		720			5130	155360	769630	30	885800	200520	579400		175020	9147420	440650	390	882050	150	350	313429	12190		2780		527970	1213090	743390	386850
2024																																																																																																																																																																																																																																																																										
2025																																																																																																																																																																																																																																																																										
