	Aruba	Africa Eastern and Southern	Afghanistan	Africa Western and Central	Angola	Albania	Andorra	Arab World	United Arab Emirates	Argentina	Armenia	American Samoa	Antigua and Barbuda	Australia	Austria	Azerbaijan	Burundi	Belgium	Benin	Burkina Faso	Bangladesh	Bulgaria	Bahrain	"Bahamas, The"	Bosnia and Herzegovina	Belarus	Belize	Bermuda	Bolivia	Brazil	Barbados	Brunei Darussalam	Bhutan	Botswana	Central African Republic	Canada	Central Europe and the Baltics	Switzerland	Channel Islands	Chile	China	Cote d'Ivoire	Cameroon	"Congo, Dem. Rep."	"Congo, Rep."	Colombia	Comoros	Cabo Verde	Costa Rica	Caribbean small states	Cuba	Curacao	Cayman Islands	Cyprus	Czechia	Germany	Djibouti	Dominica	Denmark	Dominican Republic	Algeria	East Asia & Pacific (excluding high income)	Early-demographic dividend	East Asia & Pacific	Europe & Central Asia (excluding high income)	Europe & Central Asia	Ecuador	"Egypt, Arab Rep."	Euro area	Eritrea	Spain	Estonia	Ethiopia	European Union	Fragile and conflict affected situations	Finland	Fiji	France	Faroe Islands	"Micronesia, Fed. Sts."	Gabon	United Kingdom	Georgia	Ghana	Gibraltar	Guinea	"Gambia, The"	Guinea-Bissau	Equatorial Guinea	Greece	Grenada	Greenland	Guatemala	Guam	Guyana	High income	"Hong Kong SAR, China"	Honduras	Heavily indebted poor countries (HIPC)	Croatia	Haiti	Hungary	IBRD only	IDA & IBRD total	IDA total	IDA blend	Indonesia	IDA only	Isle of Man	India	Not classified	Ireland	"Iran, Islamic Rep."	Iraq	Iceland	Israel	Italy	Jamaica	Jordan	Japan	Kazakhstan	Kenya	Kyrgyz Republic	Cambodia	Kiribati	St. Kitts and Nevis	Korea	Kuwait	Latin America & Caribbean (excluding high income)	Lao PDR	Lebanon	Liberia	Libya	St. Lucia	Latin America & Caribbean	Least developed countries: UN classification	Low income	Liechtenstein	Sri Lanka	Lower middle income	Low & middle income	Lesotho	Late-demographic dividend	Lithuania	Luxembourg	Latvia	"Macao SAR, China"	St. Martin (French part)	Morocco	Monaco	Moldova	Madagascar	Maldives	"Middle East, North Africa, Afghanistan & Pakistan"	Mexico	Marshall Islands	Middle income	North Macedonia	Mali	Malta	Myanmar	"Middle East, North Africa, Afghanistan & Pakistan (excluding high income)"	Montenegro	Mongolia	Northern Mariana Islands	Mozambique	Mauritania	Mauritius	Malawi	Malaysia	North America	Namibia	New Caledonia	Niger	Nigeria	Nicaragua	Netherlands	Norway	Nepal	Nauru	New Zealand	OECD members	Oman	Other small states	Pakistan	Panama	Peru	Philippines	Palau	Papua New Guinea	Poland	Pre-demographic dividend	Puerto Rico (US)	"Korea, Dem. People's Rep."	Portugal	Paraguay	West Bank and Gaza	Pacific island small states	Post-demographic dividend	French Polynesia	Qatar	Romania	Russian Federation	Rwanda	South Asia	Saudi Arabia	Sudan	Senegal	Singapore	Solomon Islands	Sierra Leone	El Salvador	San Marino	"Somalia, Fed. Rep."	Serbia	Sub-Saharan Africa (excluding high income)	South Sudan	Sub-Saharan Africa	Small states	Sao Tome and Principe	Suriname	Slovak Republic	Slovenia	Sweden	Eswatini	Sint Maarten (Dutch part)	Seychelles	Syrian Arab Republic	Turks and Caicos Islands	Chad	East Asia & Pacific (IDA & IBRD countries)	Europe & Central Asia (IDA & IBRD countries)	Togo	Thailand	Tajikistan	Turkmenistan	Latin America & the Caribbean (IDA & IBRD countries)	Timor-Leste	"Middle East, North Africa, Afghanistan & Pakistan (IDA & IBRD)"	Tonga	South Asia (IDA & IBRD)	Sub-Saharan Africa (IDA & IBRD countries)	Trinidad and Tobago	Tunisia	Turkiye	Tuvalu	Tanzania	Uganda	Ukraine	Upper middle income	Uruguay	United States	Uzbekistan	St. Vincent and the Grenadines	"Venezuela, RB"	British Virgin Islands	Virgin Islands (U.S.)	Viet Nam	Vanuatu	World	Samoa	Kosovo	"Yemen, Rep."	South Africa	Zambia	Zimbabwe
1960	54922	130075728	9035043	97630925	5231654	1608800	9510	91540853	131334	20386045	1863705	20133	55603	10276477	7047539	3894500	2764258	9153489	2517286	4778621	51828660	7867374	165477	116317	3281381	8198000	91318	42208	3702323	72388126	230893	88347	224084	516165	1702346	17909356	91401309	5327827	110808	8153350	667070000	3673666	5159057	15264846	1056732	15606209	197700	210024	1327496	2558348	7238081	124826	8428	586490	9602006	72814900	86024	59372	4579603	3268336	11424922	895961535	968909356	1042818620	128810451	667887356	4590891	26896479	270148970	972547	30455000	1211537	21376693	357710476	244461631	4429634	404887	47412964	34127	43061	512316	52400000	3645600	6961215	21839	3556749	398060	577633	269807	8331725	94058	32500	4063655	69525	569143	908257300	3094840	2062060	163650527	4140181	3858443	9983512	1893704624	2289192009	395487385	124475467	88296070	271011918	48868	435990338		2828600	21470434	7022052	175574	2114020	50199700	1650005	853471	93216000	9429981	7695307	2172300	5449966	47157	55810	25012374	311060	192855898	2121514	1794406	1139522	1492890	92585	218624695	245048596	114749038	16451	9661389	819316105	2083718515	736500	1094883717	2778550	313970	2120979	173315	4250	11624933	21808	2058020	5111029	91189	157933392	36724615	14703	1968969477	1435059	5402550	326550	21730250	151883053	480579	977595	8736	6713695	824298	680331	3628134	7956197	198622564	591465	79819	3505050	45053782	1782370	11486631	3581239	10123658	4607	2371800	809580211	530485	5297024	45709310	1126005	10174127	27891897	9328	1995110	29637450	188920253	2358000	11722953	8857716	1883514		912120	756359099	83671	36010	18406905	119897000	3022294	507919318	2435403	8364489	3340907	1646400	139688	2268356	2791459	15428	2876331	6638992	206288260	2931559	227706653	8767492	68012	263918	4068095	1584720	7484656	345337	2715	41700	4673500	5599	3049838	884252517	308759361	1673110	26851747	2112131	1643457	208671107	468118	151883053	66170	507919318	227706653	844943	4267288	28329898	5598	9901419	7640973	42824093	1149653372	2529957	180671000	8209109	84388	8160090	7950	32500	32531933	64431	3021512598	112490	984846	5532301	16440172	3153729	3809389
1961	55578	133534923	9214083	99706674	5301583	1659800	10283	93931683	137989	20726276	1927484	20666	56540	10483000	7086299	4045750	2835119	9183948	2559223	4848224	53310348	7943118	172346	122197	3348035	8271216	93632	43123	3778731	74605447	233148	92517	230602	527942	1734580	18271000	92231375	5434294	111782	8324802	660330000	3810151	5239273	15662374	1084389	16095203	201201	215087	1377920	2614258	7387117	126125	8601	595514	9586651	73377632	89390	60209	4611687	3373233	11628883	895534581	994176841	1044749888	131617926	675548634	4722331	27600898	272472951	995573	30739250	1225077	21906102	360681613	249737371	4461005	417406	47905982	34557	44610	518266	52800000	3703600	7162667	21872	3619551	408930	582532	274896	8398050	95335	33700	4186201	71311	582568	919449343	3168100	2121242	167634887	4167292	3929030	10027958	1915613080	2321079191	405466111	127688784	90791249	277777327	48451	446564729		2824400	22125726	7194553	179029	2185000	50536350	1673261	897591	94055000	9742085	7987770	2255900	5571168	48323	55334	25765673	345945	198298501	2169796	1850084	1167717	1555699	93490	224737321	250984924	117449222	16877	9899372	839921567	2112956756	758824	1096959453	2823550	316845	2152681	173323	4386	11931085	21901	2103327	5246158	93450	162068656	37890118	15219	1995507534	1455171	5482283	325250	22210581	155796245	491140	1009284	8995	6834936	846167	680757	3715534	8164443	202005123	603067	82521	3608162	45989310	1836451	11638712	3609800	10318396	4774	2419700	820795966	539854	5374964	46921277	1159870	10475123	28792621	9555	2046127	29964000	193342737	2399722	11990713	8929316	1927394		938244	765442136	85434	39680	18555250	121236000	3106779	520416897	2526347	8634941	3436375	1702400	142912	2304227	2870016	15799	2952054	6689077	211292606	2976724	233241597	8927466	68707	272791	4191667	1594131	7519998	353264	2970	42889	4815466	5622	3111947	883558197	313483586	1702717	27650334	2181805	1695400	214582669	475291	155796245	68037	520416897	233241597	863144	4316278	29119238	5648	10187886	7862217	43399766	1155585967	2562044	183691000	8517711	85870	8455915	8034	34300	33409059	66264	3062768116	115496	1011421	5655232	16908035	3254086	3930401
1962	56320	137171659	9404406	101854756	5354310	1711319	11086	96428599	144946	21072538	1991689	21298	57336	10742000	7129864	4168150	2907943	9220578	2604659	4919672	54881146	8012946	179349	128493	3407532	8351928	96042	44239	3857493	76865323	235224	96719	237636	540186	1768115	18614000	93008589	5573815	112953	8497059	665770000	3956939	5338620	16075724	1113175	16599029	204702	221919	1429445	2670187	7541098	128414	8781	601466	9624660	74025784	93283	60948	4647727	3479936	11800771	907473022	1020130725	1059216594	134400419	683341199	4859269	28337013	274815182	1019788	31023366	1241623	22465126	363707978	255228141	4491443	430536	48389516	34963	46218	524649	53250000	3760300	7337375	22197	3684273	420163	589474	280286	8448233	96375	35000	4312044	73192	595461	930832910	3305200	2182064	171771666	4196712	4001575	10060825	1950274734	2366117598	415842864	131049320	93375850	284793544	48688	457283090		2836050	22807907	7413875	182378	2293000	50879450	1696932	940554	94933000	10058928	8299308	2333400	5697558	49538	54461	26513030	384995	203914785	2219910	1909578	1197039	1621960	94505	231038261	257173413	120247507	17443	10143754	861015557	2155317281	781814	1111293141	2863350	320750	2181586	177810	4527	12253092	22078	2147227	5384150	95802	166390935	39129200	15755	2035069774	1471745	5563917	323900	22704719	159849264	502558	1041444	9280	6969364	869184	700349	3806307	8380172	205196239	615759	85334	3714520	46965292	1892320	11805689	3638918	10521116	4979	2482000	832227425	549941	5476102	48156128	1195301	10784612	29723536	9793	2093919	30308500	198004977	2450322	12262882	8993985	1973130		965430	774678780	87261	44630	18676550	122591000	3186025	533162544	2620910	8919028	3534686	1750200	146201	2342242	2949204	16183	3030091	6740264	216517247	3024308	239026415	9111719	69403	283912	4238188	1603649	7561588	361365	3264	44042	4959340	5636	3175598	895224912	318186127	1732959	28481040	2255026	1749214	220668336	482774	159849264	69940	533162544	239026415	880194	4369136	29916147	5699	10487756	8092231	43943674	1174054217	2593298	186538000	8854368	87236	8756870	8070	35000	34288560	68174	3117372187	118597	1036950	5782221	17418522	3358099	4055959
1963	57002	140945536	9604487	104089175	5408320	1762621	11915	99038509	152211	21421705	2056023	21966	58138	10950000	7175811	4293550	2969841	9289770	2652908	4993623	56504402	8078145	186501	135087	3461942	8437232	98704	45340	3938913	79164235	237557	101159	245156	552966	1803063	18964000	93840016	5694247	114234	8670144	682335000	4112061	5456623	16507599	1143263	17113823	208185	229373	1481604	2728278	7701660	130860	8970	607252	9670685	74714353	97872	61739	4684483	3588287	11982118	930810837	1046697479	1085095424	137187829	691189404	5001716	29091869	277205348	1045092	31296651	1258857	23051637	366840786	260895002	4523309	444276	48877567	35391	47744	531452	53650000	3816100	7514714	22753	3750954	431757	594418	285965	8479625	97195	36400	4440264	75095	608537	942141564	3420900	2244878	176063263	4225675	4073068	10087947	1996753344	2423348992	426595648	134563454	96051424	292032194	49151	468138575		2852650	23519005	7667928	185653	2379000	51252000	1721099	984714	95900000	10377466	8627971	2413700	5823010	50791	53441	27261747	427694	209675273	2271061	1970316	1227414	1690457	95519	237499676	263557766	123153845	18093	10395040	882650423	2209805827	805373	1137056579	2898950	324100	2210919	182135	4673	12577502	22385	2188895	5525185	98222	170881281	40424065	16302	2086651982	1488737	5646605	322550	23213408	164082777	513409	1071362	9595	7109828	893423	718861	3900506	8602160	208251340	629589	88050	3823873	47973575	1950159	11965966	3666537	10729818	5226	2531800	843650775	560827	5578740	49447776	1232124	11102099	30674731	10037	2141376	30712000	202879347	2504530	12567057	9030355	2021909		993524	783736508	89737	50380	18797850	123960000	3258890	546111213	2719341	9218077	3635876	1795000	149589	2382258	3028679	16580	3110361	6787950	221937898	3072669	245034711	9300542	70112	297034	4282017	1616971	7604328	369759	3584	45176	5110467	5647	3240905	918259043	322961499	1765072	29342322	2331736	1804272	226899749	490564	164082777	71885	546111213	245034711	896804	4427131	30726841	5751	10799528	8333663	44462372	1204001559	2623766	189242000	9202246	88523	9064021	8114	39800	35249101	70159	3184063049	121764	1062737	5911135	17954564	3465907	4185877
1964	57619	144904094	9814318	106388440	5464187	1814135	12764	101729760	159692	21769453	2120135	22673	59020	11167000	7223801	4439250	3055650	9378113	2704003	5071034	58178374	8144340	193816	141528	3513441	8524224	101603	46410	4022996	81488595	239958	105922	252987	566266	1839583	19325000	94715795	5789228	115561	8842525	698355000	4273952	5578257	16955327	1174816	17637411	211644	237006	1533960	2784804	7866020	133148	9166	612521	9727804	75318337	103198	62587	4722072	3698559	12179813	953783472	1074021283	1110651177	139973968	699058435	5149918	29858922	279621056	1071287	31609195	1277086	23666548	370055037	266719458	4548543	458324	49401492	35847	49181	538657	54000000	3870300	7695739	23315	3819722	443687	588543	291942	8510429	97760	37600	4571109	77008	621764	953477851	3504600	2309855	180537667	4252876	4146244	10119835	2043309631	2481068241	437758610	138208407	98833749	299550203	49625	479229598		2866550	24262859	7929566	188983	2475000	51675350	1745568	1035640	96903000	10690309	8973535	2495300	5946178	52088	52326	27984155	473115	215558178	2322826	2030543	1258745	1753691	96505	244080552	270194662	126203534	18755	10653397	904811416	2264731089	829437	1162405292	2935200	327750	2240623	225655	4827	12898886	22686	2228000	5669863	100662	175548682	41772049	16852	2138527555	1510900	5730125	321250	23737315	168474397	521753	1100234	9925	7255061	918955	736381	3997305	8828406	211260410	644530	90602	3935814	49012016	2010176	12127120	3694339	10946392	5515	2585400	855135046	572577	5680872	50799999	1270065	11427978	31643032	10292	2188325	31139450	207958469	2554066	12889770	9035365	2073119		1022081	792735136	92823	56867	18919126	125345000	3334834	559361410	2821968	9531109	3740535	1841600	153085	2424390	3111883	16977	3192796	6832855	227579664	3129918	251292534	9487757	70865	309041	4327341	1632114	7661354	378656	3922	46322	5269087	5657	3307479	940909509	327774760	1803440	30232141	2411260	1859997	233255631	498659	168474397	73879	559361410	251292534	912963	4489869	31543072	5752	11127826	8586363	44951156	1233716139	2653180	191889000	9557611	89749	9377712	8168	40800	36201563	72219	3251253200	124894	1090270	6048006	18511361	3577017	4320006
1965	58190	149033472	10036008	108772632	5521981	1864791	13634	104494008	167103	22112629	2183635	23406	59970	11388000	7270889	4574650	3141367	9463667	2757936	5152833	59902519	8204168	200866	147952	3562834	8610000	104675	47461	4109796	83817583	242417	110838	261200	574664	1877854	19678000	95440988	5856472	116879	9012938	715185000	4442377	5704686	17427802	1207880	18169050	214967	244856	1586208	2839698	8030797	135266	9361	617736	9779358	75963695	109092	63505	4759012	3808963	12365976	977366928	1101264258	1136869154	142668572	706683416	5303963	30629174	282028347	1098335	31954292	1294566	24310612	373129199	272676376	4563732	472575	49877725	36347	50684	546308	54348050	3921600	7882606	23878	3890716	455952	575005	298238	8550333	98067	39200	4704965	78932	635128	964459737	3597900	2377157	185208644	4280923	4223820	10147935	2090209567	2539564344	449354777	141992226	101365130	307362551	50090	490140146		2877300	25036978	8202140	192286	2563000	52112350	1769192	1099440	97952000	10993183	9338078	2573300	6072289	53439	51139	28704674	521174	221535468	2376200	2088831	1291156	1804015	97493	250750949	277101968	129388226	19195	10916965	927102247	2320529383	854090	1188451832	2971450	331500	2265919	265631	4996	13239171	22941	2265287	5819116	104102	180361095	43174477	17402	2191141157	1533466	5815487	318800	24279431	173012080	526327	1131177	10264	7406421	945838	753000	4096157	9056408	214028461	660558	93159	4049695	50086764	2072681	12294732	3723168	11173411	5832	2628400	866300939	585236	5779625	52209010	1308835	11761085	32625316	10547	2235820	31444950	213246024	2594000	13219369	8998595	2125177		1051140	801451274	96017	64065	19031576	126745000	3423210	572498343	2928771	9858030	3849788	1886900	156686	2468666	3199466	17305	3277874	6876624	233447992	3189835	257806104	9670463	71680	320000	4370983	1649160	7733853	388336	4282	47500	5435267	5658	3374220	964163938	332375189	1853771	31149337	2492998	1915916	239708690	507034	173012080	75924	572498343	257806104	928425	4561385	32345220	5715	11470728	8849203	45386892	1264038910	2681169	194303000	9921681	90927	9697790	8257	43500	37129656	74358	3318997522	127978	1120168	6195593	19089380	3692086	4458462
1966	58694	153281203	10266395	111246953	5581386	1914573	14626	107403055	173976	22453893	2246159	24136	60900	11651000	7322066	4708150	3217960	9527807	2814317	5237933	61669806	8258057	207543	154874	3610562	8696496	107906	48534	4199550	86139359	244996	115874	269820	577866	1918082	20048000	96146336	5918002	118186	9181722	735400000	4617519	5837295	17931929	1242534	18702688	218663	252976	1638116	2894435	8193450	136682	9560	623390	9821040	76600311	115269	64507	4797381	3921847	12590069	1004271490	1128474732	1166223463	145371529	713443573	5463748	31406541	284299197	1124957	32283194	1308597	24952689	376058575	278749755	4580869	486487	50311637	36816	52258	554463	54648500	3966700	8074521	24444	3964155	468516	566908	304859	8613651	98121	40500	4840958	80844	648646	974216640	3629900	2446751	190048827	4310701	4302639	10178653	2139608511	2600930009	461321498	145904459	103792754	315417039	50749	500740247		2888800	25829270	8485104	195570	2629000	52519000	1791475	1178360	98851000	11288989	9717816	2655300	6201232	54425	49898	29435571	572590	227585310	2431084	2148260	1324383	1849063	98463	257488362	284221585	132707292	19610	11183928	949379894	2379893006	881870	1217220438	3008050	333895	2283217	262942	5213	13597065	23131	2301871	5974279	108507	185366083	44629106	17927	2247185714	1557349	5902204	315200	24836496	177756891	526419	1163754	10612	7562990	974157	768813	4197926	9284688	216656534	677655	95820	4165544	51188234	2137820	12456251	3753012	11408710	6043	2675900	877030636	598804	5872358	53678667	1348388	12101297	33617170	10805	2285774	31681000	218721527	2624995	13569094	8930990	2177584		1079689	809623605	99320	72192	19215450	127468000	3521626	585381018	3039887	10197578	3964299	1934400	160393	2514638	3290961	17523	3365106	6927969	239526768	3236423	264528156	9846482	72576	331135	4411666	1669905	7807797	398766	4664	48699	5609047	5654	3440903	990719244	336304737	1918513	32086071	2577184	1971737	246239963	515696	177756891	78002	585381018	264528156	942937	4652287	33177672	5686	11827459	9122864	45802519	1297805820	2707646	196560000	10289294	92052	10024854	8413	46200	38024836	76590	3389087189	131073	1152586	6351494	19690087	3812003	4601217
1967	58990	157704381	10505959	113795019	5641807	1965598	15837	110491709	179700	22799059	2307492	24863	61837	11799000	7376998	4832000	3300690	9580991	2872997	5326348	63510929	8310226	214189	162267	3656223	8785648	111272	49514	4292572	88446124	247091	121017	278852	580933	1960444	20412000	97043270	5991785	119505	9348939	754550000	4799744	5977318	18462782	1278691	19235618	223859	261404	1689523	2948759	8352625	138140	9769	629251	9852899	76951336	121649	65585	4835354	4038928	12876118	1030471073	1156817324	1194633135	148087983	720146318	5629057	32196360	286298506	1152339	32682947	1318946	25620276	378902917	284996969	4605744	498873	50722791	37202	53846	563108	54943600	4005800	8271913	25015	4040153	481588	569011	311805	8684088	98066	41900	4978862	82719	662311	983598764	3722800	2518648	195111370	4338683	4382999	10216604	2188950141	2662674586	473724445	149923848	106526393	323800597	51741	511606372		2902450	26628432	8778869	198751	2745000	52900500	1812865	1271183	99879000	11584428	10111057	2736500	6332944	54996	48605	30130983	628089	233696754	2487715	2206731	1358435	1898199	99504	264279682	291642814	136209201	20175	11457328	972239035	2439437803	913982	1245130293	3044400	334995	2301220	260423	5472	13968175	23230	2337695	6136486	112528	190664582	46129608	18655	2303228602	1582492	5990906	311550	25406429	182734055	522796	1196996	10749	7724550	1003843	783917	4303012	9507099	219173514	696045	98587	4283590	52293065	2205567	12598201	3784539	11652716	6135	2724100	887553832	613318	5959394	55214768	1388628	12448814	34621320	10988	2337532	31987155	224392810	2645674	13958350	8874520	2229994		1105889	817437528	102754	81439	19534242	128196000	3629577	598618725	3157242	10550597	4083870	1977600	164245	2562384	3385184	17688	3454537	6966522	245829213	3277648	271499400	10014042	73596	342679	4449367	1689528	7867931	409031	5071	49911	5790198	5657	3508512	1016529846	340454289	1995890	33037801	2664130	2027403	252838271	524648	182734055	79814	598618725	271499400	956418	4760970	34050421	5652	12200109	9408924	46215988	1330989567	2732277	198712000	10659180	93124	10358513	8646	49100	38895080	78921	3459015356	133764	1187667	6516444	20314066	3936343	4748307
1968	59069	162329396	10756922	116444636	5702699	2022272	17176	113712171	199416	23150583	2367319	25614	62809	12009000	7415403	4948500	3380387	9618756	2934257	5418644	65408276	8369603	219337	170089	3698794	8874552	114713	50404	4388944	90741240	248540	126222	288311	583966	2005100	20744000	97884022	6067714	120793	9514716	774510000	4990021	6125863	19012189	1316519	19766796	230244	270164	1739731	3002786	8509522	140298	9971	635157	9876346	77294314	128250	66732	4864883	4157189	13172614	1057697808	1185936827	1224397449	150777578	726634174	5799680	32998319	288206171	1181737	33113134	1331214	26337930	381579577	291464978	4626469	510002	51112980	37560	55457	572257	55211700	4042300	8475729	25578	4118550	495269	578170	318849	8740765	98078	43400	5118111	84563	676160	992893702	3802700	2593057	200419142	4365628	4465328	10255815	2239610101	2726203260	486593159	154080039	109450006	332513120	52891	522716889		2915550	27437391	9085016	201488	2803000	53235750	1833765	1372460	101011000	11879182	10518823	2818300	6467324	55529	47245	30838302	687716	239864448	2546377	2266368	1393530	1952781	100675	271127278	299374569	139862334	20835	11736088	995662056	2500774399	948105	1273820149	3078850	335850	2323619	257933	5693	14347899	23437	2373073	6306493	116075	196098319	47668303	19862	2360912065	1608930	6082979	307900	25989662	187877692	517481	1229930	10468	7892613	1034739	798413	4411054	9725281	221500404	715542	101441	4403637	53432783	2275836	12729721	3816486	11906266	6328	2748100	897869478	628798	6047701	56810507	1429447	12803993	35638342	11080	2390803	32294655	230300956	2662064	14365596	8836650	2282391		1130851	825029113	106353	91749	19799831	128928000	3744010	612171905	3282711	10917999	4207587	2012000	168282	2611532	3480773	17861	3546590	7007586	252384968	3321528	278774032	10181338	74765	354616	4483915	1704546	7912273	419147	5500	51134	5978742	5656	3578231	1043349620	344535295	2080226	34002560	2753848	2083069	259494716	533875	187877692	81353	612171905	278774032	969006	4879899	34921684	5624	12602076	9708632	46614325	1365250009	2754606	200706000	11032155	94123	10697530	9000	55700	39734609	81314	3530703561	136020	1214208	6690524	20957287	4065593	4900440
1969	59052	167088245	11017409	119203521	5763685	2081695	18555	117053219	239660	23508711	2424030	26375	63819	12263000	7441055	5063300	3454590	9646032	2998222	5513177	67294133	8434172	222469	177981	3737765	8960304	118040	51306	4488232	93045777	249444	131446	298214	587066	2051515	21028000	98606630	6136387	122039	9680282	796025000	5192221	6283462	19570445	1356182	20291942	237001	279248	1789276	3055925	8666640	142581	10165	641189	9896580	77909682	136078	67934	4891860	4277035	13475960	1086662478	1215536741	1256167955	153462746	733044421	5975236	33811615	290179378	1212005	33441054	1345249	27072571	384226226	298094137	4623785	520797	51536014	37907	57145	583276	55441750	4080300	8690383	26120	4198300	509440	581610	322517	8772764	98204	44900	5257081	86404	690223	1002359669	3863900	2670289	205895893	4391490	4549334	10298723	2292098651	2791883177	499784526	158393968	112517639	341390558	54074	533880544		2932650	28273482	9403356	203369	2877000	53537950	1855127	1473100	102219000	12156212	10939695	2894800	6604725	56360	45731	31544266	749452	246093261	2606959	2328159	1429605	2014293	101879	278039112	307260565	143593621	21084	12013858	1019411884	2564343032	983202	1304068257	3107321	337500	2343173	255306	5868	14734255	23831	2408469	6484716	119564	201742643	49233194	21305	2420749411	1636345	6177704	304300	26585112	193184368	513340	1262284	9989	8066951	1066754	812405	4521184	9947597	223756306	736120	104849	4525725	54631914	2348398	12877984	3847707	12167036	6581	2772800	908238681	645255	6141108	58460939	1470886	13166767	36660799	11159	2446927	32548300	236419165	2684150	14767615	8757705	2334992		1156327	832633761	110111	103025	20009141	129664000	3861271	625773349	3417114	11298936	4334974	2042500	172476	2661365	3576485	18026	3641015	7123249	259166830	3365533	286291766	10353360	76083	366906	4518607	1713874	7968072	429875	5948	52365	6175166	5652	3651113	1071912603	348509849	2164814	34973782	2845273	2139024	266211242	543356	193184368	82885	625773349	286291766	980706	5004697	35787774	5631	13036700	10014858	46976256	1401337527	2773974	202677000	11403150	95058	11040280	9533	60300	40582096	83755	3604815552	138233	1231460	6875859	21614676	4197116	5058181
1970	58950	171984985	11290128	122086536	5852788	2135479	19977	120469263	286536	23878327	2475633	27026	64528	12507000	7467086	5172050	3530432	9655549	3065057	5610304	69058894	8489574	224809	184982	3773247	9040000	120736	52124	4590010	95375651	249387	135138	308528	590334	2097505	21324000	99134548	6180877	123288	9845344	818315000	5411567	6449793	20137436	1397638	20811782	244185	287885	1838949	3104308	8824382	144739	10517	647446	9858071	78169289	145175	68908	4928757	4399290	13783719	1116395242	1245960808	1288721548	155918823	738724073	6155387	34623990	291834356	1243453	33814531	1360076	27829128	386406167	304858040	4606307	531188	52007169	38269	58922	595846	55663250	4119900	8925813	26634	4277535	524105	584403	320803	8792806	98414	46400	5396966	88365	702705	1011801481	3959000	2750715	211549510	4412252	4635124	10337910	2346056161	2859123476	513067315	162852517	115657495	350214798	55300	545864268		2957250	29145100	9735611	204438	2974000	53821850	1878196	1565163	103403000	12419057	11368791	2959900	6639182	57510	44606	32240827	809114	252358538	2669702	2386114	1466676	2082589	103165	284995920	315102512	147417297	21140	12287110	1043977970	2629570646	1019273	1334963829	3139689	339171	2359164	257396	6047	15129449	24229	2437590	6672003	123219	207569650	50814953	22530	2482153349	1664208	6276472	302650	27193016	198631041	512407	1295272	10170	8250506	1099806	826000	4633944	10178802	226428124	757868	109338	4650275	55893838	2423065	13038526	3875763	12436190	6710	2810700	918489195	662680	6240826	60166719	1513070	13501237	37622204	11368	2505628	32664300	242769169	2718000	15172775	8680431	2388028		1181537	840190480	114010	116350	20250398	130404000	3980669	640078209	3562470	11695771	4466328	2074507	176579	2712286	3668796	18168	3738448	7164993	266188793	3409614	294071521	10526671	77626	379442	4538223	1724891	8042801	441216	6414	53600	6380609	5667	3727828	1101240545	352139347	2244773	35954408	2936779	2195616	272962813	553069	198631041	84401	640078209	294071521	991471	5131396	36638465	5663	13492677	10321603	47261306	1438175379	2790807	205052000	11762638	95964	11387790	9933	63476	41475230	86266	3680589045	140400	1249555	7065279	22279984	4321718	5215918
1971	58781	177022314	11567667	125072948	5991102	2187853	21442	123950810	335027	24257208	2525345	27533	64729	12937000	7500482	5282950	3617289	9673162	3134767	5707999	70276758	8536395	230733	190857	3809376	9115576	122805	52607	4694342	97739273	249168	137921	319211	600481	2141450	21962032	99635258	6213399	124555	10009701	841105000	5650868	6624408	20695569	1441039	21319096	251865	294046	1888539	3148560	8979085	147389	11098	654050	9826815	78312842	155136	69532	4963126	4524234	14098936	1146649477	1276141826	1322856516	158428591	744432963	6340052	35433368	293516097	1276154	34224490	1376955	28600106	388553371	311844505	4612124	541121	52499553	38703	60636	608348	55896223	4163000	9176264	27020	4355200	539388	586221	315940	8831036	98648	47200	5538355	90466	712662	1022885127	4045300	2834616	217344674	4431275	4723244	10367537	2401008150	2926951963	525943813	167356115	118833702	358587698	56427	558096387		2992050	30029071	10077809	206098	3069000	54073490	1903728	1645145	105697000	12684813	11788904	3022300	6620880	58652	44206	32882704	865076	258688096	2734628	2446314	1504077	2153534	104564	292033454	322517398	151313255	21600	12551910	1068357281	2695387305	1056246	1366487769	3179041	342421	2376389	247400	6228	15527225	24576	2460611	6868868	127035	213438350	52412558	23366	2544074050	1691216	6377944	302700	27807219	204099318	515449	1330071	11271	8456317	1133702	839230	4751434	10423453	229675639	780584	114514	4776225	57214684	2499825	13194497	3903039	12710061	6762	2853000	930596384	681119	6348289	61847899	1556081	13838067	38518659	11759	2566421	32783500	249344292	2762190	15572457	8643756	2442537		1205879	849553629	117945	131346	20461567	131155000	4100044	654081362	3724031	12105539	4601864	2112900	180637	2763222	3757523	18419	3837691	7211716	273440461	3468646	302095262	10702728	79330	391932	4557449	1738335	8098334	453183	6888	54695	6598094	5754	3807316	1131095541	355796328	2317976	36937387	3028837	2253119	279784152	562966	204099318	85896	654081362	302095262	1002585	5261658	37518611	5685	13971451	10618206	47573287	1475716769	2806462	207661000	12111511	96872	11741008	10095	70937	42449276	88862	3758613546	142503	1273021	7257462	22942143	4442525	5374712
1972	58047	182126556	11853696	128176494	6174262	2243126	22957	127535560	385014	24644328	2577079	27995	64615	13177000	7544201	5391450	3617128	9711115	3207543	5807234	71641519	8576200	242113	196055	3848271	9188968	124676	52803	4800978	100146797	249658	142189	330264	622407	2183769	22218463	100357161	6260956	125764	10174678	862030000	5909716	6806872	21251160	1486468	21819563	260077	297386	1938248	3185617	9123891	147710	11764	661063	9867632	78688452	166256	70060	4991596	4651883	14427072	1175176176	1307009646	1354228289	161049046	750728655	6529034	36258328	295527442	1309235	34604469	1392518	29374608	391197266	319025117	4639657	550499	52962356	39172	62278	620960	56086065	4205300	9438187	27290	4431292	555370	586620	309468	8888628	98777	48300	5682833	92619	721617	1032671994	4123600	2922064	223189830	4450564	4813868	10398489	2454764228	2994028911	539264683	172011394	122039841	367253289	57367	570482142		3036850	30921179	10430164	209137	3148000	54381345	1931542	1714555	107188000	12951798	12206060	3088200	6673886	59778	44033	33505406	920352	265122103	2801660	2509729	1542670	2226091	106002	299187510	330244369	155206976	22132	12809205	1093403193	2760300540	1094063	1396407513	3213622	346600	2395674	245050	6409	15924692	24862	2484742	7074398	130968	219448355	54030168	23992	2605093564	1717395	6483726	302450	28428324	209697605	521785	1366821	12636	8692935	1168355	852053	4874475	10676835	232167266	804399	119931	4904845	58601748	2573578	13328593	3933004	12989099	6812	2903900	941467841	700593	6460753	63583194	1599723	14210147	39408560	12194	2628432	33055650	256080715	2817256	15975069	8630430	2499881		1229695	857513072	121886	146506	20657957	131909000	4220335	668383197	3905722	12527856	4741631	2152400	184994	2814388	3846830	18787	3939436	7252012	280872413	3542497	310303050	10876065	81041	397413	4596622	1752233	8122300	465788	7380	56029	6826024	5915	3893252	1159220113	359698417	2384994	37933929	3123691	2311430	286726529	572962	209697605	87356	668383197	310303050	1014921	5396557	38430221	5692	14479308	10885796	47946893	1511690371	2821644	209896000	12465106	97790	12099180	10235	76319	43429168	91562	3834446322	144538	1301579	7460068	23609456	4569309	5542445
1973	58299	187524135	12157999	131449942	6388528	2296752	24523	131335660	436399	25046005	2630860	28436	64342	13380000	7586115	5493900	3611991	9741720	3283496	5911927	73722294	8620967	255320	200791	3887376	9257272	126445	52946	4910200	102600976	250322	147369	341705	652408	2226008	22491777	101112680	6307347	126873	10340362	881940000	6184944	6996660	21827665	1533680	22325374	268820	299881	1988343	3215024	9255328	146912	12438	665937	9922266	78936666	178449	70585	5021861	4782227	14771147	1202715705	1339671375	1384605041	163601189	756775460	6722033	37102043	297413652	1342669	34988947	1405951	30166785	393739994	326527998	4666081	559222	53392161	39636	63986	633995	56194527	4242500	9714617	27537	4506324	571991	592808	302281	8929086	98709	49000	5831631	94781	730138	1042151537	4241600	3011459	229341403	4470161	4906743	10432055	2508370507	3062266606	553896099	176954946	125288515	376941153	58256	583465598		3085950	31839838	10795869	212317	3278000	54751406	1961219	1778094	108707000	13208121	12634835	3153800	6739726	60824	43880	34103149	977654	271649494	2870573	2572935	1583588	2314193	107498	306451409	339000836	159304515	22785	13060916	1120170342	2826286599	1132697	1425381475	3244438	350450	2415819	242800	6596	16326269	25072	2510584	7288048	134952	225808044	55667284	24581	2666982084	1743816	6597106	302200	29026388	215569107	530220	1405502	13880	8954242	1203838	864819	5003938	10935621	234453723	828928	125585	5037865	60082139	2649278	13439322	3960612	13275239	6866	2961300	952000973	721179	6573195	65461912	1643690	14582867	40294130	12552	2690629	33357200	263238228	2878786	16350367	8633100	2561102		1253169	865015884	125897	161841	20835681	132669000	4345047	684000704	4106344	13049315	4885181	2193000	189774	2866955	3938068	18992	4045592	7283902	288750400	3627383	318974077	11041388	82798	395772	4641445	1766697	8136312	479038	7917	56892	7060321	6090	3985909	1186384756	363554198	2448749	38947787	3222290	2370919	293783764	582855	215569107	88805	684000704	318974077	1027851	5537242	39329533	5681	15010101	11144236	48277121	1546811742	2837133	211909000	12831047	98691	12463537	10367	84121	44409861	94362	3911068458	146516	1331176	7672796	24294263	4702693	5720404
1974	58349	193186642	12469127	134911581	6613367	2350124	26130	135282861	489087	25461351	2686445	28875	64058	13723000	7599038	5594100	3703590	9772419	3362633	6024904	75839348	8678745	269038	205342	3926472	9317584	128185	53056	5022475	105089675	250777	152656	353538	685448	2269338	22807969	101939916	6341405	127893	10505817	900350000	6474057	7193583	22418878	1582301	22833469	278075	302570	2039643	3242803	9374183	148351	13114	663254	9988459	78967433	192613	71091	5045297	4914197	15133502	1228688547	1373219822	1413496627	166121814	762546552	6918573	37969667	299065145	1375688	35373335	1418169	30957273	396124649	334361510	4690574	567489	53746571	40106	65749	647691	56229974	4279500	10000523	27755	4580510	589085	613338	294953	8962022	98486	49500	5981197	96939	738057	1051440406	4377800	3099836	235791936	4490660	5001796	10478720	2561343989	3130418531	569074542	182138604	128555045	386935938	59139	597041391		3137500	32796463	11167761	215209	3377000	55110868	1990906	1839182	110162000	13454570	13070078	3223900	6783240	61219	43738	34692266	1038346	278251796	2939761	2635185	1626362	2432211	109076	313798324	348044659	163605392	23451	13305693	1147885460	2892061210	1172420	1452919554	3273894	355050	2437186	240550	6801	16733842	25235	2538164	7509726	138978	232392106	57320149	25296	2728455818	1770545	6715436	301996	29598167	221668657	538902	1446050	14655	9236093	1240188	878042	5141337	11200906	236715025	854320	131452	5174953	61679144	2732075	13545056	3985258	13568435	6923	3023700	962281658	746988	6679456	67415487	1687926	14956552	41174341	12687	2752671	33678899	270820390	2939299	16673121	8754365	2625621		1277600	872247955	129960	177362	21029429	133432000	4474228	700247383	4323632	13580723	5029437	2229800	195041	2920459	4029671	19030	4151842	7326043	297083013	3723259	328098223	11199859	84672	393676	4689623	1776132	8159955	492988	8492	57937	7302160	6273	4078356	1212035036	367431547	2511760	39952891	3324499	2432028	300937685	590827	221668657	90683	700247383	328098223	1040761	5684674	40210234	5822	15561630	11424846	48576570	1580570358	2853944	213854000	13209011	99556	12835351	10494	89941	45413537	97260	3987294240	149431	1363123	7896783	24989108	4842746	5908328
1975	58295	198914573	12773954	138569918	6842947	2404831	27773	139495837	542856	25874107	2743660	29390	63839	13893000	7578903	5689050	3796612	9800700	3445407	6147569	77854351	8720742	283243	209886	3965743	9367000	130387	53129	5137539	107619565	251175	158070	365791	720380	2313916	23143275	102860571	6338632	128781	10671559	916395000	6776297	7397120	23021101	1627032	23344644	287692	305847	2092719	3269733	9479726	149129	13788	659405	10058620	78673554	209908	71570	5059862	5046776	15678596	1252174248	1407636737	1439634332	168594458	768080678	7118251	38875327	300516726	1408210	35757900	1429352	31723252	398397694	342377291	4711440	575906	54002853	40568	67428	662197	56225800	4311200	10294308	27951	4653876	606821	650966	287901	9046541	98126	49600	6128731	99057	745393	1060472674	4461600	3193234	242344150	4512082	5099086	10540525	2613194091	3197494325	584300234	187586058	131843848	396714176	59959	611309535		3189550	33802973	11543639	217979	3455000	55441001	2018981	1899055	111573000	13700843	13511671	3292400	6581371	60987	43606	35280725	1104863	284908402	3005521	2693191	1670913	2571556	110725	321203546	356845675	167964187	23846	13548984	1176467266	2956658953	1213643	1478265786	3301652	358950	2456130	238200	7038	17150786	25500	2566998	7739336	143158	239405806	58982400	26154	2788694766	1797972	6837261	304222	30176565	228187384	546487	1488296	15065	9540817	1277330	892000	5287367	11471914	239169404	881032	137462	5317019	63410815	2816943	13666335	4007313	13870695	6987	3083100	972242932	778864	6790788	69461175	1732389	15333957	42120826	12655	2814820	34015199	278656584	2994000	16971055	9093470	2691648		1303608	879088327	134045	193087	21293583	134200000	4607728	717092514	4556287	14064798	5170810	2262600	200744	2974657	4120449	19046	4257535	7368717	305701947	3821494	337484491	11364129	86708	391170	4739105	1793581	8192437	507673	9094	59292	7554364	6463	4167234	1235222835	371336064	2574622	40940005	3430425	2494570	308171037	598158	228187384	93017	717092514	337484491	1053469	5839262	41053126	6117	16138361	11725240	48865229	1612227500	2872320	215973000	13598521	100387	13215892	10606	94484	46482903	100269	4062070771	153344	1397686	8133598	25690940	4990086	6098658
1976	58368	204802976	13059851	142337272	7074664	2458526	29436	144014135	615866	26282283	2818165	29959	63762	14033000	7565525	5781000	3882626	9818227	3532196	6280635	79855318	8758599	297863	214501	4004552	9411000	133099	53210	5256496	110213349	251442	163607	378490	758508	2348566	23449808	103776068	6302504	129391	10838251	930685000	7057958	7597962	23624031	1667225	23858810	297538	309455	2147774	3296410	9571242	149399	14454	662032	10125939	78336950	230737	72017	5072596	5180404	16409170	1273922384	1442753987	1463747757	171119860	773619713	7320912	39795557	301804324	1443807	36137812	1439576	32534418	400490355	350583131	4725664	585534	54232383	41020	69049	677628	56211968	4342400	10594913	28134	4727022	625667	694191	281031	9188150	97632	49700	6262404	101166	752253	1069129380	4518000	3294457	249034009	4535934	5198357	10598677	2664387118	3264075702	599688584	193252681	135173655	406435903	60750	625861883		3238050	34837271	11927651	220154	3533000	55718260	2045578	1958177	112775000	13998738	13957623	3358700	6134991	60661	43482	35848523	1178711	291624269	3064876	2726469	1717060	2721237	112425	328673285	365558134	172393281	24058	13796770	1205621573	3020488457	1253214	1502269051	3328664	360731	2470989	235600	7303	17574182	25895	2596491	7976831	147525	246821883	60645512	27021	2848095176	1825830	6960979	305774	30758811	235058983	552562	1531945	15438	9867209	1315336	906507	5443384	11750097	241538018	906566	142091	5464962	65258009	2903851	13774037	4026152	14177649	7064	3110500	981612322	814701	6913443	71620254	1776935	15716809	43201488	12598	2877327	34356300	286692896	3043854	17243450	9355810	2758836		1331351	885244462	138114	209052	21551634	135147000	4745954	734217635	4807933	14569716	5308564	2293300	207194	3028820	4210310	19110	4365812	7418973	314545326	3921910	347140248	11541204	88922	388289	4789507	1820249	8222286	523330	9716	60504	7817320	6660	4251297	1256698596	375469327	2637796	41896504	3540076	2558521	315490913	607620	235058983	95325	734217635	347140248	1066311	5996994	41899984	6404	16736211	12037294	49120842	1642473603	2891392	218035000	13998620	101197	13606284	10709	96166	47684931	103388	4135758539	157113	1434880	8384113	26395450	5143842	6287105
1977	58580	210680842	13340756	146258576	7317829	2513546	31097	148599336	710209	26701805	2912827	30521	63862	14192000	7568430	5876150	3983582	9830358	3623202	6428734	81867264	8804183	312823	219157	4042124	9463000	135887	53322	5379166	112875292	251626	169277	391639	799574	2372930	23725843	104616884	6281174	129726	11005519	943455000	7321950	7796501	24229061	1707568	24393494	307579	312834	2205025	3322722	9648440	149459	15105	667101	10186755	78159814	254613	72406	5088419	5315443	17015994	1294303118	1478479688	1486397441	173726978	779117798	7526819	40748870	303021757	1482565	36511638	1450211	33167272	402445831	358846637	4738902	597805	54486467	41468	70753	693984	56193492	4372100	10911871	28300	4801128	645770	741789	276779	9308479	97017	49400	6401515	103298	758654	1077728159	4583700	3398655	255707170	4559571	5299476	10648031	2714845767	3330218383	615372616	199165729	138533541	416206887	61566	640801103		3282200	35933181	12331046	221799	3613000	55955411	2070657	2019002	113872000	14353265	14428819	3423900	5668551	60267	43358	36411795	1258023	298457236	3118923	2762155	1766019	2881533	114135	336262441	374293198	176957140	24442	14049371	1235700491	3084056561	1289967	1524947137	3355036	361358	2485073	232950	7569	18014756	26273	2626298	8222240	151930	254463059	62308493	27906	2907099421	1853138	7090979	306970	31355966	242098387	557576	1576245	15787	10224975	1353768	921379	5614983	12035713	244018165	931104	144599	5619716	67234590	2992534	13856185	4043205	14499175	7163	3120200	990951247	855314	7044675	73901827	1821543	16109806	44367962	12525	2940327	34689050	295051411	3088690	17492798	9455675	2827874		1360619	891301791	142313	225285	21756096	136100000	4888240	751760482	5083048	15086614	5439549	2325300	214418	3085354	4301256	20017	4484050	7462783	323710360	4024032	356939418	11728016	91301	385067	4840501	1842377	8251540	540348	10364	61786	8090501	6864	4331667	1276830008	379635878	2701894	42843974	3653265	2623948	322954210	618315	242098387	96725	751760482	356939418	1079554	6155931	42773298	6686	17352929	12359669	49336481	1671398930	2909461	220239000	14408822	101999	14006812	10800	93203	48954872	106618	4208958804	159753	1474457	8648222	27118952	5302480	6449512
1978	58776	217074286	13611441	150402616	7576734	2566266	32735	153568663	809274	27132158	3012807	31076	64038	14358000	7562305	5976150	4100338	9839534	3718305	6590984	83889655	8814032	328046	223761	4078240	9525000	138713	53431	5504123	115600942	251551	174884	405243	849239	2397961	23963203	105329397	6281738	129981	11172695	956165000	7603130	8011921	24992689	1748089	24950337	317688	316147	2264510	3348386	9711980	148341	15727	672249	10242098	78091820	280031	72724	5104248	5451882	17506974	1314775496	1514572817	1509073118	176315643	784556247	7736167	41761431	304275086	1522378	36864898	1460188	33734592	404312949	367727720	4752528	612091	54734030	41968	72754	711245	56196504	4397700	11248450	28446	4877854	667103	791694	276531	9429959	96305	49200	6561534	105424	764586	1086358633	4667500	3505463	262985512	4581085	5402580	10684822	2765565797	3397524507	631958710	205318127	141953163	426640583	62398	655728229		3329100	37126535	12753355	223537	3690000	56155143	2094836	2083595	114913000	14711497	14934126	3487100	5211653	59864	43217	36969185	1340319	305428657	3171740	2822682	1818247	3052526	115834	344000129	383667234	182134871	25028	14310128	1266293483	3148921134	1327240	1547677040	3379514	362007	2497921	232400	7822	18477385	26605	2656211	8475864	156159	262393904	63979046	28809	2966786263	1879847	7229651	310182	31972976	249392069	562065	1619468	16130	10618250	1392713	933499	5810132	12328157	246601634	947269	146392	5782932	69326532	3080314	13941700	4058671	14839695	7298	3121200	1000355869	900304	7176063	76307379	1866311	16516059	45575281	12440	3003714	34965600	304240149	3129421	17735995	9558250	2899269		1390784	897398355	146821	241808	21951464	137060000	5035171	769329109	5381902	15695003	5568096	2353600	222029	3145517	4394114	21026	4814892	7504017	333680160	4127657	367476902	11915233	93794	381502	4890125	1862548	8275599	558446	11039	62150	8372759	7083	4411366	1297059239	383687824	2768148	43788976	3768508	2691088	330579364	628775	249392069	97204	769329109	367476902	1093380	6309390	43645306	6957	17976566	12692113	49521243	1700492780	2925715	222585000	14816349	102775	14416684	10886	95929	50249552	109963	4283431043	161375	1516249	8926586	27869507	5465374	6543575
1979	59191	223974122	13655567	154721711	7847207	2617832	34306	159054118	912010	27568895	3078501	31611	64274	14514000	7549425	6071300	4203530	9848382	3818528	6763903	85935072	8825940	343457	228230	4113300	9584000	141678	53517	5630849	118380821	251269	180422	419200	901742	2423794	24201544	105948616	6294365	130220	11339779	969005000	7902267	8239641	25886782	1788524	25515626	327791	319480	2326490	3373242	9763355	147851	16351	677549	10292341	78126350	304513	72959	5116801	5589690	18036655	1335637622	1552194676	1532261700	178774505	789862141	7948869	42818628	305541545	1563332	37191330	1468333	34238652	406112162	376996705	4764690	626862	54979851	42521	75054	729375	56246951	4430200	11597255	28575	4959283	689781	819867	279846	9548258	95490	49600	6727797	107636	770062	1095282220	4929700	3614981	270569759	4594778	5507590	10704152	2816995104	3466649271	649654167	211887858	145434834	437766309	63239	671155747		3373750	38424952	13170365	225735	3786000	56317749	2119486	2153882	115890000	14978696	15460666	3552000	5088808	60172	43033	37534236	1423514	312477579	3228202	2882635	1872713	3233846	117528	351820083	393715341	187656318	25575	14579614	1298149128	3215700977	1366169	1570272872	3397842	362856	2505953	235200	8063	18955589	26892	2683035	8737581	160360	270666000	65648865	29738	3028044659	1906523	7375266	313342	32596550	256976193	566888	1660659	16488	11028809	1432758	949888	6028749	12627862	249310061	962825	148132	5955556	71498242	3164525	14038270	4072517	15190590	7468	3109000	1009880602	949116	7309677	78997039	1911552	16933139	46807103	12337	3067341	35247217	313887702	3168088	17983470	9661265	2973968		1422234	903773491	151569	258670	22090488	138027000	5189541	787440583	5703698	16355352	5702895	2383500	229953	3207499	4480388	21320	5449117	7541997	344394495	4232605	378695833	12105153	96252	377602	4938973	1882599	8293678	577199	11723	62686	8661909	7306	4505384	1317673957	387559928	2839854	44718434	3882691	2760358	338302777	638719	256976193	97544	787440583	378695833	1107639	6456419	44510429	7184	18592038	13002163	49721381	1729895531	2939903	225055000	15215587	103478	14834552	10965	96183	51378211	113040	4360056401	162882	1559787	9224194	28634162	5631728	6647556
1980	59909	230792729	13169311	159166518	8133872	2671997	35782	164657321	1015700	28011596	3107415	32403	64513	14692000	7549433	6160500	4383706	9859242	3925251	6947900	88016432	8861535	358978	232526	4148426	9643000	145062	53673	5758900	121207461	251524	186111	433404	937485	2450535	24515667	106541316	6319408	130462	11508550	981235000	8220714	8512219	26711099	1828985	26104498	337721	323301	2390633	3399087	9804796	148041	17079	683076	10304193	78288576	325815	73083	5123027	5729037	18607174	1356226475	1591961664	1555055871	181309432	795362835	8165877	43950413	306894340	1605797	37491165	1477219	34428514	407986180	385675261	4779535	641975	55274184	43072	77407	748389	56314216	4467700	11941448	28675	5047419	713913	829303	288644	9642505	94538	50200	6900212	110141	774367	1104005914	5063100	3727173	277128014	4599782	5614493	10711122	2869277824	3536954994	667677170	219552133	148950540	448125037	64076	687354025		3412800	39842324	13591992	228138	3878000	56433883	2145658	2234186	116807000	15152949	16018459	3617400	5199872	61148	42850	38123775	1504782	319588567	3292573	2944763	1929253	3424378	119290	359713036	403007563	192424417	25512	14847974	1332297507	3283910246	1406521	1592439385	3413202	364150	2511701	239650	8288	19459943	27122	2708675	9006032	164835	279347788	67300334	30774	3091485829	1933038	7530515	316645	33227204	264948525	572608	1701335	17625	11336221	1474043	966039	6265529	12983363	251794340	981434	149817	6135971	73764641	3252403	14149800	4085620	15553105	7649	3112900	1019332414	1001248	7444817	82291010	1957534	17360949	48043740	12271	3131512	35574150	322965422	3206000	18236786	9766312	3053235		1454476	909919829	156471	275913	22207282	139010000	5353259	806369775	6047997	17058905	5845638	2413945	238135	3272089	4540382	21585	5936154	7709544	355467472	4339030	389959247	12298380	98544	375377	4979815	1901315	8310531	596644	12410	63261	8957663	7564	4515453	1338009609	391562181	2920894	45650022	3995256	2832203	346105657	649871	264948525	97769	806369775	389959247	1121744	6606195	45408815	7366	19189769	13275741	49955152	1759188322	2951953	227225000	15619936	104213	15258218	11130	99636	52490101	115660	4437602892	164322	1604818	9543358	29518857	5802833	7041303
1981	60563	238043099	11937581	163762473	8435607	2726056	37169	170015485	1099855	28463959	3135349	33584	64665	14923260	7568710	6257750	4566014	9858982	4038307	7140271	90303105	8891117	373524	236614	4184217	9710000	148786	53997	5888109	124063109	252270	191977	447836	969996	2478402	24819915	107129392	6354074	131078	11678717	993885000	8556596	8816377	27500515	1869759	26713267	347382	327846	2456637	3425354	9849320	148629	17905	688893	10300591	78407907	343047	72986	5121572	5868453	19220704	1377473854	1634107159	1578588756	183746315	800542417	8386910	45147224	308127421	1649939	37758631	1487666	35304012	409724709	393958598	4799964	657471	55603353	43626	79794	768385	56333829	4504500	12281712	28740	5143288	739125	842432	303252	9729350	94052	51000	7075648	112902	776453	1112639701	5183400	3841778	283255371	4611509	5723725	10711848	2923255528	3609089669	685834141	227625217	152485035	458208924	64596	703696250		3453000	41989312	14006381	230755	3956000	56501675	2173818	2325517	117661000	15323082	16601507	3685800	5284495	62121	42698	38723248	1583426	326710408	3366631	3008981	1986867	3621486	121166	367619244	412046787	196030673	25673	15099414	1367489973	3353295180	1448069	1615106897	3432947	365225	2519421	244800	8498	19985401	27293	2735987	9279011	169532	288391729	68892108	32017	3157264507	1959065	7692766	318982	33858783	273288518	579445	1742857	19826	11568127	1516877	980462	6516454	13399203	254339912	992500	151441	6322006	76068103	3345674	14247208	4099702	15922423	7839	3124900	1028615740	1057320	7577614	85802049	2004418	17798805	49311727	12402	3197019	35898587	330988678	3242552	18501295	9851362	3137604		1487561	916024683	161506	293553	22353070	139941000	5527230	825638560	6420551	17780572	5997160	2532835	246555	3338940	4570599	21840	5982849	7736787	366437525	4447272	401805572	12490529	100615	375459	5016105	1906531	8320503	616808	13302	64035	9260189	7908	4520959	1358992800	395441598	3013043	46575855	4109022	2907187	353922621	660493	273288518	97909	825638560	401805572	1135132	6758284	46321190	7526	19784703	13556452	50189281	1789774534	2963246	229466000	16035032	105073	15687297	11479	99853	53738141	118249	4516926190	165678	1646565	9882362	30541044	5983289	7498635
1982	61276	245822010	10991378	168585118	8751648	2784278	38764	175370356	1166370	28924262	3163144	34909	64785	15184247	7574140	6357550	4681390	9856303	4156596	7340197	92814507	8917457	386983	240614	4221100	9776000	152548	54387	6018088	126923155	253095	198165	462485	1009269	2507375	25116942	107730380	6391309	132172	11850214	1008630000	8907936	9028678	28338190	1910430	27338331	357139	332724	2524806	3450895	9912681	150101	18750	696497	10314826	78333366	356880	72688	5117810	6007114	19872348	1401081634	1677532811	1604460320	186272610	805247476	8611298	46407611	308901125	1695461	37986012	1498414	36701290	410988238	402886924	4826933	673414	55806789	44171	82219	789286	56313641	4542800	12643819	28765	5247672	765753	855891	322216	9789513	94383	51500	7240241	115711	776712	1120660141	5264500	3958728	290471550	4634234	5835937	10705535	2980033813	3685043956	705010143	235282858	156052152	469727285	64686	720313473		3485800	44272141	14406083	233860	4031000	56543548	2203889	2426927	118480000	15492595	17206175	3759300	5436432	63134	42532	39326352	1662480	333866128	3450026	3054931	2045073	3724765	123087	375568417	422560922	200239487	26255	15286567	1403093561	3426055936	1490732	1639793804	3457179	365525	2531080	254650	9494	20520318	27561	2763101	9557671	174333	297671219	70433260	33397	3225816449	1978956	7860194	325898	34482965	281844787	587001	1785364	22350	11824370	1561176	992521	6778879	13832798	256835329	1010308	153001	6512732	78378701	3438745	14312690	4114787	16297987	8040	3156100	1037419356	1117678	7711694	89089246	2052271	18246503	50695707	12694	3264291	36230481	339575832	3277453	18776357	9911771	3226189		1521261	921558505	166646	311537	22475741	140823000	5711549	845349352	6824486	18486645	6156961	2646466	255200	3408183	4622477	22055	6003840	7763335	377641425	4557686	414407128	12683850	102508	376555	5055099	1910334	8325263	637652	14607	64413	9572511	8297	4738483	1382326011	399353523	3115042	47494577	4227171	2985557	361763155	669149	281844787	97980	845349352	414407128	1147927	6908642	47322096	7664	20398571	13873631	50402724	1822722888	2975492	231664000	16462736	105969	16121874	11921	100068	55011289	121035	4599539241	166484	1683166	10241006	31615339	6178637	7796496
1983	62228	253644643	10917982	173255157	9082983	2843960	40565	180973288	1235305	29391332	3191539	36271	64934	15393472	7561910	6459800	4808528	9855520	4278978	7551129	95335155	8939738	400707	244698	4258728	9843000	156297	54777	6149060	129790077	253992	204741	477460	1046137	2537399	25366451	108297837	6418773	133413	12026138	1023310000	9272744	9215397	29250963	1950321	27988173	367233	337654	2595153	3476621	9991026	151159	19598	707225	10323856	78128282	369553	72365	5114297	6147248	20558115	1424971585	1721104015	1630462798	188979984	809947364	8840417	47786402	309543455	1736160	38171525	1508745	37740817	412072128	412313057	4855787	689835	56108330	44670	84680	811005	56332848	4582900	13029836	28733	5359814	794525	869592	343421	9846627	94948	52100	7419642	118508	775891	1128262810	5345100	4078174	298600262	4658254	5951096	10689463	3037252917	3762109361	724856444	242589635	159651381	482266809	64630	737372681		3510600	46029535	14840555	236977	4105000	56564074	2234832	2537307	119307000	15665551	17846374	3838300	5636203	64169	42334	39910403	1744295	341148229	3541001	3094996	2107113	3718961	125044	383657148	434142125	205645993	26446	15388794	1439288342	3500358704	1534413	1664394629	3485192	365622	2546011	269300	11485	21060696	27960	2791207	9843044	179128	307301861	71971240	34811	3294712711	1991901	8034400	330524	35162715	290721921	594506	1829092	24936	12073822	1606746	1001691	7051709	14285907	259213228	1037511	155003	6708644	80438260	3530282	14367070	4128432	16689119	8216	3199300	1046094679	1181459	7843045	92227711	2101106	18705957	52194620	13006	3333633	36571808	349226289	3311138	19054034	9957865	3318068		1555284	926768139	171750	329709	22560478	141668000	5905311	865442337	7252941	19109770	6324504	2681061	264068	3481646	4707367	22229	6198430	7788100	389094648	4661574	426899800	12874950	104380	378746	5091971	1922321	8329033	658957	16133	64335	9904809	8697	4979130	1405938773	403378262	3222899	48423309	4350874	3067534	369728268	677707	290721921	97998	865442337	426899800	1160534	7053800	48447410	7789	21079874	14221881	50637029	1855424369	2988778	233792000	16908400	106838	16562205	12370	100348	56337921	123998	4682924536	166714	1719245	10621499	32739304	6381038	8098404
1984	62901	261458202	11190221	177880746	9425917	2904429	42273	186733957	1305996	29863093	3224547	37667	64882	15579391	7561434	6567850	4926465	9855372	4405895	7772256	97814966	8960679	415154	248863	4295536	9910000	160044	55169	6281868	132658864	254920	211661	492784	1083660	2568610	25607053	108838073	6441865	134727	12207733	1036825000	9650516	9475078	30245081	1999528	28642690	377637	342505	2667595	3502418	10073299	151940	20454	719334	10330213	77858685	384053	72056	5111619	6289040	21271969	1447871073	1765269111	1655263328	191755370	814856984	9074782	49247334	310046458	1771730	38330364	1518617	38735722	412998350	422123181	4881803	706716	56383085	45141	87176	833501	56422072	4622200	13370590	28643	5480096	825631	883519	364899	9895801	95498	52700	7630682	121302	774111	1135690050	5397900	4199850	306943902	4680285	6069230	10668095	3094477559	3839296592	744819033	249868265	163251124	494950768	64528	754875449		3532423	47793998	15310733	239511	4159000	56576718	2264562	2654688	120083000	15844621	18514906	3916400	5845117	65228	42113	40405956	1820688	348504110	3637843	3152744	2173312	3773633	127067	391832861	445947594	211255335	26596	15441860	1476095233	3574605687	1578986	1688121991	3514205	365998	2562047	282850	13733	21593778	28356	2820518	10134550	184198	317366458	73506846	36264	3363350352	2003399	8208599	330593	35899313	300042126	600884	1874349	27575	12315954	1653693	1012221	7332810	14759009	261487222	1065989	157583	6909971	82526443	3619104	14424211	4140099	17085242	8377	3227100	1054395892	1247716	7975015	95164936	2150782	19174716	53726181	13337	3405198	36904134	359259708	3344190	19335043	9996232	3412936		1590058	931624894	176469	347878	22640547	142745000	6107627	885894499	7697307	19546528	6499364	2732221	273163	3558758	4798003	22346	6428389	7813549	400538509	4750627	439338948	13067491	106394	382193	5127097	1932154	8336605	680783	17694	64717	10258398	9107	5045145	1428557744	407686015	3332837	49351708	4480026	3154079	377777260	686777	300042126	97990	885894499	439338948	1172984	7220044	49574069	7902	21779066	14607677	50887599	1887255119	3002488	235825000	17378846	107687	17008841	12820	100600	57706067	127109	4766040300	166796	1756818	11025597	33892788	6580490	8391488
1985	61728	269450407	11426852	182811038	9779120	2964762	43825	192563243	1377911	30336441	3260432	39103	64591	15788312	7564985	6670150	5034042	9858308	4538012	7999935	100253825	8960547	430358	253154	4330364	9975000	163796	55547	6416185	135515595	255820	218919	508392	1121945	2600932	25842116	109338285	6470365	136075	12395274	1051040000	10040483	9761730	31264816	2059311	29268470	388352	347365	2741894	3530570	10157228	152711	21324	731277	10337118	77684873	402687	71744	5113691	6430404	22008544	1471340337	1810019176	1680467718	194525195	819874109	9311154	50734968	310617659	1807816	38469512	1528781	39842136	413962998	432271865	4902206	723761	56665619	45707	89707	856726	56550268	4662900	13661229	28512	5610373	858874	897697	385547	9934300	96111	53200	7849693	124117	771477	1143179465	5456200	4323342	315429759	4701417	6190862	10648713	3152581662	3918002286	765420624	257661913	166776185	507758711	64401	772647793		3538082	49582289	15683430	241405	4233000	56593071	2290656	2778810	120837000	16031090	19201768	3990300	6043783	66496	41874	40805744	1894242	355849792	3739985	3217376	2240539	3898745	129159	400012327	457866946	216877271	26878	15544154	1513694513	3650257753	1624379	1712585483	3544543	366706	2578873	289700	16095	22113953	28731	2850787	10433142	190169	327681501	75043414	37761	3433380482	2014331	8374663	336452	36622827	309566339	605398	1921514	30258	12548949	1702107	1020528	7620508	15252258	263821663	1096890	160234	7118457	84897973	3706479	14491632	4152516	17477692	8551	3247100	1062728299	1325480	8118973	98229285	2200915	19648204	55213006	13688	3478936	37201885	369570962	3377000	19620388	10023613	3510671		1625654	936480384	180988	365940	22732999	143858000	6317228	906622025	8151779	19905872	6683287	2735957	282455	3638438	4894706	22485	6693289	7835902	412354065	4834296	452261445	13275197	108658	386972	5161768	1941641	8350386	706196	19291	65244	10625672	9521	5096269	1451742188	411980043	3441091	50270753	4619003	3247534	385830246	696665	309566339	97984	906622025	452261445	1187366	7409903	50687115	8046	22501693	15023681	51108770	1919685969	3017037	237924000	17875339	108506	17461434	13269	100760	59060622	130356	4850740788	166849	1796018	11453825	35042093	6780953	8686813
1986	59931	277621771	11420074	187889141	10139450	3022635	45734	198509771	1467383	30811980	3294847	40571	64276	16018350	7569794	6770300	5129414	9861823	4675420	8228847	102635572	8958171	446286	257536	4362115	10043000	167554	55889	6552479	138336370	256618	226495	524324	1160650	2634258	26100278	109824166	6504124	137413	12588914	1066790000	10440917	10060342	32265196	2120602	29879112	399318	352312	2817216	3559870	10244247	152662	22197	743105	10342227	77720436	426341	71406	5120534	6571208	22745499	1496124294	1855391159	1706848439	197344981	825034695	9545998	52206295	311372728	1845164	38584624	1540190	41037656	415087013	442386405	4918154	739306	56956002	46131	92266	880705	56681396	4704500	13965217	28328	5750668	894019	912126	404728	9967213	96790	53500	8070818	126965	768098	1150810379	5524600	4448899	324025001	4721446	6316122	10630564	3212177926	3998725110	786547184	265801351	170175065	520745833	64695	790689978		3539690	51446045	16074145	243180	4299000	56596155	2312125	2909887	121482000	16262702	19901646	4066500	6285693	68059	41618	41213674	1972520	363159117	3846715	3300365	2308511	4017403	131239	408172564	469843634	222444478	27238	15731256	1551923872	3727939991	1666138	1738504785	3578914	368355	2599892	296050	18558	22600803	29093	2883057	10736857	196935	338209596	76585637	39286	3505495513	2024732	8531277	342121	37314878	319257806	607711	1970965	32980	12770578	1751835	1028360	7906480	15760419	266289167	1131081	162898	7335811	87235953	3794157	14572278	4167354	17868124	8742	3246300	1071222636	1413419	8271747	101606764	2251325	20117122	56645077	14024	3554793	37456119	379883689	3409554	19910855	10032734	3611474		1660533	941566838	185669	382422	22836841	144894000	6531881	927646189	8628639	20288238	6878192	2733373	291842	3728380	4992769	22636	6974788	7853824	424407604	4921240	465510912	13492150	111150	392330	5193838	1965964	8369829	734732	20930	65652	11002844	9941	5251069	1476236205	416211558	3547952	51177834	4772139	3347809	393862440	707185	319257806	98010	927646189	465510912	1203124	7600301	51777772	8217	23258959	15467579	51318745	1953571641	3032845	240133000	18395621	109281	17923536	13726	100842	60347048	133720	4937711562	167061	1836972	11901040	36180515	6986471	8982578
1987	59159	286067346	11387818	193104347	10497858	3083605	47653	204524595	1574244	31291762	3328520	42072	63946	16263874	7574586	6875350	5247787	9870234	4818486	8457109	104959291	8971359	462854	261935	4390246	10111000	171338	56265	6692162	141104944	257279	233860	540557	1199167	2669155	26446601	110296425	6545106	138743	12790150	1084035000	10851475	10370749	33298904	2183473	30499467	410439	357302	2892699	3586018	10335342	151456	23073	754785	10347318	77839920	454399	71023	5127024	6712515	23443624	1522374575	1901405537	1734703629	200194022	830294805	9779290	53674435	312223048	1888669	38684815	1552221	42460039	416296769	452678880	4932123	750540	57266167	46701	94844	905479	56802050	4743500	14289108	28096	5900198	931091	926862	422522	10000595	97526	54100	8296485	129858	764120	1158607400	5580500	4576910	333016950	4739745	6445123	10612741	3273388723	4081589183	808200460	274161638	173511154	534038822	65597	808931270		3540057	53323493	16521049	245859	4369000	56601931	2329813	3047634	122069000	16527715	20616096	4144600	6557970	69733	41348	41621690	2052994	370452304	3957612	3385555	2377229	4129739	133227	416332693	482075790	228079094	27557	15916576	1590598381	3807567876	1703390	1765799733	3616367	370750	2626583	306850	21108	23054392	29446	2916306	11047291	203944	348933449	78136651	40828	3579488782	2035157	8681164	344485	37971594	329101677	608144	2022800	35736	12822574	1803014	1036082	8293174	16276737	268791866	1167889	165650	7561150	89591716	3882164	14665037	4186905	18250505	8946	3274400	1079813087	1500996	8429468	105130717	2301970	20582320	58157496	14334	3632543	37668045	390374024	3441850	20205483	10030031	3714889		1692234	946817118	190449	397005	22949430	145908000	6749493	948802143	9130194	20704904	7081530	2774789	301414	3829718	5092441	22686	7228302	7868027	436643155	4962395	479171693	13707720	113919	396911	5222840	1989776	8397804	763811	22617	68499	11388923	10361	5438309	1502192372	420430601	3657508	52074105	4939059	3452731	401890697	718476	329101677	98376	948802143	479171693	1217364	7789987	52843670	8371	24030378	15954170	51515732	1988890401	3049896	242289000	18930070	110001	18394963	14194	100901	61584651	137187	5027030278	167661	1880590	12369912	37326190	7191282	9284644
1988	59331	294498625	11523298	198485027	10861291	3142336	49416	210269696	1681788	31780532	3355125	43615	63623	16532164	7585317	6974600	5365327	9901664	4967341	8687435	107216008	8981446	479929	266448	4414404	10140000	175180	56699	6835508	143826357	257763	240913	556986	1235476	2713965	26791747	110686740	6593386	140089	12999424	1101630000	11275189	10684968	34382752	2247653	31130524	421687	362329	2968103	3610609	10432585	149254	23951	766235	10355276	78144619	484523	70608	5129516	6855734	24109536	1549038591	1947928955	1762936165	202990335	835601587	10010808	55187681	313272522	1938255	38766939	1561900	44150825	417653885	463045466	4946481	758697	57598186	47355	97097	931020	56928327	4790700	14636568	27839	6056574	970160	942061	439651	10036983	98308	54800	8532099	132799	759663	1166527684	5627600	4707677	342381086	4755207	6578145	10596487	3334875641	4165012459	830136818	282708012	176855065	547428806	66680	827342990		3524949	55072694	16908819	249740	4442000	56629288	2345777	3193039	122578000	16781168	21356219	4218400	6812014	71427	41062	42031247	2134707	377766659	4072601	3454649	2446941	4237755	135000	424525590	494400159	233656588	27948	16078621	1629655073	3887617477	1739841	1793220326	3655049	373450	2653434	316000	23749	23500524	29781	2948891	11369462	210885	359728415	79695531	42321	3653960889	2045737	8833996	347325	38600927	339013669	607413	2076322	38519	12800558	1855859	1043239	8753262	16796605	271347446	1209696	168502	7793748	92020090	3972320	14760094	4209488	18638661	9165	3283400	1088587717	1588568	8592255	108724739	2352848	21054702	59739052	14645	3711880	37824487	400820214	3473898	20503161	10019610	3820546		1721206	952284317	195193	411264	23057662	146857000	6968071	970044151	9629165	21138431	7289618	2846108	311265	3934517	5195833	22843	7235360	7884218	448764072	4848029	492983652	13924070	116939	402227	5250596	1995196	8436489	799798	24357	68755	11782264	10775	5625602	1528559240	424466137	3769742	52969595	5114989	3559363	409945610	730745	339013669	98969	970044151	492983652	1230069	7974440	53909626	8518	24769686	16470483	51724853	2024305816	3067961	244499000	19460630	110658	18871020	14680	100952	62843228	140756	5117167006	168346	1917882	12859708	38480649	7391440	9583094
1989	60443	302939121	11874088	204062274	11238562	3227943	50620	215969068	1789851	32270948	3443100	45191	63325	16814416	7619567	7076550	5471706	9937697	5121657	8921175	109433799	8876972	497327	271178	4433983	10170000	179107	57129	6981766	146502972	258109	248064	573586	1270274	2783970	27276781	110801640	6646912	141501	13215005	1118650000	11719771	11002745	35486866	2313558	31776279	433103	367803	3043827	3634409	10533243	146937	24874	777420	10361068	78751283	523355	70153	5132594	7002295	24754485	1575101307	1994666990	1790597018	205733205	840881506	10241852	56710642	314634075	1987017	38827764	1568131	45879690	419102379	473853393	4964371	766321	57943062	47958	99003	957138	57076711	4803300	15006813	27544	6215811	1011357	957789	456808	10089498	99121	55300	8775546	135799	754865	1174766407	5686200	4841838	352065913	4767260	6714730	10481719	3395765359	4248240134	852474775	291381564	180201630	561093211	67790	846039529		3511009	56704914	17364542	252852	4518000	56671781	2361916	3349627	123069000	16997013	22118434	4307500	7073473	73147	40758	42449038	2217468	385080987	4190974	3525285	2517858	4342920	136512	432726590	506991476	239520711	28317	16248557	1669138722	3967659848	1775436	1819952808	3684255	377100	2666955	325100	26453	23939414	30084	2970039	11704998	217738	370724431	81247182	43586	3728139137	2055649	8999938	350722	39214618	349120795	606571	2124185	41303	12906842	1903048	1051260	9176220	17314997	274152910	1288947	172029	8034780	94531014	4066476	14848907	4226901	19057807	9390	3299200	1097876374	1676228	8765561	112336629	2403820	21532589	61265260	14945	3796078	37961529	411682495	3505650	20804367	10005000	3927802		1748900	958176572	199643	425646	23161458	147721000	7184706	991571016	10128394	21578022	7502207	2930901	321282	4034037	5298979	23154	7114817	7893787	461052538	4713229	507001395	14148870	119979	408409	5275942	1996351	8492964	837800	26169	69167	12179060	11193	5819586	1554321275	428221424	3883411	53848956	5267249	3662459	418004229	744856	349120795	99403	991571016	507001395	1241600	8151660	54976723	8662	25438759	17010698	51917817	2059000415	3086255	246819000	19977183	111272	19348921	15180	101041	64147348	144393	5207654866	168768	1946339	13364174	39628575	7589216	9864798
1990	62753	311748681	12045660	209566031	11626360	3286542	52597	223184294	1898220	32755901	3552128	46640	63066	17065128	7677850	7175200	5587052	9967379	5281479	9159356	111633717	8718289	514797	275945	4448652	10189348	183076	57559	7130142	149143223	258582	255292	589287	1305696	2871910	27691138	110743128	6715519	143087	13437176	1135185000	12189778	11331821	36684063	2380560	32440069	444596	375428	3121706	3654949	10631799	145400	25999	788351	10333355	79433029	579538	69627	5140939	7151166	25375810	1600739173	2044241467	1817735909	208212866	845290251	10473673	58396618	316087007	2032737	38867322	1569174	47609755	420525030	486723712	4986431	773316	58261012	47740	100888	983734	57247586	4802000	15394648	27200	6434374	1054696	973669	474274	10196792	99957	55600	9024773	138610	749894	1182189938	5704500	4980488	361657937	4777368	6854441	10373988	3455533853	4330689753	875155900	300366368	183501098	574789532	68916	864972221		3513974	58380092	17581206	254826	4660000	56719240	2379877	3621908	123478000	17154054	22892651	4391236	7374752	74855	40432	42869283	1684819	392413347	4311955	3595175	2223667	4445239	137857	440958144	519693837	245338485	28742	16352458	1711634869	4049620054	1809696	1844718134	3697838	381850	2663151	334950	28224	24375551	30358	2977912	12055639	224762	383279026	82820170	44629	3804281569	2063689	9178830	354170	39817251	361322200	606372	2098710	43342	13094537	1951878	1058775	9545852	17833171	277371697	1369303	176456	8286059	97120925	4162559	14951510	4241473	19524573	9622	3329800	1107695519	1763954	8949306	116155576	2455583	22014771	62854666	15259	3896481	38110782	422471117	3537000	21112137	9983218	4035747	1978248	1775607	964371624	203776	440175	23201835	147969406	7375307	1013297018	10640691	22021481	7720523	3047132	331435	4196828	5399726	23475	7082811	7897937	473635450	4737633	521314712	14379862	122980	412493	5299187	1998161	8558835	872428	28061	69507	12579208	11688	5982833	1579651917	430990546	3998761	54738329	5398768	3760562	426091608	760345	359343952	99700	1013297018	521314712	1252208	8324509	56015628	8798	26110207	17569897	52054092	2092646700	3104403	249623000	20464956	111812	19827010	15704	103963	65504552	148063	5299246757	169042	1973790	13887862	40746268	7786169	10137281
1991	65896	320442961	12238879	215178709	12023529	3266790	56667	228402316	2006626	33230294	3613977	47882	63387	17284036	7754891	7271300	5703857	10004486	5446932	9394632	113787109	8632367	503052	280731	4458343	10194050	187040	57984	7280289	151724256	259373	262596	599784	1341756	2963191	28037420	110469467	6799978	144269	13662491	1150780000	12683870	11667180	37925817	2449229	33098372	455556	384586	3202176	3677765	10717640	144403	27294	798944	10308578	80013896	631092	69296	5154298	7299853	25987928	1625498444	2092102478	1844189975	210169114	849169385	10702380	60028997	317407910	1919571	38966376	1561314	49717198	421741276	497970454	5013740	779656	58554242	47447	102754	1010818	57424897	4835900	15787496	26898	6697166	1099959	994639	492217	10319927	100793	55500	9272584	141073	747861	1190620652	5752000	5123792	371411648	4689022	6995450	10373400	3513390696	4411587746	898197050	309491517	186778238	588705533	69808	883927600		3534235	59986931	17767253	257797	4949000	56758521	2400869	3915149	123964000	17278600	23646514	4463634	7686850	76367	40358	43295704	1351399	399683088	4435118	3668912	1956518	4544400	139520	449128999	532595517	250935723	29209	16475354	1752379727	4127853483	1842379	1868272190	3704134	387000	2650581	351650	28800	24799014	30625	2981566	12421412	231802	394251647	84430572	45568	3876917760	2055994	9362888	363845	40394154	371610655	607105	2165342	44393	13352090	2009738	1070266	9844227	18342464	281076404	1415684	181238	8546900	99720162	4259637	15069798	4261732	20036500	9850	3495100	1118410105	1851473	9131087	120060406	2508265	22483775	64382249	15614	4021837	38246193	433111892	3562110	21428638	9960235	4144364	2068845	1801531	971291914	207744	454853	23001155	148394216	7526966	1035058149	11160744	22470676	7943085	3135083	341738	4246267	5495077	23797	6813760	7595636	485834033	4836677	535621670	14610383	125697	415013	5303294	1999429	8617375	908189	30046	70439	12980821	12305	6205676	1604095270	433132067	4115560	55637434	5541205	3855894	434138780	778278	369541810	99895	1035058149	535621670	1262171	8501827	57009887	8928	26780436	18155901	52170961	2124538033	3122354	252981000	20962910	112222	20304896	16187	104807	66891775	151793	5388496229	169368	2005362	14430201	41687898	7981650	10404816
1992	69005	329082707	13278974	221191375	12423712	3247039	60200	234321565	2114730	33693527	3571861	49038	64404	17478635	7840709	7382050	5858407	10045158	5617844	9629275	115952192	8540164	516458	285927	4234616	10216470	190983	58407	7430336	154275079	260267	269839	577774	1380033	3058831	28371264	110111454	6875364	144733	13884577	1164970000	13200310	12006353	39228910	2519465	33760571	465113	393415	3284258	3706523	10785801	143912	28621	810341	10319123	80624598	626010	69325	5171370	7447474	26628568	1648872786	2138854231	1869074614	212032319	852664501	10930128	61480660	318742973	1798748	39157685	1533091	51853747	422968989	510691966	5041992	785346	58846584	47287	104806	1038380	57580402	4873500	16184855	26878	6914366	1145582	1024356	510770	10399061	101602	55300	9522266	143393	749911	1199265190	5800500	5271431	382507617	4575818	7136571	10369341	3568890021	4491324220	922434199	318337815	190043744	604096384	70353	902957070		3558430	61184983	18300845	261057	5123000	56797087	2424701	4127693	124425000	17332625	24382460	4515400	8113083	77641	40715	43747962	1634961	406898894	4559646	3747371	2072461	4640352	141617	457245250	546905231	257817106	29627	16739284	1792821112	4205224081	1873274	1890820460	3700114	392175	2614338	370900	29081	25212468	30887	2980965	12800870	238543	405847278	86044809	46388	3947406975	2032523	9553540	367618	40950342	381995940	608516	2167790	45181	13613316	2088135	1084441	10135079	18834572	284943671	1461322	186072	8817633	102372770	4357026	15184166	4286401	20609707	10021	3531700	1129039882	1938238	9201490	123546848	2561336	22946340	65926125	15989	4166699	38363667	445411988	3585176	21750911	9952494	4253600	2163591	1827395	978087877	211559	469657	22794284	148538197	7683266	1057074570	11686676	22927355	8168395	3230698	352205	4166366	5585609	24125	6495107	7604063	498349572	4909749	550274082	14735408	128110	417589	5305016	1996498	8668067	943416	31567	70763	13385571	12970	6474656	1627147885	434844449	4233617	56528834	5649400	3944689	442150885	799318	379832349	100022	1057074570	550274082	1271674	8682512	57990118	9038	27457588	18785032	52323671	2154585863	3139702	256514000	21485090	112509	20780948	16593	105712	68260337	155608	5477123966	170331	2039723	14989494	42443509	8176680	10702700
1993	73685	338324002	14943172	227246778	12827135	3227287	63272	240926205	2222093	34152717	3453332	50159	65587	17634808	7905633	7494800	5676843	10084475	5872706	9871713	118132360	8472313	530225	291339	3904482	10239050	194902	58816	7579195	156794577	261027	276971	554673	1420115	3157839	28684764	110041924	6938265	144984	14102276	1178440000	13735951	12353131	40656336	2595124	34441473	473682	401965	3367434	3735156	10841031	144299	29976	826034	10329855	81156363	614245	69433	5188628	7594572	27277048	1671604370	2184656122	1893258583	213395945	855554222	11154274	62915681	320053176	1856006	39361262	1494128	53708891	424344744	524592905	5066447	790369	59103094	46474	107066	1066405	57718614	4911100	16589519	27070	7128177	1188365	1058745	530023	10460415	102382	55200	9779761	145654	752965	1207321942	5901000	5423249	394851493	4600463	7278181	10357523	3622924380	4570777029	947852649	327140314	193305168	620712335	70772	922118387		3576261	61403543	19201195	263725	5261000	56831821	2449916	4348020	124829000	17274487	25117188	4516777	8616381	78841	41242	44194628	1672151	414075451	4685060	3820647	2155126	4733045	143726	465325731	562489881	265888248	30089	17025918	1833665328	4282493268	1901793	1912010271	3682613	397475	2563290	384000	29282	25614586	31136	2975966	13197345	244884	417150344	87653807	47093	4016605020	2006854	9754786	371308	41502429	392371485	610170	2165130	45952	14051192	2174328	1097374	10284024	19322664	288662580	1508697	190857	9100789	105122069	4453732	15290368	4311991	21180159	10102	3572200	1139203498	2021675	9249106	127020117	2615099	23413783	67530621	16372	4320872	38461408	459529211	3615497	22073352	9964675	4362696	2262676	1853148	984398082	215219	484545	22763280	148458777	7981132	1079256381	12215862	23445592	8396288	3313471	362839	4157130	5659957	24472	6681399	7614328	511789636	4956002	565570780	14837410	130467	419352	5325305	1991746	8718561	971318	32026	72253	13795686	13648	6629146	1649557492	436152186	4207453	57408198	5724993	4032407	450131381	821437	390108809	100103	1079256381	565570780	1280466	8857910	58999167	9126	28332692	19445161	52350126	2182939692	3156345	259919000	21987955	112735	21254520	16989	106578	69586384	159463	5564778621	171774	2072664	15563914	43297156	8373921	10860288
1994	77595	347441809	16250794	233360104	13249764	3207536	64612	247626514	2328188	34613491	3364610	51251	66843	17805468	7936118	7596550	5713854	10115603	6096506	10123798	120343179	8443591	544366	296509	3725412	10226955	199097	59194	7727322	159265006	261620	284091	554497	1460023	3257954	29000663	110021594	6993795	145163	14316256	1191835000	14287201	12704903	42626876	2673144	35127410	482142	410228	3451122	3763806	10886021	144630	31352	844667	10333587	81438348	626710	69477	5206180	7741694	27887279	1694244506	2228719169	1917389243	214329901	857724587	11372197	64285589	321024031	1913915	39549108	1462514	55611508	425404352	539513196	5088333	794771	59324863	44695	109075	1094720	57865745	4836076	16993190	27239	7345107	1227226	1092031	550138	10512922	103138	55500	10043718	147868	755822	1214865411	6035400	5579242	406935718	4652024	7419771	10343355	3675872938	4649243135	973370197	336096421	196591828	637273776	71168	941163767		3590386	61520598	20139807	266021	5399000	56843400	2475220	4561406	125178000	17043771	25857130	4515069	9239162	80021	41776	44641540	1664361	421179547	4809220	3889799	2149928	4822037	145890	473328616	578028937	273508544	30470	17275773	1874637283	4358651071	1927707	1932650915	3657144	402925	2520742	396800	29413	26000822	31375	2966745	13613850	250822	428117445	89259205	47712	4085142527	1992666	9967031	374797	42055143	402475400	611389	2189395	46730	15033853	2249454	1112846	10164894	19820446	292185857	1556304	195614	9398258	107935714	4549316	15382838	4336613	21717479	10137	3620000	1148779736	2081834	9328189	130748083	2669546	23881493	69019291	16770	4480208	38542652	475022693	3649237	22393975	9991525	4471417	2366298	1878007	990028770	218738	499459	22730211	148407912	6792352	1101305517	12750040	24043948	8624078	3419048	373675	4173105	5714129	24823	7026797	7622711	525116200	5071184	580801913	14970002	132732	422375	5346331	1989443	8780745	971212	31917	74205	14208583	14344	6783450	1671877438	437106291	4222940	58260854	5825368	4116662	458042874	844493	400109102	100166	1101305517	580801913	1288341	9018448	60033836	9207	29442356	20108801	52075998	2210505244	3172834	263126000	22463291	112918	21725188	17406	107318	70854391	163314	5650853178	173159	2105256	16149147	44004139	8576269	10873148
1995	79805	356580375	17065836	239801875	13699778	3187784	63912	253952538	2434662	35070020	3307581	52316	68189	18004882	7948278	7684850	6066316	10136811	6226773	10386722	122600370	8406067	558879	301461	3715564	10193831	204146	59526	7874676	161735073	262039	291195	547989	1498836	3348052	29302311	109864246	7040687	145247	14527381	1204855000	14855565	13058516	44433704	2749461	35804662	490586	418104	3535176	3795917	10925362	145139	32743	862695	10327253	81678051	633074	69469	5233373	7888115	28470191	1716602413	2273692181	1941185229	215114964	859504754	11590514	65652622	321808185	2025267	39724050	1436634	57537335	426210050	554041514	5107790	798746	59541294	43611	110230	1123213	58019030	4657722	17399017	27377	7553249	1264313	1119949	571264	10562153	103869	55800	10312996	150054	758388	1222056186	6156100	5739637	418830100	4620030	7562546	10328965	3728290191	4727566480	999276289	345327214	199888057	653949075	71513	960301044		3608841	62205567	20825860	267468	5545000	56844303	2500151	4752096	125472000	16730536	26601751	4560454	10018497	81234	42326	45092991	1681513	428268339	4929409	3960735	2169162	4906843	148208	481309028	593609643	281169146	30776	17564068	1915943684	4434718175	1951437	1952702058	3629102	408625	2485056	409300	29470	26399429	31609	2953200	14051275	256649	438968860	90862455	48266	4153549029	1998534	10185365	377419	42605338	412447289	611712	2224945	48176	15960530	2312017	1122457	10150117	20330599	295639837	1602170	200379	9714529	110819428	4642931	15459006	4359184	22245439	10165	3673400	1158068699	2120528	9389918	134582253	2724557	24348919	70546246	17195	4644278	38594998	490118620	3683103	22669304	10026176	4579806	2474666	1901782	995338472	222118	514325	22684270	148375787	5674118	1123515559	13289245	24672143	8848101	3524506	384733	4179179	5762131	25158	7285007	7628264	538769611	5225836	596382250	15087617	134895	429606	5361999	1989872	8826939	970433	31772	75304	14616801	15052	7089064	1693960469	437796116	4410832	59098232	5948584	4191203	465939463	868146	409972623	100225	1123515559	596382250	1295169	9161258	61024503	9280	30383497	20665667	51665539	2237605345	3189440	266278000	22917589	113047	22193821	17840	107818	72049940	167137	5736505517	174571	2137514	16740058	44541554	8785763	10974599
1996	83021	366138524	17763266	246415446	14170973	3168033	63984	260229121	2597564	35513793	3278735	53353	69612	18224767	7959017	7763000	6070506	10156637	6391858	10655942	124862179	8362826	573792	306268	3875246	10159569	210310	59813	8021736	164202549	262284	298276	548784	1535914	3435965	29610218	109626194	7071850	145565	14734046	1217550000	15442312	13414757	45296124	2826785	36462745	499107	425581	3619013	3829184	10962010	146306	34143	880290	10315241	81914831	648348	69410	5263074	8032894	29033044	1738632397	2321284245	1964830092	216002100	861073426	11810950	67028048	322568383	2128464	39889852	1415594	59467635	426905134	566796346	5124573	803789	59754504	43581	110710	1152015	58166950	4491699	17810181	27487	7770035	1301410	1143535	593492	10608800	104584	55900	10583526	152169	760526	1229173348	6435500	5903954	431006940	4557097	7707557	10311238	3780446473	4806199043	1025752570	354861820	203204348	670890750	72047	979678458		3637510	62881300	21501321	268916	5692000	56860281	2524463	4912516	125757000	16416027	27344211	4628438	10801270	82623	42877	45524681	1730246	435299542	5045678	4034781	2232289	4987393	150436	489235073	609407699	289332496	31033	17905018	1957535877	4511311531	1972418	1972254664	3601613	414225	2457222	415100	29443	26808107	31837	2947293	14510711	262347	449859387	92452702	48775	4221979035	2012553	10407278	379905	43154860	422368926	611003	2259507	51706	16492480	2358188	1133996	10352228	20850087	299064031	1646103	205034	10044852	113754779	4729974	15530498	4381336	22741862	10183	3732000	1167149370	2156926	9493131	138557092	2780227	24811171	72190242	17654	4813361	38624370	503373634	3724655	22895746	10063945	4687543	2587997	1926342	1000836719	225489	529019	22619004	148160129	6708764	1145998648	13831009	25231528	9067014	3670704	396009	4199210	5805286	25482	7554474	7622185	553009918	5356925	612553970	15248657	136962	438830	5373361	1988628	8840998	989841	31598	76417	15018104	15765	7410108	1715764488	438325526	4577860	59920064	6066523	4263819	473775482	892282	419780929	100275	1145998648	612553970	1300928	9294432	61951134	9342	30945762	21231550	51226109	2264443158	3206324	269394000	23351981	113119	22662113	18287	108095	73156447	170911	5822614627	176071	2168753	17313177	45123018	9004053	11158360
1997	86301	375646235	18452091	253207584	14660413	3148281	64700	266565183	2817410	35947791	3246289	54362	71053	18423037	7968041	7838250	6070042	10181245	6583365	10934223	127198069	8312068	589115	310904	4018227	10117433	217446	60177	8167900	166661659	262392	305341	558697	1571691	3531700	29905948	109422013	7088906	146214	14932434	1230075000	16047170	13775214	46029902	2887862	37121149	507777	432798	3701711	3861673	10997934	146956	35543	897568	10304131	82034771	671817	69299	5284991	8174078	29579301	1760512371	2369042441	1988067577	216672059	862335057	12031127	68431740	323306275	2152135	40057389	1399535	61404539	427547651	579354582	5139835	812139	59968066	44132	111071	1181439	58316954	4349913	18238958	27582	7931370	1338889	1165545	616893	10661259	105293	56000	10857754	154215	762245	1236130405	6489300	6071454	443196153	4534920	7854298	10290486	3832391543	4884731621	1052340078	364489851	206536095	687850227	72909	999133762		3674171	63639638	22176593	271128	5836000	56890372	2547848	5046285	126057000	16043251	28101768	4696421	11570982	84147	43428	45953580	1787683	442282724	5152011	4108405	2412989	5064639	152569	497097004	625267815	297416997	31232	18248200	1999429097	4587799929	1988130	1991505992	3575137	419450	2432851	417300	29323	27213337	32063	2936413	14990814	267707	460864078	94021207	49259	4290382932	1996869	10646495	382791	43708798	432334916	609520	2291750	56596	16949982	2411306	1148284	10562035	21375218	302623125	1689264	209560	10383969	116754792	4809573	15610650	4405157	23219463	10197	3781300	1176191803	2190720	9618823	142531804	2836695	25274147	73908810	18108	4987883	38649660	516729805	3759430	23110830	10108977	4794412	2706518	1954642	1006102041	229121	550500	22553978	147915361	7755238	1168625898	14374943	25799821	9283495	3796038	407474	4253716	5844578	25800	7824525	7598538	567371961	5509136	628853819	15435138	138922	448067	5383291	1985956	8846062	1006635	31404	77319	15417542	16482	7670366	1737429846	438638046	4725030	60724584	6139829	4336730	481555614	917184	429628398	100674	1168625898	628853819	1305836	9421270	62852966	9400	31578089	21856046	50786885	2290953835	3223345	272657000	23758960	113141	23131685	18756	108357	74226889	174626	5908466558	177547	2197284	17873936	45666838	9237063	11369827
1998	88451	385505757	19159996	260297834	15159370	3128530	65382	273094199	3040421	36372860	3208401	55334	72412	18607584	7976789	7913000	6187108	10203008	6789489	11240664	129622332	8256786	604842	315368	4089356	10071963	225173	60639	8313394	169159655	262436	312385	569435	1606899	3628827	30155173	109238340	7110001	146906	15127799	1241935000	16663948	14144860	47297600	2952061	37792165	516597	439784	3782838	3893594	11034712	144472	36922	914548	10294373	82047195	699352	69124	5304219	8310362	30054133	1781546477	2416119734	2010443502	217104725	863317613	12251184	69943294	323976358	2180419	40223509	1386156	63363524	428120105	592889780	5153498	822258	60190684	44674	111377	1211736	58487141	4243607	18688036	27650	8081990	1376987	1187473	641474	10720509	106009	56100	11139145	156237	763586	1242897726	6543700	6234431	455939263	4532135	8002143	10266570	3884078902	4963254080	1079175178	374262946	209826788	704912232	73861	1018665080		3712696	64519859	22884399	274047	5971000	56906744	2569736	5164284	126400000	15647785	28888057	4769015	12058173	85657	43998	46286503	1844302	449283157	5248266	4181281	2670124	5140704	154677	504952583	641401023	305718387	31668	18596003	2041752501	4664177477	1998049	2010169496	3549331	424700	2410019	422300	29107	27621648	32267	2935227	15489364	272723	472047033	95575245	49717	4358459090	2007523	10919573	385287	44257793	442475967	607662	2323809	61337	17340464	2474651	1160421	10792876	21906713	306069812	1732745	214047	10741413	119846254	4883655	15707209	4431464	23680357	10198	3815000	1184928348	2222489	9746302	146522356	2893914	25738095	75791024	18524	5166390	38663481	531450214	3781101	23311564	10160196	4900025	2776568	1984859	1011086034	232891	580540	22507344	147670784	8081681	1191405930	14922185	26458999	9502952	3927213	419071	4295785	5880781	26125	8155417	7567745	582361221	5620068	645803591	15624755	140751	457406	5390516	1981629	8850974	1019653	31193	78846	15820413	17212	7938840	1758263635	438735255	4860913	61522630	6176397	4410507	489346270	942530	439699399	101388	1191405930	645803591	1310225	9541667	63734383	9451	32420458	22515806	50379731	2316706589	3239280	275854000	24134929	113180	23601337	19238	108537	75299660	178313	5994040064	178905	2078964	18446013	46223880	9482408	11594297
1999	89659	395750933	19887785	267506298	15667235	3108778	65710	279709634	3266009	36794682	3167286	56248	73666	18812264	7992324	7982750	6337155	10226419	7002818	11574928	132108065	8210624	620989	319614	4130305	10026738	233059	61124	8459806	171641543	262517	319411	582579	1641997	3729450	30401286	109060951	7143991	147554	15319313	1252735000	17215935	14525140	48912971	3032874	38454863	525886	446519	3862101	3925229	11072230	139428	38284	931234	10283860	82100243	724218	68870	5321799	8446208	30474354	1800932833	2462704115	2030912462	217579952	864306932	12470795	71520954	324781951	2212780	40386875	1390244	65374561	428825949	607064140	5165474	831828	60501986	45146	111680	1243016	58682466	4157192	19149864	27692	8265123	1415779	1210206	667214	10761698	106727	56100	11422965	158289	764483	1249367360	6606500	6400463	469076891	4512597	8151296	10237530	3934521819	5040645749	1106123930	384018319	213004668	722105611	74790	1038225823		3754786	65445391	23636527	277381	6125000	56916317	2589795	5276444	126631000	15455874	29733408	4840422	12265731	87126	44601	46616677	1900030	456223550	5340784	4255277	2821684	5218038	156702	512730984	657616923	314325970	32221	18944731	2083995762	4739595823	2003234	2027628907	3524238	430475	2390482	427400	29284	28027179	32410	2930622	16000506	277412	483430509	97115707	50202	4425269853	2017142	11227415	387578	44787724	452793419	606001	2356813	65916	17734506	2541698	1175267	11047804	22435531	309502410	1776368	218527	11117411	123047320	4954018	15812088	4461913	24125199	10187	3835100	1193682861	2252909	9758520	150565377	2951822	26186504	77753257	18901	5349333	38660271	546890075	3800081	23497599	10217828	5003135	2848431	2014289	1015990094	236595	612500	22472040	147214776	8147912	1214263809	15472075	27130613	9730887	3958723	430500	4318043	5913900	26459	8492059	7540401	597802260	5771628	663257231	15698038	142442	466916	5396020	1983045	8857874	1030782	30977	80410	16228061	17959	8222705	1777464322	438650260	5000269	62299043	6208370	4492170	497065139	834697	449944988	102046	1214263809	663257231	1314708	9655963	64591923	9496	33300330	23257281	49976446	2341274091	3254015	279040000	24476008	113366	24066593	19730	108599	76287452	182048	6078404337	180275	1871524	19029420	46730335	9740005	11783458
2000	90588	406156661	20130327	274968446	16194869	3089027	65685	286548096	3493575	37213984	3221100	56855	74912	19028802	8011566	8048600	6470194	10251250	7221619	11925546	134544304	8170172	637582	323835	4159771	9979610	240799	61550	8606326	174018282	262063	326424	596863	1677382	3833416	30685730	108447824	7184250	148110	15503635	1262645000	17699004	14912631	50507442	3151345	39089934	536080	453317	3937739	3956229	11109109	133860	39674	947667	10255063	82211508	747318	68511	5339616	8584190	30903893	1819011507	2509431470	2050149617	218486598	865392479	12689206	73083284	325789631	2247031	40567864	1396985	67411494	429339162	621080692	5176209	840909	60918661	45754	112044	1275572	58892514	4077131	19637087	27709	8428832	1455084	1234741	703279	10805808	107451	56185	11697592	160065	764832	1255696330	6665000	6577773	481984327	4468302	8303151	10210971	3983328255	5116723507	1133395252	394129957	216077790	739265295	75659	1057922733		3805174	66418659	24424056	281205	6289000	56942108	2607826	5386945	126843000	15501103	30642890	4898362	12462336	88613	45248	47008111	1954709	462953688	5431212	4329340	2928117	5305021	158616	520272118	673630102	322668237	32645	19293054	2126559759	4814250279	2003913	2043581322	3499536	436300	2367550	430600	29996	28423435	32455	2924668	16516338	282019	494850317	98625552	50706	4491582042	2026350	11559290	390087	45290841	462980522	604950	2388299	68356	18129653	2613441	1186873	11315942	22967816	312909691	1818647	223098	11509630	126382494	5022633	15925513	4490967	24546509	10168	3857700	1202226474	2282131	9788238	154879127	3010369	26598331	79625397	19178	5537064	38258629	562428025	3810605	23665910	10289898	5100868	2922153	2042274	1021150563	240337	644989	22442971	146596869	8213931	1237185482	16177722	27816745	9968260	4027887	440469	4423611	5943366	26799	8838713	7516346	613632482	6032267	681125107	15786741	144018	476643	5388720	1988925	8872109	1041414	30773	81131	16637888	18730	8512093	1795374943	438423541	5140037	63007815	6284735	4582677	504556065	745088	460058369	102677	1237185482	681125107	1319774	9764935	65425961	9544	34260139	24000150	49556660	2365022283	3266206	282162411	24787054	113545	24526708	20241	108642	77154011	186281	6161884811	181685	1802493	19624141	47159719	10017631	11892055
2001	91439	416807868	20284307	282780717	16747208	3060173	65852	293580252	3723590	37624825	3211800	57053	76069	19274701	8042293	8111200	6634365	10286570	7445596	12295001	136805810	8009142	661316	327836	4179438	9928549	248379	61867	8752736	176301203	262425	333345	610794	1712254	3919487	31020855	107660041	7229854	148850	15683849	1271850000	18178913	15309490	52132646	3272537	39709262	547220	460293	4008947	3987087	11144132	129047	41089	964127	10216605	82349925	771313	68288	5358783	8720283	31331221	1836260943	2556335424	2068682053	219435056	866590696	12910740	74652029	326861195	2312079	40850412	1388115	69487762	429909307	635481068	5188008	849596	61364377	46635	112365	1309589	59119673	4014373	20167069	27657	8539960	1495011	1261273	749836	10862132	107987	56379	11969422	161329	764477	1262093741	6714300	6757993	495197350	4299642	8455918	10187576	4031080605	5192348770	1161268165	404662385	219097902	756605780	76476	1077898575		3866243	67452005	25197840	284968	6439000	56976981	2624403	5498894	127149000	15575550	31619170	4945073	12658484	90335	45761	47370164	2008121	469463143	5521482	4401918	3015338	5403639	160237	527572583	689878805	331269527	33194	19600362	2169474338	4888551481	2000853	2058600486	3470818	441525	2337170	433900	30803	28814643	32447	2918135	17032939	286767	506478256	100099099	51123	4557281954	2034882	11912158	393028	45771139	473223662	607389	2417751	67984	18537729	2678760	1196287	11593058	23526538	316051677	1857048	227707	11920647	129862595	5087825	16046180	4513751	24946748	10130	3880500	1211109104	2310217	9961679	159270907	3069537	26964601	81401488	19352	5728435	38248076	578587390	3818774	23815358	10362722	5187689	2997784	2069097	1026105872	244097	677925	22131970	145976482	8287094	1260149056	17041397	28516770	10212942	4138012	449125	4692716	5968060	27143	9198493	7503433	630019621	6308391	699588585	16017863	146375	486560	5378867	1992060	8895960	1051064	30726	81202	17051338	19576	8804124	1812475067	438100368	5277382	63651141	6407377	4675409	511809816	812249	470225878	103288	1260149056	699588585	1325567	9869677	66245128	9586	35198299	24745676	49106855	2387807616	3274251	284968955	25090283	113501	24979922	20796	108549	77969361	191031	6245112906	183166	1820009	20226147	47566800	10325185	11971901
2002	92074	427820358	21378117	290841795	17327699	3051010	66506	300691509	3956826	38029349	3199800	57062	77032	19495210	8081957	8171950	6824132	10332785	7675426	12680897	138933658	7837161	710553	331614	4188002	9865548	256009	62142	8900355	178503484	264148	340099	624409	1744763	4006077	31359199	106959751	7284753	149881	15857925	1280400000	18654771	15725528	53750524	3350771	40324680	558923	467046	4075705	4018796	11177418	129205	42514	981440	10196916	82488495	795574	68367	5375931	8852235	31750835	1852659155	2601917557	2086144389	220400259	868234843	13138472	76239137	328469678	2392978	41431558	1379350	71635517	430924112	651226758	5200598	858049	61812142	47335	112448	1345135	59370479	3978515	20729388	27831	8674066	1535691	1289307	797957	10902022	108404	56595	12246915	162315	763652	1268559564	6744100	6938859	509679981	4302174	8607641	10158608	4077229003	5267145775	1189916772	414935066	222088495	774981706	77275	1097600380		3931947	68011317	26006559	287523	6570000	57089824	2640572	5616066	127445000	15656677	32629808	4990704	12855241	92264	46020	47644736	2059974	475799008	5610889	4463504	3094782	5508410	161641	534691591	707266809	341035328	33694	19805752	2211549617	4961926647	1994679	2072599555	3443067	446175	2310173	438400	31604	29198142	32422	2911385	17549913	291616	518193093	101548624	51425	4620891319	2020157	12288050	395969	46232653	483540516	609828	2449027	66778	18958338	2738655	1204621	11880440	24102477	319046534	1889970	232236	12349144	133471989	5149909	16148929	4538159	25328981	10082	3948500	1220101353	2337140	10136134	163222549	3129344	27288217	83068889	19503	5924003	38230364	596114535	3823701	23943973	10419631	5261328	3075373	2095273	1031302538	247775	711205	21730496	145306497	8400180	1282584796	17910910	29228727	10466214	4175950	457671	4971435	5986631	27491	9550063	7500031	646942913	6596806	718662153	16250203	149922	496551	5376912	1994530	8924958	1059441	30960	83723	17468332	20597	9116192	1828744767	437806951	5413274	64266437	6531669	4769465	518881965	879159	480465143	103874	1282584796	718662153	1332011	9971515	67048795	9623	36121304	25532870	48677281	2409341702	3278867	287625193	25399980	113347	25435671	21430	108509	78772224	195863	6327557399	184471	1829462	20835086	48019415	10647949	12087653
2003	93128	439173286	22733049	299142845	17943712	3039616	69486	307815105	4192457	38424282	3182500	56971	77884	19720737	8121423	8234100	7043154	10376133	7913070	13082532	140970351	7775327	764517	335618	4178523	9796749	263780	62386	9050700	180622688	265776	346637	637663	1775736	4103086	31642461	106624167	7339001	150960	16024752	1288400000	19125542	16160340	55343867	3445753	40937429	569798	473383	4138784	4050990	11209383	131897	43934	999590	10193998	82534176	813519	68531	5390574	8980620	32175818	1868409996	2647109296	2102761941	221399692	870529446	13372306	77853548	330286340	2493903	42187645	1370720	73832663	432512916	667644273	5213014	866286	62249855	48032	112285	1382350	59647577	3951736	21296705	28274	8870781	1577611	1318806	847862	10928070	108884	56751	12525842	163137	763101	1275200577	6730800	7119213	524773987	4303399	8759912	10129552	4122775918	5341840046	1219064128	425311302	225048008	793752826	78049	1116803006		3996521	68769340	26802659	289521	6689700	57399184	2656623	5741828	127718000	15747380	33652223	5043308	13050968	94175	46176	47892330	2109881	481977727	5697945	4525508	3119532	5619398	162976	541643365	725111768	351244442	34079	19951521	2253206148	5034824498	1985059	2086139068	3415213	451630	2287955	443600	32395	29571415	32374	2903198	18071854	296491	530338988	102978515	51639	4683580056	2022725	12684955	398582	46667192	494288606	612267	2480374	65421	19392475	2802046	1213370	12181574	24679602	321812780	1917464	236678	12796984	137202644	5210963	16225302	4564855	25688758	10059	4027200	1229012217	2363796	10269557	167110248	3189807	27580490	84731835	19659	6123997	38204570	614269146	3826095	24090380	10458821	5326436	3154969	2120592	1036498631	251637	744682	21574326	144648618	8586875	1304347790	18786767	29896035	10721176	4114826	466154	5177687	5998599	27843	9909157	7480591	664400687	6903127	738316131	16441139	153814	506414	5373374	1995733	8958229	1066700	31327	82781	17889296	21727	9487833	1844349334	437905932	5552167	64868166	6658575	4863865	525787222	916878	491133637	104464	1304347790	738316131	1338709	10071632	67831730	9695	37089555	26352124	48315136	2430373908	3281186	290107933	25711259	113141	25892703	22134	108505	79563777	200746	6409750441	185430	1826434	21456379	48500348	10983595	12232323
2004	95138	450928044	23560654	307725100	18600423	3026939	74325	315060277	4428967	38815916	3164900	56818	78719	19932722	8171966	8306500	7310656	10421137	8159094	13500533	142902856	7716860	823741	339782	4140987	9730146	271688	62555	9204287	182675143	267298	352911	650544	1807146	4192826	31938807	106331716	7389625	152039	16187322	1296075000	19595000	16610487	56997741	3565554	41543171	580704	479370	4200078	4080569	11238756	134192	45352	1017875	10197101	82516260	826124	68649	5404523	9104892	32628286	1883675167	2693184997	2118747885	222413290	873069464	13608701	79477443	332140117	2598284	42921895	1362550	76077206	434193248	684007365	5228172	874366	62707588	48384	111925	1421609	59987905	3927340	21868298	28715	9062726	1621312	1349563	899917	10955141	109323	56898	12807402	163810	762418	1282168195	6783500	7298994	539803501	4304600	8910263	10107146	4168676771	5417128229	1248451458	436147454	227926649	812304004	78792	1135991513		4070262	70256316	27577878	292074	6809000	57828179	2672225	5882061	127761000	15850159	34713455	5104713	13244731	96085	46315	48082519	2157320	488032486	5781626	4599279	3156892	5736693	164239	548455563	742717957	361305645	34447	20087605	2295275996	5108183576	1971129	2099412663	3377075	458095	2263122	454700	33171	29953018	32307	2896023	18606608	301413	543086512	104394131	51791	4746877931	2016186	13102409	401268	47068772	505618583	613353	2508412	63938	19840313	2868664	1221003	12500737	25256772	324806660	1942082	240852	13265836	141057045	5272912	16281779	4591910	26016656	10060	4087500	1237896576	2404821	10371059	171286000	3251155	27852190	86394504	19820	6328041	38182222	632445407	3826878	24254943	10483861	5388175	3236626	2145505	1041890752	255654	773332	21451748	144067316	8816844	1325950587	19669480	30556637	10975704	4166664	474611	5355717	6004671	29457	10280998	7463157	682493463	7233041	758653144	16597133	157705	513923	5372280	1997012	8993531	1073159	31690	82475	18336875	22856	9920036	1859450104	438136036	5696508	65452047	6790547	4958093	532556401	929074	502381957	105071	1325950587	758653144	1345380	10166163	68592617	9816	38109668	27154515	47979507	2451601935	3283148	292805298	26029350	112835	26340838	22881	108466	80338971	205711	6492769815	186249	1822773	22095167	48991421	11338198	12365896
2005	97635	463076637	24404567	316588476	19291161	3011487	77421	322628451	4664790	39216789	3146400	56617	79611	20176844	8227829	8391850	7587299	10478617	8426144	13932123	144715786	7658972	888822	343894	4096493	9663915	279731	62711	9360754	184688101	268706	358916	661865	1839877	4288810	32242732	106041911	7437115	153126	16348778	1303720000	20068458	17074594	58775724	3696393	42128977	592677	485115	4261240	4049468	11262554	137658	46788	1036151	10211216	82469422	839167	68734	5419432	9225034	33109249	1898853723	2738846905	2134573057	223360135	875563919	13846163	81101004	333897752	2661215	43653155	1354775	78367470	435789139	700820603	5246096	882379	63180854	48359	111412	1463495	60401206	3902469	22449438	29163	9245844	1667037	1381585	947367	10987314	109734	56935	13087629	164365	760914	1289125857	6813200	7478355	555358929	4310145	9061273	10087065	4214082145	5492481030	1278398885	447132945	230871650	831265940	79516	1154676322		4159914	71828455	28407448	296734	6930100	58166682	2687066	6029587	127773000	15968117	35796484	5162640	13439202	98035	46437	48184561	2236788	494006571	5869523	4671102	3301015	5858798	165450	555120780	760741611	371788197	34753	20216524	2336911352	5181562375	1953076	2112603351	3322528	465158	2238799	473500	33928	30358144	32210	2888985	19159707	306429	556210211	105811504	51906	4809774178	2005330	13538647	403834	47438365	517240777	614261	2536407	62354	20304569	2939059	1228254	12840031	25836071	327822042	1966582	244381	13756192	145017253	5342105	16319868	4623291	26309458	10049	4133900	1246656490	2459802	10479844	175453212	3313026	28101180	88015962	19819	6535905	38165445	651320620	3821362	24396433	10503330	5448097	3320396	2170029	1047140108	259507	825408	21319685	143518814	9054528	1346886384	20559890	31262444	11235472	4265762	483080	5501712	6005578	29836	10644228	7440769	701214785	7590143	779665113	16699341	161639	519313	5372807	2000474	9029572	1079022	32057	82858	18814091	23988	10328092	1874487158	438333196	5844631	66017420	6924720	5052257	539188798	948311	513920381	105671	1346886384	779665113	1294494	10255472	69329557	9940	39182076	27963289	47585556	2472862826	3285771	295516599	26356975	112450	26785804	23665	108453	81088313	210760	6575841506	186978	1818354	22790085	49490033	11718819	12483432
2006	99405	475606210	25424094	325663158	20015279	2992547	79585	330526310	5009100	39622115	3127100	56374	80604	20450966	8268641	8484550	7865547	10547958	8693242	14373707	146405973	7601022	960424	348375	4063272	9604924	287878	62834	9521689	186653106	270002	364663	670799	1874516	4377579	32571193	105772481	7483934	154214	16509195	1311020000	20546802	17550407	60615908	3837409	42691084	604753	490728	4321340	4072929	11278550	141239	48232	1054418	10238905	82376451	855764	68806	5437272	9341183	33623506	1914002124	2784726644	2150688938	224417513	878166933	14086131	82700403	335499702	2703502	44397319	1346810	80703490	437263803	717975893	5266268	890365	63622342	48335	110729	1508337	60846820	3880347	23040702	29594	9441171	1715275	1415303	990343	11020362	110135	56775	13367459	164839	758966	1296891494	6857100	7656832	571454590	4311159	9216562	10071370	4258827055	5568236362	1309409307	458394453	233951652	851014854	80294	1172878890		4273591	73392747	28616515	303782	7053700	58399861	2700968	6427371	127854000	16103716	36904008	5218373	13639028	100017	46569	48438292	2364733	499910627	5963200	4751136	3490787	5980211	166639	561751999	779230030	383041001	35037	20352411	2378783316	5255157355	1945063	2126122277	3269909	472637	2218357	498900	34658	30771178	32057	2880967	19730909	313851	569898499	107253666	51992	4872116354	1994287	13990139	405308	47785135	529158464	615025	2567168	60682	20787087	3013660	1233996	13198701	26417909	331013939	1991888	247547	14268581	149077334	5418855	16346101	4660677	26565425	10034	4184600	1255746646	2514795	10601352	179682690	3375024	28324491	89508986	19593	6747720	38141267	670229212	3805214	24524507	10522288	5505148	3406334	2194265	1052866351	263223	972831	21193760	143049637	9299246	1367187349	21459144	31992435	11500094	4401365	491594	5624466	6002319	30184	10975502	7411569	720481278	7976526	801269368	16868546	165638	524997	5373054	2006868	9080505	1084436	32428	84600	19637022	25123	10706424	1889507244	438714358	6010668	66567687	7057566	5147105	545805913	976597	525752130	106253	1367187349	801269368	1297944	10346410	70045349	10056	40294902	28794003	47278694	2493333038	3289506	298379912	26699043	112014	27224686	24493	108369	82167897	215923	6659977025	187709	1813079	23543083	49998277	12129553	12636445
2007	100150	488580707	25909852	334984176	20778561	2970017	81877	338947976	5624635	40016763	3107400	56113	81704	20827622	8295487	8581300	8161874	10625700	8953969	14816307	147989278	7545338	1039295	353334	4013424	9560953	296100	63010	9685960	188552320	271288	370873	678641	1911201	4462770	32888886	105378748	7551117	155309	16671581	1317885000	21030558	18049896	62477752	3980430	43235374	616927	496190	4380248	4098855	11287272	144056	49687	1072714	10298828	82266372	874528	68847	5461438	9455658	34189416	1929185103	2830531957	2167046538	225016072	880656346	14328773	84276225	337282985	2743222	45226803	1340680	83103217	438796003	735110300	5288720	897832	64016890	48378	109880	1556237	61322463	3860158	23642279	30006	9662281	1765774	1450986	1036044	11048473	110522	56555	13652040	165267	756861	1305578110	6916300	7834798	587432384	4310217	9373296	10055780	4302067550	5643505923	1341438373	470476526	237062337	870961847	81147	1190676021		4398942	74602648	28391607	311566	7180100	58756247	2713800	6827227	128001000	16257214	38036349	5268385	13841770	102068	46706	48683638	2507887	505793340	6056236	4844118	3669050	6104380	167758	568345245	797516000	394448347	35262	20492545	2421545203	5328158709	1953268	2139958608	3231294	479993	2200325	520900	35337	31186468	31837	2874299	20318583	324479	583743828	108774360	52035	4933710362	1982933	14457775	406724	48125043	540838105	615875	2601850	58941	21287635	3093059	1239630	13576343	26998389	334183103	2018600	250725	14803610	153267261	5497243	16381696	4709153	26788492	10020	4223800	1264728255	2570174	10730365	184493231	3437490	28530699	91075184	19302	6963345	38120560	688722596	3782995	24646383	10542964	5559386	3494496	2218230	1059147302	266438	1208595	20882982	142805114	9549933	1386949456	22368313	32764135	11770344	4588599	500156	5749352	6009824	31211	11322582	7381579	740376633	8388788	823564883	17047450	169700	531016	5374622	2018122	9148092	1090705	32791	85033	20884125	26270	11081660	1904568042	438680283	6188344	67102394	7194477	5244046	552399650	1004889	537343609	106726	1386949456	823564883	1303188	10441702	70158112	10182	41435512	29653430	47062798	2512165159	3295153	301231207	27076008	111531	27649363	25366	108337	83633375	221276	6744489399	188753	1807094	24318082	50528584	12565085	12804058
2008	100917	502070763	26482622	344586109	21578655	2947314	83495	347684619	6302664	40424148	3087100	55828	82912	21249199	8321496	8763400	8505637	10709973	9228466	15258093	149474264	7492561	1103496	358120	3947544	9527985	304361	63300	9850858	190367302	272714	377793	686351	1949970	4558984	33247298	105001883	7647675	156408	16838988	1324655000	21514439	18574056	64390664	4113517	43758808	629307	501355	4440056	4124966	11291762	145880	51151	1091026	10384603	82110097	892734	68854	5493621	9573130	34816961	1944305887	2875943965	2183472438	226524480	884224673	14575202	85864789	338978475	2816327	45954106	1337090	85543668	440270719	753058095	5313399	903399	64375116	48547	108936	1607175	61806995	3848449	24249946	30413	9898870	1817852	1488054	1084530	11077841	110896	56328	13935174	165693	754606	1314671040	6957800	8012587	604007702	4309705	9530774	10038188	4346234014	5720065907	1373831893	482975881	240157903	890856012	82029	1207930964		4489544	75514204	28971036	317414	7308800	59211181	2725635	6989866	128063000	16426525	39206351	5318729	14053479	104222	46835	49054708	2651421	511659365	6148969	4925354	3821003	6235430	168808	574908733	816268129	405862712	35473	20629378	2464036877	5402245137	1966541	2153941306	3198231	488650	2177322	540700	35958	31606767	31836	2868833	20923840	336170	597799097	110374288	52030	4996382425	1971493	14940782	409379	48390793	552681993	616969	2643201	57150	21819036	3183269	1244121	13976417	27570059	337404564	2047056	253825	15361915	157595014	5576593	16445593	4768212	26990037	10009	4259800	1274711058	2626529	10862640	189499113	3500648	28719041	92699095	19009	7183002	38125759	708796270	3760866	24764618	10558177	5613574	3591977	2240739	1065603711	268379	1426938	20537875	142742366	9804269	1406047164	23287877	33623980	12048959	4839396	508790	5894722	6029297	31662	11663084	7350222	761026248	8817647	846656872	17228345	173793	537245	5379233	2021316	9219637	1098091	33145	86956	21636564	27427	11476296	1919570287	439732746	6368812	67619830	7338403	5345029	558968822	1032429	549090016	107020	1406047164	846656872	1308587	10542635	71051678	10321	42570728	30539553	46819175	2532345548	3302177	304093966	27494774	111028	28053696	26288	108397	85175788	226896	6830513541	190107	1800858	25111941	51114599	13021324	12959149
2009	101604	516003448	27466101	354343844	22414773	2927519	83888	356386673	6707058	40854831	3066000	55528	84173	21691653	8343323	8947243	8947646	10796493	9509423	15710066	150873714	7444443	1178415	362810	3879794	9504583	312614	63565	10016275	192079951	274123	384952	693988	1990673	4529047	33630069	104800475	7743831	157511	17009731	1331260000	21997940	19113974	66412044	4281219	44271541	641947	506141	4499791	4146899	11294719	146833	52618	1109371	10443936	81902307	911527	68864	5523095	9695265	35490445	1959017463	2921563644	2199148703	228250911	887741128	14825954	87501636	340136844	2887885	46362946	1334515	88007636	441388573	772015937	5338871	907239	64706436	48791	107957	1661556	62276270	3814419	24862664	30823	10143534	1871422	1526377	1135673	11107017	111254	56323	14215611	166173	752094	1322754052	6972800	8189899	621337653	4305181	9689581	10022650	4391389527	5797994405	1406604878	495610570	243220028	910994308	82939	1225524753		4535375	76457825	30058206	318499	7485600	59555454	2736995	7141753	128047000	16619846	40408891	5389643	14276810	106467	46916	49307835	2795484	517459947	6241642	4992287	3943028	6366686	169869	581388129	835687108	417577386	35742	20756435	2506795582	5477389130	1980883	2167303374	3162916	497783	2141669	535000	36502	32030778	32364	2865213	21547280	348275	612128501	111999721	52019	5059811744	1958782	15435539	412477	48660459	565038251	618294	2691115	55325	22391745	3284448	1247429	14395788	28124778	340465163	2077394	257250	15943675	162049464	5656601	16530388	4828726	27173035	10016	4302600	1283973216	2684659	10989567	194376534	3564381	28896811	94384250	18709	7406438	38151603	730293963	3740410	24878332	10568247	5671236	3689099	2262456	1071118156	269481	1608903	20367487	142785348	10060432	1425370200	24217654	34569113	12337389	4987573	518141	6055646	6048279	33066	11961201	7320807	782252358	9243556	870347292	17398922	177853	543568	5386406	2039669	9298515	1105153	33491	87298	21976969	28588	11893754	1934167856	441304973	6551865	68121080	7490230	5451592	565454932	1058782	561349152	107203	1425370200	870347292	1310106	10650681	72039206	10461	43633982	31451151	46623731	2553016162	3310091	306771529	27939328	110508	28438298	27218	108404	86460018	232731	6916589116	191513	1794681	25927724	51728516	13490389	13142790
2010	101838	530308387	28284089	364358270	23294825	2913021	80706	363568534	6869838	41288694	3044800	55228	85320	22031750	8363404	9054332	9376444	10895586	9797484	16176498	152201981	7395599	1228543	367478	3811472	9483836	320245	63725	10182345	193701929	275243	392332	701632	2033111	4492995	34005902	104421447	7824909	158621	17181464	1337705000	22488065	19668066	68563038	4462290	44777319	654836	509784	4555962	4173335	11297409	148703	54099	1127816	10474410	81776930	930251	68859	5547683	9820175	36188236	1973602166	2967104472	2214613815	230106440	890990371	15076695	89196072	341002804	2945186	46576897	1331475	90538514	442088310	791371804	5363352	910419	65026211	48657	107540	1719879	62766365	3786695	25474995	31248	10396086	1926630	1566347	1189085	11121341	111586	56534	14500112	166522	749256	1328657754	7024200	8365878	638796398	4295427	9803294	10000023	4436714947	5876645582	1439930635	508422508	246305322	931508127	83873	1243481564		4560155	77420842	31045366	318041	7623600	59819407	2748568	7297043	128070000	16836810	41598567	5467059	14500726	108704	46846	49554112	2943372	523147480	6334194	5041288	4058890	6497839	170906	587752505	855348118	429515596	36022	20879089	2550264612	5553257507	1996251	2179525352	3097282	506953	2097555	537000	36856	32467016	33163	2862354	22183340	360792	624828664	113623895	52044	5123741911	1946298	15945198	414508	49024382	577396038	619428	2738622	54091	22999235	3390965	1250400	14826463	28655776	343447854	2109811	261582	16548835	166642886	5737450	16615394	4889252	27341952	10043	4350700	1292701737	2757446	11112466	199239047	3628535	29086019	96337125	18396	7633523	38042794	752046672	3724465	24987258	10573100	5737971	3786161	2289399	1076208648	270580	1616832	20246871	142849468	10317553	1444967010	23978487	35414399	12635413	5076732	532968	6222714	6068249	33270	12261756	7291436	804038373	9745953	894666657	17575200	181802	549923	5391428	2048583	9378126	1111650	33794	89770	22482421	29739	12312575	1948643347	442936599	6732590	68579447	7652141	5564356	571822092	1084679	573609877	107400	1444967010	894666657	1317714	10765980	73142150	10614	44758488	32390802	46456003	2573477299	3318580	309378227	28385506	109959	28813101	27675	108357	87455152	238248	7001266876	193023	1788743	26754387	52344051	13965594	13356548
2011	102591	544737983	29347708	374790143	24218352	2905195	77783	372054934	7104538	41730660	3027900	54895	86332	22340024	8391643	9173082	9717978	11038264	10093623	16661908	153591076	7348328	1195020	371729	3741798	9461643	327298	63733	10348929	195284734	276139	399389	709377	2073535	4565021	34339221	104174038	7912398	159706	17351816	1345035000	22982000	20232304	70849311	4609724	45259614	668056	511447	4609833	4201107	11301571	150831	55606	1146493	10496088	80274983	948558	69053	5570572	9945621	36903376	1989106668	3013476947	2230826576	231988438	893009595	15326227	91093059	340367367	2998485	46742697	1327439	93149970	441414078	810972272	5388272	912989	65340830	48543	107698	1781985	63258810	3756441	26095088	31660	10656810	1983784	1608076	1241835	11104899	112079	56890	14792126	166543	746153	1334557663	7071600	8540583	656783491	4280622	9914904	9971727	4483152627	5956718993	1473566366	520984443	249470032	952581923	84382	1261224954		4580084	78383598	32161424	319014	7765800	60026841	2760494	7480424	127833000	17066002	42758461	5546587	14722584	110647	46886	49936638	3132814	528822706	6426590	5096020	4221178	6343203	171801	594086829	875685078	441658754	36312	21009048	2593815085	5630227189	2014009	2193171336	3028115	518347	2059709	549600	37069	32912588	33946	2860699	22822300	373674	639053870	115243504	51907	5188568435	1937398	16469049	416268	49419820	589646039	620345	2786317	53608	23649039	3502811	1252404	15265022	29162039	346242415	2146325	266543	17176283	171379598	5819051	16693074	4953088	27464494	10098	4384000	1299644689	3076763	11226214	203746065	3693505	29304086	98248614	18078	7859346	38063255	774567417	3693464	25097874	10557560	5814626	3882986	2320899	1079468050	271727	1624761	20147528	143018195	10573733	1464372623	25091867	36140806	12958897	5183688	552945	6387251	6090127	32620	12348830	7236519	826290715	10288109	919528126	17748220	185649	556269	5398384	2052843	9449213	1117833	34267	87441	22878098	30846	12754997	1964036970	444846366	6916474	69007208	7824785	5683417	578171855	1110207	585763053	107570	1464372623	919528126	1328019	10886035	74223629	10780	46029367	33354543	46307853	2594753350	3326825	311839461	28823196	109349	29185212	28710	108290	88468314	243474	7087120034	194713	1791949	27582897	52995205	14437796	13595424
2012	104110	559609961	30560034	385360349	25177394	2860708	76834	381030177	7391448	42161721	3024100	54489	87260	22733465	8429991	9295784	10071028	11106932	10397657	17172287	155070101	7305888	1208964	375469	3670113	9446836	334414	63646	10515807	196876111	276938	405557	717279	2108617	4610848	34713395	103929494	7996861	160767	17519119	1354190000	23467078	20809529	73254618	4740450	45715810	681630	511955	4663934	4228445	11303175	152088	57136	1165397	10510785	80425823	966747	69118	5591572	10070411	37646166	2006566431	3058869436	2249081393	233875199	896514510	15572194	93161001	341100659	3036988	46773055	1322696	95798767	442069839	831065598	5413971	914918	65657659	48291	107890	1846889	63711000	3728874	26734268	32029	10921581	2043094	1651417	1293483	11045011	112775	56810	15089647	166331	746288	1342428400	7150100	8715076	675397557	4260368	10069771	9920362	4532100585	6038958543	1506857958	532980174	252698525	973877784	84335	1278674502		4599533	79370580	33654842	320716	7910500	60191247	2772430	7587127	127629000	17306106	43888303	5652076	14945085	112284	47033	50199853	3337109	534503260	6518978	5235742	4373043	6179328	172587	600420316	896684951	453652889	36657	21169458	2637101332	5709148191	2034354	2209319631	2989139	530946	2034319	567900	37276	33355241	34711	2860324	23462438	386818	653273442	116818208	51419	5255495302	1929821	16957033	420028	49837446	601566988	621418	2839705	53234	24337846	3619034	1255882	15709577	29662831	349116140	2194654	271633	17836769	176200625	5901287	16754962	5018573	27534915	10267	4408100	1307733583	3547106	11346082	207667125	3759256	29550366	100175512	17765	8081390	38063164	798002725	3661045	25211728	10514844	5897008	3979998	2351924	1084193277	273084	1722438	20058035	143378447	10829901	1483553073	26168861	36923178	13310495	5312437	573606	6551080	6113975	33469	12461160	7201497	849083240	10756240	944970310	17926451	189439	562633	5407579	2057159	9519374	1123863	35023	88303	22759763	32127	13210998	1981382735	446941101	7100736	69436098	8014084	5808546	584524334	1134885	597586990	107460	1483553073	944970310	1335194	11009647	75175827	10934	47374260	34337438	46210056	2618393970	3335401	314339099	29261903	108736	29553826	30345	108188	89510356	248883	7176929184	196498	1807126	28433647	53782567	14913629	13817887
2013	105675	575202699	31622704	396030207	26165620	2816902	75194	390954281	7693031	42582455	3022000	54006	88064	23128129	8479823	9416801	10439341	11159407	10708834	17695409	156532141	7160005	1253191	378953	3610859	9443211	341627	63574	10682608	198478299	277665	411202	725273	2140682	4642419	35080992	103570062	8089346	161777	17687006	1363240000	23939775	21402376	75789395	4857099	46151584	696192	512225	4716147	4257682	11298167	153822	58655	1183895	10514272	80645605	984824	69715	5614932	10193833	38414171	2023850158	3103677284	2267072102	235905150	899907172	15807128	95333553	341639530	3074360	46604197	1317997	98438751	442425741	851404936	5438972	916352	65997932	48246	108121	1913059	64139000	3717668	27386193	32407	11191873	2103820	1695973	1346218	10965211	113487	56483	15387337	165966	750021	1350149879	7178900	8889278	694622934	4233922	10222362	9872734	4581958556	6120456890	1538498334	544442648	255852467	994055686	84141	1295829511		4623816	80414686	35281989	323764	8059500	60311613	2783687	7991809	127445000	17556502	44986791	5777150	15170208	113838	47069	50428893	3507844	540118712	6611385	5743436	4470239	6304628	173369	606683307	918269633	465087882	36984	20585000	2679816109	5787391504	2056504	2225005187	2961250	543360	2012647	591900	37419	33787571	35447	2859558	24109290	400070	667464006	118343573	50681	5322303622	1922716	17459615	424810	50262658	613151287	622587	2899011	52758	25051611	3734318	1258927	16161816	30174265	351870848	2252508	276822	18519898	181049443	5983845	16804432	5079623	27589996	10517	4442100	1315427979	3833913	11466589	211073978	3825329	29817919	102076336	17648	8302698	38040196	822138419	3631427	25329451	10457295	5982445	4076708	2382931	1088424167	274728	1916426	19983693	143805638	11093340	1501661991	27624004	37785849	13710849	5399162	594945	6714051	6138839	33041	12869594	7166553	872704206	11166275	971232906	18107202	193148	569020	5413393	2059953	9600379	1129990	35854	89949	21666917	33653	13691079	1998548872	449128604	7285442	69845114	8216724	5939341	590809938	1158695	609074579	107078	1501661991	971232906	1340557	11141361	76147624	11001	48824128	35337042	46126770	2642487513	3345337	316726282	29724065	108135	29912198	31703	108041	90573104	254482	7265892332	198268	1818119	29312952	54678791	15398997	14013808
2014	106807	590968990	32792523	406992047	27160769	2773767	73737	400231008	8059440	43024071	3013800	53466	88765	23475686	8546356	9535079	10799785	11209057	11030004	18229461	157964929	7073572	1314562	382298	3564829	9448515	348923	63529	10848888	200085127	278348	416750	733139	2172044	4623182	35434066	103280478	8188649	162726	17864195	1371860000	24527395	22059893	78403242	4975880	46565429	711503	512326	4767119	4286546	11285775	155909	60160	1201801	10525347	80982500	1002717	70373	5643475	10315528	39205031	2040383789	3146800078	2284385542	237999321	903561071	16035124	97528654	342228563	3095173	46460733	1314545	101115610	442920819	871345375	5461512	917585	66312067	48428	108396	1978399	64620000	3719414	28041592	32813	11472924	2164528	1741122	1399828	10892413	114132	56295	15681725	165486	754229	1357496263	7229500	9063122	714769441	4201598	10373235	9833038	4630607878	6201607778	1570999900	555868551	258877399	1015131349	83892	1312277191		4657740	81502045	36550059	327386	8215700	60320707	2793749	8791710	127276000	17816285	46051440	5905848	15396772	115326	47089	50746659	3665876	545661592	6703172	6346990	4564293	6427252	174138	612849401	940284138	476470767	37248	20778000	2723061855	5865202078	2080089	2241122152	2937253	556319	1993782	621700	37450	34204780	36128	2857815	24764348	413617	680716578	119784261	49796	5388731311	1917557	18020267	433481	50681634	624564062	623744	2963113	52178	25788475	3848514	1261208	16621538	30696137	354755155	2312139	281224	19215909	185896915	6066492	16865008	5137232	27672370	10742	4516500	1323459714	4002439	11591200	214264647	3892101	30115826	103767130	17715	8523441	38011735	846420736	3585017	25451262	10401062	6069811	4173398	2414338	1093025476	276387	2151745	19908979	144237223	11364757	1519839246	28309273	38823318	14152102	5469724	616908	6876385	6162955	32655	13339491	7131787	896754068	11235073	997961037	18292084	196767	575373	5418649	2061980	9696110	1136299	36672	91359	20273659	35050	14188678	2014960984	451432428	7472450	70216367	8425552	6075283	597023419	1181903	620390664	106609	1519839246	997961037	1345343	11274288	77181884	10984	50351512	36395539	45972380	2665669456	3356334	319257560	30222994	107535	30254079	32962	107882	91679578	260240	7354068030	200037	1812788	30226309	55594838	15895315	14207359
2015	107906	607123269	33831764	418127845	28157798	2731293	72174	410190679	8505237	43477012	3004600	52878	89409	23815995	8642699	9649341	11047580	11274196	11360681	18777487	159383179	6984225	1370322	385346	3518541	9461076	356333	63464	11014705	201675532	278990	422212	740618	2203273	4629320	35704498	102973167	8282396	163454	18047625	1379860000	25246342	22763414	81035531	5097581	46969940	726682	512394	4818038	4314191	11275065	157980	61642	1219502	10546059	81686611	1020313	70410	5683483	10434829	40019529	2056050896	3190318707	2300844269	240083379	907527486	16266225	99597342	343180482	3105546	46422303	1315407	103867135	443793218	890869511	5479531	918578	66548272	48899	108716	2040989	65088000	3725276	28696068	33193	11767070	2224529	1786457	1453923	10820883	114676	56114	15971743	164905	758781	1366013614	7291300	9237305	735429414	4151725	10523242	9797755	4676773551	6280961830	1604188279	567234056	261799249	1036954223	83593	1328024498		4701957	82619362	37560535	330815	8380100	60229605	2802534	9544729	127141000	18084169	47088526	6040036	15623251	116815	47087	51014947	3834574	551075145	6801645	6472469	4659431	6531819	174905	618868462	962508256	488308267	37494	20970000	2765011526	5941222744	2104611	2256126712	2911109	569604	1977527	642900	37369	34607588	36757	2835978	25426702	428154	694232973	121072306	48800	5452914477	1912430	18593022	444220	51089056	635352686	624651	3026864	51514	26547572	3965959	1262879	17085587	31232798	357583083	2374300	283168	19939498	190671878	6149417	16939923	5188607	27823629	10954	4609400	1331675197	4184895	11722398	217290883	3960035	30457600	105312992	17770	8743246	37986412	870587800	3535167	25575350	10358076	6159103	4270092	2445989	1097890139	277866	2344557	19815616	144640716	11640022	1537370078	29816382	40024431	14593331	5535002	639415	7037655	6183676	32897	13806963	7095383	921290560	11107561	1025251114	18482578	200291	581627	5423801	2063531	9799186	1142813	37471	93419	19424618	36605	14647621	2030504270	453662073	7663195	70540795	8643840	6215770	603091701	1205131	631082594	106095	1537370078	1025251114	1349667	11402264	78218479	10963	52020962	37531446	45784896	2687902951	3368017	321815121	30749346	106960	30573972	34498	107712	92823254	266101	7441677465	201782	1788274	31159379	56723537	16399089	14399013
2016	108727	623369401	34700612	429454743	29183070	2689469	72181	419808341	8935095	43900313	2992300	52245	89969	24190907	8736668	9757812	11239451	11331422	11697842	19334856	160811932	6894139	1423726	388055	3473003	9469379	364705	63449	11180020	203218114	279598	427564	747866	2234776	4713663	36110803	102647939	8373338	163883	18267221	1387790000	25989405	23454161	83956415	5222536	47437512	741741	512554	4866998	4341333	11265612	159664	63100	1237112	10566332	82348669	1037653	69606	5728010	10551430	40850721	2071486140	3233033717	2317076058	242224182	911579016	16505139	101644589	344132977	3124698	46458139	1315790	106718162	444676652	910836458	5495303	919166	66724104	49464	109075	2100306	65607000	3727505	29356742	33658	12073030	2283769	1831893	1508186	10775971	115130	56186	16268760	164233	763548	1374284415	7336600	9412380	756895035	4106867	10671457	9759755	4721566970	6360153661	1638586691	578463670	264627418	1060123021	83466	1343944296		4762722	83812228	38469627	335439	8546000	60115223	2809915	10006367	127076000	18363600	48139687	6175338	15852803	118478	47075	51217803	4004096	556440282	6908802	6323060	4755608	6632126	175646	624737786	985414939	501149314	37716	21209000	2806590212	6017111688	2130422	2270841806	2877325	582014	1959537	652500	37175	35023457	37276	2803186	26099952	443308	707023525	122251351	47709	5515962374	1906313	19191289	454505	51495696	645837915	625353	3088856	50773	27337105	4086657	1263747	17557739	31789685	360527592	2439213	283423	20685753	195443700	6232666	17030314	5234519	27955462	11150	4714100	1340142055	4390877	11851918	220138869	4029086	30866494	106735719	17797	8961718	37970087	895239872	3480432	25698326	10325452	6249126	4367088	2477794	1102966925	279178	2477113	19702267	145015460	11919183	1555111864	30954198	41259892	15034521	5607283	662379	7205328	6200800	33101	14348740	7058322	946011305	10830102	1052824144	18671045	203689	587757	5430798	2065042	9923085	1149507	38249	94677	19193834	38315	15114655	2045816761	455913002	7858289	70859841	8865631	6360041	609017063	1228312	641470827	105524	1555111864	1052824144	1353895	11528674	79277962	10930	53824013	38799152	45616832	2709372162	3379283	324353340	31284568	106349	30765720	33878	107516	94000117	272087	7528879985	203499	1777568	32109010	57259551	16914423	14600294
2017	108735	640058741	35688935	440882906	30234839	2648285	73763	428315886	9223225	44288894	2979400	51586	90468	24592588	8797566	9854033	11506762	11375158	12039780	19894407	162186147	6803468	1501116	390485	3428682	9458989	373202	63578	11344587	204703445	280171	432772	754335	2266747	4793511	36545075	102337501	8451840	164319	18558868	1396215000	26733372	24128601	87083398	5351011	48131078	756669	512893	4913177	4366140	11247829	160175	64535	1254275	10594438	82657002	1054841	68496	5764980	10666843	41689299	2087238522	3274060446	2333475520	244308649	915065824	16759519	103696057	344810179	3150347	46571232	1317384	109666481	445321060	931222867	5508214	918759	66918020	50180	109481	2156900	65966000	3728004	30008354	34245	12385659	2342189	1877072	1562396	10754679	115438	56172	16567357	163490	768479	1380319892	7393200	9588137	779389964	4041407	10817754	9726756	4765773411	6440011821	1674238410	590024074	267346658	1084214336	83609	1359657400		4827445	85026754	39337353	343400	8713300	60002252	2815764	10234226	126972000	18651931	49197766	6306696	16073372	120275	47050	51361911	4154812	561957179	7018147	6160128	4848925	6738770	176342	630414986	1008993468	514890519	37962	21453000	2847931114	6093971714	2157110	2285870134	2842639	596336	1942248	648400	36837	35446392	37678	2755189	26788375	458287	718887744	123400057	46529	5579081195	1898657	19813011	467106	51894938	656767614	625982	3148917	49959	28166393	4210600	1264887	18039715	32355644	363217262	2506853	283546	21435446	200254579	6316231	17131296	5276968	28011258	11324	4813600	1348127258	4537396	11989367	223273967	4098707	31324637	108119693	17812	9178714	37974826	920568701	3410837	25817709	10300300	6338660	4454805	2509999	1107161559	280087	2545820	19588715	145293260	12202060	1572520427	30977355	42714306	15475002	5612253	685672	7379299	6213533	33825	14916629	7020858	971179323	10259154	1080941647	18865506	206970	593713	5439232	2066388	10057698	1158195	38996	95843	19224668	39913	15622759	2061449949	458010325	8057140	71160187	9085946	6507061	614776664	1251703	652312809	105356	1572520427	1080941647	1356633	11650498	80312698	10869	55652890	40177388	45436041	2731150081	3388438	326608609	31819178	105663	30565323	32699	107281	95176977	278507	7614523410	205415	1791019	33090921	57635162	17441320	14812482
2018	108908	657801085	36743039	452195915	31297155	2607733	75162	435998060	9346701	44654882	2969000	50908	90926	24963258	8840521	9939771	11859446	11427054	12383347	20438288	163523103	6710798	1503091	392717	3387000	9438785	380226	63831	11508368	206107261	280711	437810	759759	2299141	4878657	37072620	102074201	8514329	164949	18893191	1402760000	27464173	24806383	90047644	5483118	49024465	771590	513415	4957818	4407658	11227118	159336	65941	1270737	10629928	82905782	1071882	68174	5793636	10782053	42505035	2100698838	3314245247	2347576325	246400484	918689254	17049547	105682094	345864630	3192760	46782011	1321977	112664152	446329890	951851595	5515525	917180	67158348	50996	109909	2212318	66289000	3726549	30637585	34854	12704774	2399632	1922168	1616422	10732882	115691	56023	16845685	162679	791556	1385103279	7452600	9765210	802020674	3988775	10962362	9706964	4806981820	6518058354	1711076534	601951913	269951846	1109124621	83805	1374659064		4898022	86117998	40265624	352721	8882800	60148658	2820097	10462306	126811000	18932727	50207107	6444079	16274522	122084	47008	51585058	4323515	567711159	7128045	5984119	4944726	6849055	177017	635778081	1033110314	529522043	38246	21670000	2888561818	6169658713	2183603	2298394042	2819200	607950	1927174	658900	36012	35839760	38154	2707203	27494926	473099	730362334	124573711	45285	5640136670	1889051	20442030	483903	52272247	668447432	626438	3208189	49077	29018644	4337685	1265577	18528081	32910967	365666028	2577327	283541	22188069	204938755	6400080	17231624	5311916	28079689	11477	4900600	1356470975	4597877	12135267	226928892	4167860	31897584	109465287	17814	9394513	37974750	946317177	3290690	25931147	10283822	6427382	4569087	2542009	1111377470	279815	2580734	19473970	145398106	12487996	1589164714	30196281	44230596	15914498	5638676	709101	7554563	6219807	34522	15452487	6982604	997236086	10122977	1109997000	19084934	210187	599513	5446771	2073894	10175214	1168929	39712	96762	19577845	41559	16156531	2074796982	459946883	8258778	71376079	9307333	6655524	620274430	1275959	663878345	105567	1589164714	1109997000	1359193	11765514	81407204	10751	57437145	41565831	45208907	2751574852	3394534	328529577	32373490	104926	29807592	34657	107001	96237319	285259	7697233736	207582	1797086	34085182	58613001	17973569	15034452
2019	109203	675950189	37856121	463365429	32375632	2567801	76474	444281315	9445785	44973465	2962500	50209	91364	25334826	8879920	10024283	12255336	11488980	12726755	20961952	164913055	6616726	1483756	394675	3345533	9419758	385829	64107	11671386	207455459	281207	442680	764824	2332083	4944703	37618495	101864274	8575280	165639	19197744	1407745000	28193009	25506095	92947442	5616661	49907985	786578	514104	4999553	4443134	11202846	157441	67327	1286671	10671870	83092962	1088709	67880	5814422	10894043	43294546	2112289891	3355014793	2359762190	248576676	921932163	17340021	107553158	346496601	3240194	47118501	1326898	115737383	446910453	973035228	5521606	914899	67382061	51792	110282	2267706	66631000	3720161	31258945	35494	13034346	2456844	1967696	1670177	10721582	115981	56225	17103803	161808	807665	1389770301	7507900	9943633	824649053	3949390	11105163	9694824	4845075024	6594216452	1749141428	614017319	272489381	1135124109	83957	1389030312		4976456	87051648	41192171	360563	9054000	59729081	2823271	10671891	126633000	19209555	51202827	6590211	16481304	123921	46952	51764822	4442316	573311679	7237636	5794594	5043721	6951033	177661	640962372	1058013514	544980983	38563	21803000	2928617292	6243562839	2209405	2308878047	2811089	620001	1913822	672000	34267	36210898	38109	2664224	28219554	487731	742714463	125762982	44007	5698581856	1876262	21068405	503912	52640713	680490997	626753	3267673	48129	29884380	4467708	1265985	19025752	33440596	367908829	2650494	283606	22947757	209485641	6483657	17344874	5347896	28414064	11587	4970300	1364146219	4591241	12281907	230800899	4234700	32449303	110804683	17798	9609010	37965475	972302503	3302691	26037632	10286263	6515058	4685306	2568656	1114898817	279034	2638657	19371648	145453291	12776103	1605412986	30063799	45548175	16352922	5703569	728147	7731991	6222318	34663	16030971	6945235	1023480610	10423384	1139315618	19293697	213392	605768	5454147	2088385	10278887	1179874	40385	97625	20353534	43166	16685223	2086281644	461933206	8463068	71522271	9529966	6803944	625467307	1300945	675805691	105669	1605412986	1139315618	1363985	11875081	82579440	10581	59174891	42999637	44957458	2769964564	3397206	330226227	32964701	104167	28938098	36395	106669	97173776	291985	7778008621	209780	1788891	35111408	59587885	18513839	15271368
2020	108587	694446100	39068979	474569351	33451132	2528480	77380	453723239	9401038	45191965	2961500	49761	91846	25649248	8916864	10093121	12617036	11538604	13070169	21478690	166298024	6550696	1472204	395863	3299349	9379952	390812	64382	11816299	208660842	281698	447404	770006	2365894	5026628	38028638	101215763	8638167	166235	19370624	1411100000	28915449	26210558	95989998	5752791	50629997	802163	514679	5034320	4459302	11176354	155482	68684	1302247	10697858	83160871	1105188	67573	5831404	11008300	44042091	2121866294	3396051187	2369420882	250351240	923664467	17546065	109315124	346986142	3291271	47359424	1329522	118917671	446870959	994901090	5529543	914963	67601110	52565	110916	2322539	66744000	3722716	31887809	36173	13371183	2515733	2013255	1716468	10698599	116341	56367	17357325	162158	807481	1393472875	7481000	10119640	847743308	3914206	11243848	9670419	4878296727	6666470352	1788173625	626440308	274814866	1161733317	84064	1402617695		5039747	87723443	42116605	366463	9215100	59438851	2830739	10865228	126261000	19482117	52217334	6726596	16725474	126099	46870	51836239	4400267	578091505	7346533	5702398	5149463	7045399	178250	645498186	1083636132	560643073	38901	21919000	2968398856	6313913801	2235727	2316152451	2810369	630419	1900449	685400	31786	36584208	38050	2635130	28953556	502118	756405281	126799054	42706	5753270728	1856124	21713836	515490	53016522	692532027	626590	3327204	47528	30783688	4600131	1266014	19533888	33889558	369670740	2728762	284176	23717613	213996181	6565267	17441500	5379475	28966574	11643	5072400	1369310195	4522497	12417333	235001746	4293261	32838579	112081264	17792	9815746	37515748	998624261	3281590	26136312	10297081	6603739	4803269	2595522	1117007476	279209	2794148	19265250	145245148	13065837	1621073417	31552510	46789231	16789219	5685807	744498	7912558	6234673	34770	16651191	6899126	1049999318	10698467	1169015451	19472157	217435	612317	5458827	2102419	10353442	1192729	41008	98462	21049429	44386	17224679	2095759417	462842288	8669720	71641484	9749310	6949912	630051021	1326053	687728758	105704	1621073417	1169015451	1366725	11974057	83384680	10399	60972798	44457152	44680014	2784871872	3398968	331577720	33586372	103526	28444077	37135	106290	98079191	298858	7854748424	211944	1790151	36134863	60562381	19059395	15526888
2021	107700	713090928	40000412	485920997	34532429	2489762	78364	460646603	9575152	45312281	2962300	49225	92349	25685412	8955797	10137750	12965481	11586195	13413417	21995243	167658854	6507301	1504365	396373	3244907	9302585	395346	64648	11937360	209550294	282147	451721	775442	2401441	5112100	38239864	100205732	8704546	166741	19456334	1412360000	29639736	26915758	99148932	5892183	51188173	818174	516649	5059988	4479167	11122168	153948	70108	1317309	10505772	83196078	1121248	67202	5856733	11123476	44761099	2128553744	3432026092	2375117716	251867727	924381062	17682454	110957008	347207191	3350183	47443821	1330932	122138588	446227358	1016906998	5541017	916711	67842811	53296	111624	2376722	66984000	3708610	32518665	36858	13710513	2576010	2058841	1758786	10569207	116688	56653	17598650	163730	815482	1391814501	7413100	10289877	870930036	3878981	11374586	9630932	4905212516	6732651035	1827438519	639196319	276758053	1188242200	84106	1414203896		5110585	88455488	43071211	372520	9371400	59133173	2837682	11066356	125681593	19743603	53219166	6851224	16974305	128377	46763	51769539	4360865	581884231	7453194	5718122	5259323	7135175	178522	649236072	1109175268	576076618	39182	22156000	3006243027	6378323939	2261542	2320127638	2808380	640064	1884490	682500	29961	36954442	38527	2595809	29691083	516154	767578451	127648148	41367	5802247321	1837114	22388630	518150	53387102	704458802	625053	3383741	46979	31707800	4734874	1266334	20047258	34282399	370404272	2810548	285214	24502140	218529286	6644741	17533044	5408320	29475010	11709	5084600	1371785073	4500424	12541889	239477801	4345405	33155882	113100950	17783	10012896	36981559	1024960313	3262711	26232534	10361831	6684182	4922749	2625493	1116582773	279792	2504910	19122059	144746762	13355260	1634785356	30784383	48066924	17220867	5453566	762591	8094602	6255782	34252	17271431	6834326	1076774079	10865780	1199011925	19646549	221961	617896	5447247	2108079	10415811	1206593	41571	99258	21628839	45243	17828273	2102350702	463104389	8878379	71727332	9966908	7092043	633862610	1350139	699536053	105490	1634785356	1199011925	1367558	12048622	84147318	10194	62830412	45910930	44298640	2796004294	3396695	332099760	34243696	102841	28237826	37809	105870	98935098	305868	7920514854	213779	1786079	37140230	61502603	19603607	15797210
2022	107310	731821393	40578842	497387180	35635029	2451636	79705	471352066	10074977	45407904	2969200	48342	92840	26018721	9041851	10141756	13321097	11680210	13759501	22509038	169384897	6465097	1524693	397538	3204802	9228071	402733	64749	12077154	210306415	282318	455370	780914	2439892	5098039	38935934	100071871	8777088	167215	19553036	1412175000	30395002	27632771	102396968	6035104	51737944	834188	519741	5081765	4497310	11059820	153321	71591	1331370	10672118	83177813	1137096	66826	5903037	11230734	45477389	2133560408	3470644834	2379617118	250514347	924234471	17823897	112618250	348200155	3409447	47786102	1348840	125384287	447202673	1036390026	5556106	919422	68184457	53912	112114	2430747	67604000	3712502	33149152	37609	14055137	2636470	2105529	1803545	10436882	116913	56661	17847877	165180	821637	1398001706	7346100	10463872	893906294	3855641	11503606	9605074	4928196300	6794724390	1866528090	651895919	278830529	1214632171	84132	1425423212		5212836	89524246	44070551	382003	9557500	59013667	2839144	11256263	125124989	20034609	54252461	6975220	17201724	130469	46709	51672569	4589643	585648822	7559007	5744489	5373294	7223805	178781	653108120	1134585604	591481496	39493	22181000	3043358377	6437946207	2286110	2323799591	2831639	653103	1879383	677300	28870	37329064	38931	2528654	30437261	524106	782349366	128613117	40077	5846464711	1831712	23072640	531113	53756787	716508657	623591	3433748	46078	32656246	4875637	1262523	20568728	34695493	373018004	2889662	287123	25311973	223150896	6730654	17700982	5457127	29715436	11801	5081700	1378565677	4730226	12699005	243700667	4400773	33475438	113964338	17759	10203169	36821749	1051201551	3220137	26328845	10434332	6760464	5043612	2656049	1117394729	280378	2657333	19048502	144236933	13651030	1648009565	32175224	49383346	17651103	5637022	781066	8276807	6280319	33755	17801897	6664449	1103704408	11021177	1229208573	19852364	226305	623164	5431752	2112076	10486941	1218917	42139	119878	22462173	45847	18455316	2107261123	460942269	9089738	71735329	10182222	7230193	637837815	1369295	711465045	105042	1648009565	1229208573	1365805	12119334	84979913	9992	64711821	47312719	41048766	2803106334	3390913	334017321	34938955	102046	28213017	38319	105413	99680655	313046	7989545217	215261	1768096	38222876	62378410	20152938	16069056
2023	107359	750491370	41454761	509398589	36749906	2414095	80856	482105978	10483751	45538401	2964300	47521	93316	26659922	9131761	10153958	13689450	11779946	14111034	23025776	171466990	6446596	1577059	399440	3185073	9178298	411106	64698	12244159	211140729	282336	458949	786385	2480244	5152421	40083484	100183707	8888822	167691	19658835	1410710000	31165654	28372687	105789731	6182885	52321152	850387	522331	5105525	4519904	11019931	154654	73038	1344976	10864042	83287273	1152944	66510	5946952	11331265	46164219	2137527754	3511607650	2384441485	248721385	924773523	17980083	114535772	349762722	3470390	48352528	1370286	128691692	448897545	1057033168	5583911	924145	68372286	54414	112630	2484789	68492000	3715483	33787914	38471	14405468	2697845	2153339	1847549	10407351	117081	56865	18124838	166506	826353	1408190184	7536100	10644851	917304254	3859686	11637398	9592186	4952212190	6858521511	1906309321	664395892	281190067	1241913429	84165	1438069596		5311538	90608707	45074049	385663	9849000	58984216	2839786	11439213	124516650	20330104	55339003	7099750	17423880	132530	46758	51712619	4853420	589889543	7664993	5773493	5493031	7305659	179285	657616517	1160824674	607774703	39846	22037000	3082002881	6498875200	2311472	2326296729	2871585	666430	1883710	678800	27515	37712505	38956	2457783	31195932	525994	797801454	129739759	38827	5891100497	1827816	23769127	552747	54133798	729077445	623529	3481145	45143	33635160	5022441	1248647	21104482	35126298	376954413	2963095	289870	26159867	227882945	6823613	17877117	5519601	29694614	11875	5200000	1387897706	5049269	12822134	247504495	4458759	33845617	114891199	17727	10389635	36687353	1078224044	3203792	26418204	10578174	6844146	5165775	2689224	1121315547	281118	2656032	19061062	143826130	13954471	1662580579	33702731	50042791	18077573	5917648	800005	8460512	6309624	33860	18358615	6623183	1131078494	11483374	1259889959	20031262	230871	628886	5426740	2120461	10536632	1230506	42749	119773	23594623	46198	19319064	2111139152	458602212	9304337	71702435	10389799	7364438	642397939	1384286	723911670	104597	1662580579	1259889959	1367510	12200431	85325965	9816	66617606	48656601	37732836	2809097616	3388081	336806231	35652307	101323	28300854	38985	104917	100352192	320409	8064057930	216663	1682668	39390799	63212384	20723965	16340822
2024	107995	769280888	42647492	521764076	37885849	2377128	81938	492612632	10986400	45696159	3033500	46765	93772	27196812	9177982	10202830	14047786	11858610	14462724	23548781	173562364	6441421	1588670	401283	3164253	9132629	417072	64636	12413315	211998573	282467	462721	791524	2521139	5330690	41288599	100061963	9005582	168126	19764771	1408975000	31934230	29123744	109276265	6332961	52886363	866628	524877	5129910	4539060	10979783	155967	74457	1358282	10905028	83516593	1168722	66205	5976992	11427557	46814308	2141122258	3552278604	2388319494	250281521	928263208	18135478	116538258	351161936	3535603	48848840	1372341	132059767	450228188	1081767572	5619911	928784	68551653	54681	113160	2538952	69226000	3699557	34427414	39329	14754785	2759988	2201352	1892516	10405134	117207	56836	18406359	167777	831087	1417841927	7524100	10825703	941413026	3866200	11772557	9562065	4979421568	6926222113	1946800545	676957651	283487931	1269842894	84160	1450935791		5395790	91567738	46042015	386506	9974400	58952704	2839175	11552876	123975371	20592571	56432944	7221868	17638801	134518	46843	51751065	4897263	594158638	7769819	5805962	5612817	7381023	179744	662186388	1187777591	624608098	40450	21916000	3120980912	6563501708	2337423	2328628339	2888278	677012	1866124	687000	26129	38081173	38631	2402306	31964956	527799	813146136	130861007	37548	5938893610	1824359	24478595	568847	54500091	741690916	623525	3524788	44278	34631766	5169395	1245779	21655286	35557673	381464223	3030131	292639	27032412	232679478	6916140	17993485	5572279	29651054	11947	5287500	1396877448	5281538	12931878	251269164	4515577	34217848	115843670	17695	10576502	36559233	1105951788	3203295	26498823	10694681	6929153	5289152	2722467	1128377826	281807	2857822	19051804	143533851	14256567	1677384532	35300280	50448963	18501984	6036860	819198	8642022	6338193	33977	19009151	6586476	1158863843	11943408	1291044964	20193405	235536	634431	5422069	2127400	10569709	1242822	43350	121354	24672760	46535	20299123	2114653077	459734030	9515236	71668011	10590927	7494498	647003746	1400638	736401764	104175	1677384532	1291044964	1368333	12277109	85518661	9646	68560157	50015092	37860221	2817912698	3386588	340110988	36361859	100616	28405543	39471	104377	100987686	327777	8141808945	218019	1594353	40583164	64007187	21314956	16634373
2025																																																																																																																																																																																																																																																																										
